state,temperature_K,frame,time_ns,backbone_rmsd_nm,rg_nm
0,300.0,0,0.05,0.097457185,0.9575303061556201
0,300.0,1,0.1,0.09734058,0.9622695124973442
0,300.0,2,0.15000000000000002,0.10256147,0.9603993847212983
0,300.0,3,0.2,0.09845553,0.9609606636863314
0,300.0,4,0.25,0.10133346,0.9593448630388632
0,300.0,5,0.30000000000000004,0.10148052,0.96180142031954
0,300.0,6,0.35000000000000003,0.10243797,0.9544959800083704
0,300.0,7,0.4,0.10350139,0.9565514475600642
0,300.0,8,0.45,0.10299673,0.9616584504603939
0,300.0,9,0.5,0.098598085,0.9556551623064857
0,300.0,10,0.55,0.0982016,0.9587383309421257
0,300.0,11,0.6000000000000001,0.09534553,0.9559856010703546
0,300.0,12,0.65,0.09728088,0.9586339273592787
0,300.0,13,0.7000000000000001,0.099516205,0.9562740152099364
0,300.0,14,0.75,0.09714176,0.9630805280225782
0,300.0,15,0.8,0.096366666,0.9626099108936611
0,300.0,16,0.8500000000000001,0.10339831,0.9529711816837453
0,300.0,17,0.9,0.09820337,0.9508603180886304
0,300.0,18,0.9500000000000001,0.0965105,0.9589541118866707
0,300.0,19,1.0,0.09835598,0.9571380507190347
0,300.0,20,1.05,0.10023841,0.9559809320609051
0,300.0,21,1.1,0.09739311,0.9538562187174257
0,300.0,22,1.1500000000000001,0.10416602,0.9548091097436068
0,300.0,23,1.2000000000000002,0.09441992,0.9582475862287672
0,300.0,24,1.25,0.1035667,0.961834049433924
0,300.0,25,1.3,0.09679485,0.9593881285756474
0,300.0,26,1.35,0.09652218,0.9561805747932473
0,300.0,27,1.4000000000000001,0.10431157,0.9606708631982888
0,300.0,28,1.4500000000000002,0.09664157,0.9630959564322388
0,300.0,29,1.5,0.10060705,0.9651360004528425
0,300.0,30,1.55,0.1018387,0.9585443358503056
0,300.0,31,1.6,0.09535917,0.961460557366223
0,300.0,32,1.6500000000000001,0.101834446,0.9567396709230158
0,300.0,33,1.7000000000000002,0.10254202,0.9576369478605785
0,300.0,34,1.75,0.09484227,0.9575978122802876
0,300.0,35,1.8,0.09875974,0.9610258160244612
0,300.0,36,1.85,0.098195426,0.9521944929984769
0,300.0,37,1.9000000000000001,0.10133603,0.9580772949266047
0,300.0,38,1.9500000000000002,0.09968507,0.9561538798585505
0,300.0,39,2.0,0.09997687,0.9517054927911437
0,300.0,40,2.0500000000000003,0.098236024,0.9570139055619993
0,300.0,41,2.1,0.10162053,0.958062229858087
0,300.0,42,2.15,0.10027992,0.9550286725100999
0,300.0,43,2.2,0.096772455,0.9601489701992152
0,300.0,44,2.25,0.09831454,0.9544541471751418
0,300.0,45,2.3000000000000003,0.096970245,0.958988586944266
0,300.0,46,2.35,0.09555717,0.9577908211099071
0,300.0,47,2.4000000000000004,0.102877975,0.9609697217560587
0,300.0,48,2.45,0.10024446,0.9602662883445924
0,300.0,49,2.5,0.09858137,0.960250670056443
0,300.0,50,2.5500000000000003,0.098226316,0.9631231157838568
0,300.0,51,2.6,0.09639725,0.954165909436584
0,300.0,52,2.6500000000000004,0.10821633,0.9661279000261532
0,300.0,53,2.7,0.09636846,0.9605014799850119
0,300.0,54,2.75,0.098222785,0.9620647333262807
0,300.0,55,2.8000000000000003,0.10405777,0.9571161423189157
0,300.0,56,2.85,0.10268481,0.9602737909473852
0,300.0,57,2.9000000000000004,0.10118963,0.9541873502737994
0,300.0,58,2.95,0.09994564,0.9587279325584737
0,300.0,59,3.0,0.10323719,0.961050583926123
0,300.0,60,3.0500000000000003,0.09461713,0.956720595283695
0,300.0,61,3.1,0.101265,0.9592746085868371
0,300.0,62,3.1500000000000004,0.10519796,0.962462609814797
0,300.0,63,3.2,0.101580426,0.9614076453474638
0,300.0,64,3.25,0.096467376,0.9542195240483068
0,300.0,65,3.3000000000000003,0.099059515,0.9617182668813956
0,300.0,66,3.35,0.10087556,0.9561953137991421
0,300.0,67,3.4000000000000004,0.10536019,0.962941642529446
0,300.0,68,3.45,0.10160517,0.9570986474383555
0,300.0,69,3.5,0.09541371,0.9582159084885788
0,300.0,70,3.5500000000000003,0.10108162,0.9622927285093199
0,300.0,71,3.6,0.09965028,0.9594676127724412
0,300.0,72,3.6500000000000004,0.10009733,0.9574334331563125
0,300.0,73,3.7,0.09821043,0.9602017981989239
0,300.0,74,3.75,0.09535008,0.9581698824664365
0,300.0,75,3.8000000000000003,0.1012513,0.9602289881970483
0,300.0,76,3.85,0.09850044,0.9582094926977462
0,300.0,77,3.9000000000000004,0.09404177,0.949092983177192
0,300.0,78,3.95,0.09294849,0.9569866087022068
0,300.0,79,4.0,0.103612736,0.9646421203218664
0,300.0,80,4.05,0.10058637,0.9612867077172346
0,300.0,81,4.1000000000000005,0.097109616,0.9574476214172726
0,300.0,82,4.15,0.10265272,0.9623800432775539
0,300.0,83,4.2,0.09927983,0.9590935832273391
0,300.0,84,4.25,0.10408359,0.9617501077137565
0,300.0,85,4.3,0.09762339,0.9516208344531577
0,300.0,86,4.3500000000000005,0.10142583,0.9577782312207577
0,300.0,87,4.4,0.10282234,0.963055077882109
0,300.0,88,4.45,0.09519811,0.9548577439252558
0,300.0,89,4.5,0.09792576,0.9608518624976365
0,300.0,90,4.55,0.10256654,0.9565486077378181
0,300.0,91,4.6000000000000005,0.09934966,0.9599246750205744
0,300.0,92,4.65,0.09366581,0.9580012602967536
0,300.0,93,4.7,0.10130352,0.9574634423877149
0,300.0,94,4.75,0.1026637,0.9597024887237906
0,300.0,95,4.800000000000001,0.09752121,0.9596554595448406
0,300.0,96,4.8500000000000005,0.099602416,0.9599404901262427
0,300.0,97,4.9,0.10476522,0.9486660079167022
0,300.0,98,4.95,0.093325496,0.9568200083693805
0,300.0,99,5.0,0.10187785,0.9582669941576758
0,300.0,100,5.050000000000001,0.10045786,0.9594450713564152
0,300.0,101,5.1000000000000005,0.10398025,0.9576217485649355
0,300.0,102,5.15,0.10470479,0.9574257456436035
0,300.0,103,5.2,0.09908839,0.9530135882075592
0,300.0,104,5.25,0.10391686,0.959232250134396
0,300.0,105,5.300000000000001,0.10378412,0.9663096194629348
0,300.0,106,5.3500000000000005,0.09482399,0.9604082247150373
0,300.0,107,5.4,0.099937834,0.957637114415786
0,300.0,108,5.45,0.095241815,0.9550860800847317
0,300.0,109,5.5,0.09916012,0.9609076972538156
0,300.0,110,5.550000000000001,0.09842383,0.9586214629801064
0,300.0,111,5.6000000000000005,0.10461781,0.9656826808880937
0,300.0,112,5.65,0.09941771,0.9572219585698292
0,300.0,113,5.7,0.09470505,0.9557746334447345
0,300.0,114,5.75,0.09947176,0.9586365963656147
0,300.0,115,5.800000000000001,0.099811964,0.9585034422121376
0,300.0,116,5.8500000000000005,0.10160603,0.9606193944059566
0,300.0,117,5.9,0.09945433,0.9521071418858987
0,300.0,118,5.95,0.09484501,0.9531990271201598
0,300.0,119,6.0,0.09654463,0.953847598762496
0,300.0,120,6.050000000000001,0.1018702,0.9552325955237119
0,300.0,121,6.1000000000000005,0.09577919,0.9568935498709641
0,300.0,122,6.15,0.099778086,0.9535371567578361
0,300.0,123,6.2,0.09779554,0.9534568472829847
0,300.0,124,6.25,0.104233414,0.9618485516379099
0,300.0,125,6.300000000000001,0.10104044,0.9626672751142785
0,300.0,126,6.3500000000000005,0.10224228,0.9501015137464367
0,300.0,127,6.4,0.09869564,0.9601502799874058
0,300.0,128,6.45,0.097710386,0.9604015346257029
0,300.0,129,6.5,0.09910502,0.9590884928165105
0,300.0,130,6.550000000000001,0.09938282,0.9609028207635952
0,300.0,131,6.6000000000000005,0.10005748,0.9611169652152939
0,300.0,132,6.65,0.09793728,0.956030331304212
0,300.0,133,6.7,0.098797485,0.9618010738073338
0,300.0,134,6.75,0.09424806,0.9590760711428584
0,300.0,135,6.800000000000001,0.098196305,0.9610472049977231
0,300.0,136,6.8500000000000005,0.098693885,0.9573899903773552
0,300.0,137,6.9,0.10007568,0.9568072230293656
0,300.0,138,6.95,0.10189998,0.9575570730635743
0,300.0,139,7.0,0.096127056,0.9553876543082245
0,300.0,140,7.050000000000001,0.103117034,0.9611228407597215
0,300.0,141,7.1000000000000005,0.099436894,0.9606898178835048
0,300.0,142,7.15,0.10046995,0.955686428203593
0,300.0,143,7.2,0.09616042,0.9612067049502215
0,300.0,144,7.25,0.09631626,0.9598958811693953
0,300.0,145,7.300000000000001,0.09844497,0.9584063005027994
0,300.0,146,7.3500000000000005,0.09726662,0.9622036836006691
0,300.0,147,7.4,0.099182844,0.9568694626622861
0,300.0,148,7.45,0.100337826,0.9603738122585076
0,300.0,149,7.5,0.10097263,0.9600681431940603
0,300.0,150,7.550000000000001,0.1012787,0.9636127890332982
0,300.0,151,7.6000000000000005,0.098487236,0.96147542219451
0,300.0,152,7.65,0.100846335,0.9592238946582617
0,300.0,153,7.7,0.099876225,0.965680819998155
0,300.0,154,7.75,0.10099323,0.9574456469215882
0,300.0,155,7.800000000000001,0.09936014,0.96110577037464
0,300.0,156,7.8500000000000005,0.10289146,0.9604495775753426
0,300.0,157,7.9,0.09731207,0.956744520837046
0,300.0,158,7.95,0.09811151,0.9583830171702211
0,300.0,159,8.0,0.092996046,0.9518833029799013
0,300.0,160,8.05,0.10065616,0.94821024938732
0,300.0,161,8.1,0.09506414,0.9550332670599178
0,300.0,162,8.15,0.09792576,0.9482651028811832
0,300.0,163,8.200000000000001,0.09843352,0.9557026132608116
0,300.0,164,8.25,0.095673226,0.9579510534623392
0,300.0,165,8.3,0.101517245,0.9533951200014097
0,300.0,166,8.35,0.09882995,0.9572953473095042
0,300.0,167,8.4,0.0994273,0.9599373830089547
0,300.0,168,8.450000000000001,0.100195155,0.9537026012255072
0,300.0,169,8.5,0.10302956,0.9624024052772086
0,300.0,170,8.55,0.10384926,0.9518697594945618
0,300.0,171,8.6,0.09809737,0.9482457154682755
0,300.0,172,8.65,0.09834364,0.9592161064140016
0,300.0,173,8.700000000000001,0.09911027,0.9595911688141785
0,300.0,174,8.75,0.09870179,0.9607205151676633
0,300.0,175,8.8,0.095987156,0.9486740714453762
0,300.0,176,8.85,0.103610225,0.9551866117383986
0,300.0,177,8.9,0.09617304,0.9603656543484949
0,300.0,178,8.950000000000001,0.10094859,0.9626303416255246
0,300.0,179,9.0,0.10050618,0.9596616236453589
0,300.0,180,9.05,0.096330665,0.9559381221597283
0,300.0,181,9.1,0.098390356,0.9582414762087271
0,300.0,182,9.15,0.10224652,0.9627566501674979
0,300.0,183,9.200000000000001,0.09594198,0.9521628564406478
0,300.0,184,9.25,0.09623432,0.960060470420418
0,300.0,185,9.3,0.101174206,0.9620394555472518
0,300.0,186,9.35,0.097220264,0.958351928445944
0,300.0,187,9.4,0.09429496,0.9514987025195197
0,300.0,188,9.450000000000001,0.09214848,0.947331645302732
0,300.0,189,9.5,0.09790717,0.949964706338523
0,300.0,190,9.55,0.09706408,0.9593877818884908
0,300.0,191,9.600000000000001,0.101471975,0.9598942016998778
0,300.0,192,9.65,0.10029634,0.9625793281600277
0,300.0,193,9.700000000000001,0.10053464,0.9615217822444843
0,300.0,194,9.75,0.099120766,0.9613841578505685
0,300.0,195,9.8,0.10102499,0.9501991091954838
0,300.0,196,9.850000000000001,0.10465096,0.9613618549647365
0,300.0,197,9.9,0.09842999,0.9495502710069085
0,300.0,198,9.950000000000001,0.09796471,0.9571843482631524
0,300.0,199,10.0,0.09947176,0.9600349374601785
0,300.0,200,10.05,0.10604914,0.9518824443109365
0,300.0,201,10.100000000000001,0.0979771,0.9624938154435073
0,300.0,202,10.15,0.10449841,0.9579177354075501
0,300.0,203,10.200000000000001,0.097941704,0.9623617872385979
0,300.0,204,10.25,0.09734325,0.9549623658038496
0,300.0,205,10.3,0.10070008,0.9567264333463128
0,300.0,206,10.350000000000001,0.10224652,0.9546427924671446
0,300.0,207,10.4,0.098021336,0.9581716854888253
0,300.0,208,10.450000000000001,0.103696376,0.9634020872917693
0,300.0,209,10.5,0.097312964,0.9548901341138214
0,300.0,210,10.55,0.09701852,0.9479782570649841
0,300.0,211,10.600000000000001,0.10403777,0.9592632313264765
0,300.0,212,10.65,0.100138895,0.962983054816634
0,300.0,213,10.700000000000001,0.10287544,0.9651306428421552
0,300.0,214,10.75,0.099319994,0.9591149769238888
0,300.0,215,10.8,0.10844362,0.9497344374922251
0,300.0,216,10.850000000000001,0.10079043,0.9622807433425333
0,300.0,217,10.9,0.095255464,0.9572371018665001
0,300.0,218,10.950000000000001,0.09864292,0.952399158278892
0,300.0,219,11.0,0.09829161,0.9617546649974896
0,300.0,220,11.05,0.09840269,0.9523623173638275
0,300.0,221,11.100000000000001,0.1023821,0.9619151741865349
0,300.0,222,11.15,0.09925712,0.9517937863922226
0,300.0,223,11.200000000000001,0.09696309,0.9570026619079762
0,300.0,224,11.25,0.103481285,0.9590142939054894
0,300.0,225,11.3,0.10449426,0.9538694565024555
0,300.0,226,11.350000000000001,0.10172712,0.9527121840686993
0,300.0,227,11.4,0.10258513,0.9602494697298813
0,300.0,228,11.450000000000001,0.09905252,0.9551214460180556
0,300.0,229,11.5,0.09654733,0.9503660360669997
0,300.0,230,11.55,0.09508694,0.9554324786194441
0,300.0,231,11.600000000000001,0.0975852,0.9595171380588061
0,300.0,232,11.65,0.10821713,0.9626523191353532
0,300.0,233,11.700000000000001,0.101274416,0.9634851821996849
0,300.0,234,11.75,0.10338824,0.9614459396739226
0,300.0,235,11.8,0.09526366,0.960577863274288
0,300.0,236,11.850000000000001,0.1000956,0.9525683746041672
0,300.0,237,11.9,0.10640336,0.9615172168748859
0,300.0,238,11.950000000000001,0.10403193,0.9603407667039745
0,300.0,239,12.0,0.103666276,0.9594471186572631
0,300.0,240,12.05,0.101516396,0.9606351676902816
0,300.0,241,12.100000000000001,0.09513525,0.9560968551464681
0,300.0,242,12.15,0.09910502,0.9615784328045679
0,300.0,243,12.200000000000001,0.09975983,0.9554377853075733
0,300.0,244,12.25,0.09796914,0.9575232396681687
0,300.0,245,12.3,0.09841678,0.9600897928456658
0,300.0,246,12.350000000000001,0.098639406,0.9525390448527351
0,300.0,247,12.4,0.10055447,0.9554291041992392
0,300.0,248,12.450000000000001,0.09886678,0.959011862277626
0,300.0,249,12.5,0.098620065,0.9553222759216655
0,300.0,250,12.55,0.10019429,0.9576866149856647
0,300.0,251,12.600000000000001,0.09806113,0.9578908880546579
0,300.0,252,12.65,0.09958587,0.9615333201206037
0,300.0,253,12.700000000000001,0.09835951,0.9591095625184068
0,300.0,254,12.75,0.10263583,0.9642159026200333
0,300.0,255,12.8,0.09739489,0.9493768720162424
0,300.0,256,12.850000000000001,0.09304638,0.959581296287158
0,300.0,257,12.9,0.097337015,0.9572154401209937
0,300.0,258,12.950000000000001,0.100668214,0.9590346301528974
0,300.0,259,13.0,0.10119134,0.9591054211350488
0,300.0,260,13.05,0.10057258,0.9587910288763752
0,300.0,261,13.100000000000001,0.09617214,0.9539604986096779
0,300.0,262,13.15,0.096998855,0.9586244758725379
0,300.0,263,13.200000000000001,0.09728891,0.960453654706345
0,300.0,264,13.25,0.09795321,0.9604120982517261
0,300.0,265,13.3,0.10056654,0.9588726195687101
0,300.0,266,13.350000000000001,0.09544732,0.9617310787815954
0,300.0,267,13.4,0.09548546,0.9597045073408165
0,300.0,268,13.450000000000001,0.10193316,0.9659858250638856
0,300.0,269,13.5,0.10116992,0.9638137268246574
0,300.0,270,13.55,0.09360377,0.9495814825661352
0,300.0,271,13.600000000000001,0.09867632,0.9516879185815132
0,300.0,272,13.65,0.09702119,0.9562985193451359
0,300.0,273,13.700000000000001,0.099175856,0.9623100127868813
0,300.0,274,13.75,0.09745807,0.9558521858689062
0,300.0,275,13.8,0.09842559,0.9604439258098907
0,300.0,276,13.850000000000001,0.096921064,0.9492589597437306
0,300.0,277,13.9,0.09497838,0.9615504354350529
0,300.0,278,13.950000000000001,0.09885451,0.9585137009319152
0,300.0,279,14.0,0.101337746,0.9580576493648677
0,300.0,280,14.05,0.09899824,0.9538782556590771
0,300.0,281,14.100000000000001,0.10048806,0.9608966379934105
0,300.0,282,14.15,0.09916624,0.9571043154507676
0,300.0,283,14.200000000000001,0.099805884,0.9588005841284928
0,300.0,284,14.25,0.103905186,0.9595633339629022
0,300.0,285,14.3,0.09885451,0.9513598798425833
0,300.0,286,14.350000000000001,0.096657716,0.9603773193570813
0,300.0,287,14.4,0.10396191,0.9551611256206575
0,300.0,288,14.450000000000001,0.09990139,0.9516811242428164
0,300.0,289,14.5,0.09714086,0.9573001913152018
0,300.0,290,14.55,0.09961111,0.9611010358391107
0,300.0,291,14.600000000000001,0.09950923,0.9603697347757503
0,300.0,292,14.65,0.10238549,0.9562289846740094
0,300.0,293,14.700000000000001,0.09685574,0.9582103485486395
0,300.0,294,14.75,0.097931966,0.9499367938743055
0,300.0,295,14.8,0.101665735,0.9615202909843431
0,300.0,296,14.850000000000001,0.0983877,0.9545997469193177
0,300.0,297,14.9,0.10129667,0.9600267197110498
0,300.0,298,14.950000000000001,0.09653565,0.9597777592445876
0,300.0,299,15.0,0.09947089,0.9531926267906674
0,300.0,300,15.05,0.0991505,0.9569881258077112
0,300.0,301,15.100000000000001,0.095934756,0.9625059376339011
0,300.0,302,15.15,0.09947263,0.9498726453626749
0,300.0,303,15.200000000000001,0.09831983,0.9544629973036373
0,300.0,304,15.25,0.0982872,0.9590565100702385
0,300.0,305,15.3,0.09451995,0.9566640856930541
0,300.0,306,15.350000000000001,0.09428117,0.9578720790739806
0,300.0,307,15.4,0.09814332,0.9583742581220777
0,300.0,308,15.450000000000001,0.099846706,0.959858782063708
0,300.0,309,15.5,0.09927022,0.9626103566673413
0,300.0,310,15.55,0.10872228,0.9636057232480483
0,300.0,311,15.600000000000001,0.10265948,0.9588252227724958
0,300.0,312,15.65,0.10244898,0.9595934799409657
0,300.0,313,15.700000000000001,0.10336728,0.9588957626114215
0,300.0,314,15.75,0.09764293,0.957836222569532
0,300.0,315,15.8,0.09636936,0.9546416824151019
0,300.0,316,15.850000000000001,0.099703334,0.9545775711596588
0,300.0,317,15.9,0.1002609,0.9561412275002094
0,300.0,318,15.950000000000001,0.107266806,0.9573676012886927
0,300.0,319,16.0,0.10671497,0.9581176027794207
0,300.0,320,16.05,0.100469075,0.9552503669210095
0,300.0,321,16.1,0.09737442,0.9576214523593751
0,300.0,322,16.150000000000002,0.1038359,0.9621293118566574
0,300.0,323,16.2,0.1017203,0.960643148892466
0,300.0,324,16.25,0.10203432,0.9522775539381743
0,300.0,325,16.3,0.09820337,0.9570589067178716
0,300.0,326,16.35,0.10079904,0.9561231579984001
0,300.0,327,16.400000000000002,0.102395646,0.9638012819621925
0,300.0,328,16.45,0.101638444,0.9581077523036633
0,300.0,329,16.5,0.1045573,0.9584293401865693
0,300.0,330,16.55,0.09732722,0.952524212668991
0,300.0,331,16.6,0.10780375,0.9617631759786566
0,300.0,332,16.650000000000002,0.1028156,0.9581718231225537
0,300.0,333,16.7,0.10123845,0.9571059309184556
0,300.0,334,16.75,0.10151383,0.9565202373750425
0,300.0,335,16.8,0.101660624,0.9523037515602586
0,300.0,336,16.85,0.10117078,0.9635044332369592
0,300.0,337,16.900000000000002,0.10118192,0.9596225606363583
0,300.0,338,16.95,0.09879222,0.9565056736143994
0,300.0,339,17.0,0.09983628,0.9569119584648803
0,300.0,340,17.05,0.09944038,0.9600792126378632
0,300.0,341,17.1,0.09829073,0.9580131990842742
0,300.0,342,17.150000000000002,0.09858578,0.9566418609289392
0,300.0,343,17.2,0.101990975,0.9644276410185292
0,300.0,344,17.25,0.10409191,0.9583908327400779
0,300.0,345,17.3,0.10173479,0.9610260187973836
0,300.0,346,17.35,0.092492186,0.9564497780910675
0,300.0,347,17.400000000000002,0.10526799,0.9582445539646532
0,300.0,348,17.45,0.103080034,0.9621885178164117
0,300.0,349,17.5,0.09861303,0.9587202302558844
0,300.0,350,17.55,0.09488157,0.9583916387874438
0,300.0,351,17.6,0.09609458,0.9551357406107371
0,300.0,352,17.650000000000002,0.10193996,0.9614711440209669
0,300.0,353,17.7,0.10505363,0.9574564943308597
0,300.0,354,17.75,0.097039066,0.9585822398811027
0,300.0,355,17.8,0.100182176,0.9601836560200426
0,300.0,356,17.85,0.10114421,0.9608003089424108
0,300.0,357,17.900000000000002,0.099153124,0.9572940710847491
0,300.0,358,17.95,0.10200883,0.959227400248393
0,300.0,359,18.0,0.09426921,0.9550665334444391
0,300.0,360,18.05,0.10243459,0.9562606381273971
0,300.0,361,18.1,0.09781238,0.9604229420715594
0,300.0,362,18.150000000000002,0.09952666,0.95330030862899
0,300.0,363,18.2,0.098427355,0.963994217553788
0,300.0,364,18.25,0.101656355,0.9582913421781912
0,300.0,365,18.3,0.09918197,0.9569104545278536
0,300.0,366,18.35,0.103113666,0.9547107109419352
0,300.0,367,18.400000000000002,0.10015102,0.9600216392419458
0,300.0,368,18.45,0.100758605,0.9543219975920213
0,300.0,369,18.5,0.099325225,0.9517948505029331
0,300.0,370,18.55,0.09670345,0.9531341849982449
0,300.0,371,18.6,0.102995045,0.9588431923735349
0,300.0,372,18.650000000000002,0.10216594,0.9606086091327386
0,300.0,373,18.7,0.0983216,0.958586584429671
0,300.0,374,18.75,0.10219309,0.960196534576952
0,300.0,375,18.8,0.09728445,0.9560005444946139
0,300.0,376,18.85,0.0974732,0.9614276770312816
0,300.0,377,18.900000000000002,0.10142497,0.9598168323199227
0,300.0,378,18.95,0.10359684,0.9619459561470882
0,300.0,379,19.0,0.09912776,0.9450589689486889
0,300.0,380,19.05,0.10059154,0.9549265144465883
0,300.0,381,19.1,0.10074397,0.9547533153848202
0,300.0,382,19.150000000000002,0.096680135,0.9486904103971825
0,300.0,383,19.200000000000003,0.10200628,0.9558363346915065
0,300.0,384,19.25,0.10110477,0.96007814399286
0,300.0,385,19.3,0.09530278,0.9465333628721503
0,300.0,386,19.35,0.09798329,0.9502903527933408
0,300.0,387,19.400000000000002,0.10085837,0.9527062943220442
0,300.0,388,19.450000000000003,0.10223974,0.968021354526659
0,300.0,389,19.5,0.10250059,0.9576924061363072
0,300.0,390,19.55,0.10578886,0.9595880165199946
0,300.0,391,19.6,0.10238464,0.9657733275467956
0,300.0,392,19.650000000000002,0.100206405,0.9607012577007621
0,300.0,393,19.700000000000003,0.09997253,0.9601306898867589
0,300.0,394,19.75,0.097075686,0.9543121327191795
0,300.0,395,19.8,0.1026637,0.9609579894027478
0,300.0,396,19.85,0.10193401,0.963484195883625
0,300.0,397,19.900000000000002,0.09205058,0.9564559477881863
0,300.0,398,19.950000000000003,0.099285066,0.9590073513680221
0,300.0,399,20.0,0.104923986,0.9582286086499764
1,314.1043362322153,0,0.05,0.10010339,0.956136777581288
1,314.1043362322153,1,0.1,0.09866577,0.9586135624398306
1,314.1043362322153,2,0.15000000000000002,0.09798064,0.9562323407243153
1,314.1043362322153,3,0.2,0.09671779,0.959479557780276
1,314.1043362322153,4,0.25,0.103578426,0.966165691501985
1,314.1043362322153,5,0.30000000000000004,0.09759942,0.959949948591766
1,314.1043362322153,6,0.35000000000000003,0.10297147,0.9628987980445977
1,314.1043362322153,7,0.4,0.095049545,0.9592362932141318
1,314.1043362322153,8,0.45,0.10399276,0.9556354495097747
1,314.1043362322153,9,0.5,0.09813802,0.9573785202643805
1,314.1043362322153,10,0.55,0.09661734,0.9570681971979823
1,314.1043362322153,11,0.6000000000000001,0.10016487,0.9540981431479157
1,314.1043362322153,12,0.65,0.098379776,0.9537805095734693
1,314.1043362322153,13,0.7000000000000001,0.10172371,0.9655776943425112
1,314.1043362322153,14,0.75,0.1040611,0.9559509319402504
1,314.1043362322153,15,0.8,0.097227395,0.9601221010744933
1,314.1043362322153,16,0.8500000000000001,0.09501214,0.957726294202961
1,314.1043362322153,17,0.9,0.10406776,0.9586451125926654
1,314.1043362322153,18,0.9500000000000001,0.09484775,0.9507268276878907
1,314.1043362322153,19,1.0,0.10229145,0.9602727341443504
1,314.1043362322153,20,1.05,0.099710286,0.9552924241229139
1,314.1043362322153,21,1.1,0.102951266,0.9612742458658613
1,314.1043362322153,22,1.1500000000000001,0.09611803,0.9572084954162801
1,314.1043362322153,23,1.2000000000000002,0.10071385,0.9567349027660786
1,314.1043362322153,24,1.25,0.0945823,0.9568446362080205
1,314.1043362322153,25,1.3,0.102132834,0.9561775251367314
1,314.1043362322153,26,1.35,0.09462354,0.9561376801938671
1,314.1043362322153,27,1.4000000000000001,0.09891588,0.9526491126578293
1,314.1043362322153,28,1.4500000000000002,0.10060533,0.9562157202089543
1,314.1043362322153,29,1.5,0.093486995,0.9543580155094868
1,314.1043362322153,30,1.55,0.09425357,0.9580035708241501
1,314.1043362322153,31,1.6,0.09987275,0.9599213290070823
1,314.1043362322153,32,1.6500000000000001,0.09767489,0.957372943084552
1,314.1043362322153,33,1.7000000000000002,0.09540007,0.9554784793069658
1,314.1043362322153,34,1.75,0.09589137,0.957499570981979
1,314.1043362322153,35,1.8,0.10426917,0.9628409988169345
1,314.1043362322153,36,1.85,0.10025311,0.9584062342885279
1,314.1043362322153,37,1.9000000000000001,0.09401227,0.9580624012280231
1,314.1043362322153,38,1.9500000000000002,0.100183904,0.9600583519411291
1,314.1043362322153,39,2.0,0.101215325,0.9551302319684082
1,314.1043362322153,40,2.0500000000000003,0.09495099,0.9546530532521091
1,314.1043362322153,41,2.1,0.10153005,0.9637278922546596
1,314.1043362322153,42,2.15,0.092945695,0.9561140946799173
1,314.1043362322153,43,2.2,0.101506144,0.9626300295746216
1,314.1043362322153,44,2.25,0.10721749,0.9655734271784174
1,314.1043362322153,45,2.3000000000000003,0.10049324,0.9607230124721099
1,314.1043362322153,46,2.35,0.09853739,0.9600523887182341
1,314.1043362322153,47,2.4000000000000004,0.10077324,0.9631517327554487
1,314.1043362322153,48,2.45,0.106811605,0.9587946630598825
1,314.1043362322153,49,2.5,0.09709891,0.9612683080263597
1,314.1043362322153,50,2.5500000000000003,0.09479564,0.9538503072199789
1,314.1043362322153,51,2.6,0.10334379,0.960171394857304
1,314.1043362322153,52,2.6500000000000004,0.10652307,0.9629415435393034
1,314.1043362322153,53,2.7,0.101588964,0.9594141691809289
1,314.1043362322153,54,2.75,0.1043473,0.9565814236147148
1,314.1043362322153,55,2.8000000000000003,0.092372134,0.9560084175809048
1,314.1043362322153,56,2.85,0.100725904,0.9572742323166704
1,314.1043362322153,57,2.9000000000000004,0.09903151,0.957977704958195
1,314.1043362322153,58,2.95,0.10155055,0.9576234810058671
1,314.1043362322153,59,3.0,0.094470404,0.9527032871112381
1,314.1043362322153,60,3.0500000000000003,0.09929991,0.9589504229470728
1,314.1043362322153,61,3.1,0.10238125,0.9631329235680536
1,314.1043362322153,62,3.1500000000000004,0.10385761,0.964271111311195
1,314.1043362322153,63,3.2,0.09754433,0.9556913821572137
1,314.1043362322153,64,3.25,0.09466477,0.9549060254705304
1,314.1043362322153,65,3.3000000000000003,0.09693537,0.956534368280208
1,314.1043362322153,66,3.35,0.10100611,0.9589771781140368
1,314.1043362322153,67,3.4000000000000004,0.10296474,0.9578475209754455
1,314.1043362322153,68,3.45,0.10052946,0.9630183953835484
1,314.1043362322153,69,3.5,0.10269072,0.9528513322977565
1,314.1043362322153,70,3.5500000000000003,0.09785314,0.9582417829931109
1,314.1043362322153,71,3.6,0.10119991,0.9594627952221334
1,314.1043362322153,72,3.6500000000000004,0.095178984,0.9604434427738863
1,314.1043362322153,73,3.7,0.09791071,0.9564242114676221
1,314.1043362322153,74,3.75,0.09736818,0.9604065805497812
1,314.1043362322153,75,3.8000000000000003,0.10276836,0.9612809347538062
1,314.1043362322153,76,3.85,0.096529365,0.9610542399999547
1,314.1043362322153,77,3.9000000000000004,0.099793725,0.9620983246082321
1,314.1043362322153,78,3.95,0.09513981,0.9573748392731792
1,314.1043362322153,79,4.0,0.09535826,0.9489660959764132
1,314.1043362322153,80,4.05,0.09397906,0.9606095801724645
1,314.1043362322153,81,4.1000000000000005,0.10396441,0.9627091122928859
1,314.1043362322153,82,4.15,0.10135828,0.9611155301606541
1,314.1043362322153,83,4.2,0.10126072,0.9555606187630075
1,314.1043362322153,84,4.25,0.0977166,0.9597181727136078
1,314.1043362322153,85,4.3,0.09904026,0.9629510193284557
1,314.1043362322153,86,4.3500000000000005,0.09776982,0.9555863009818968
1,314.1043362322153,87,4.4,0.10511881,0.9597610212943407
1,314.1043362322153,88,4.45,0.09943079,0.9580390621990369
1,314.1043362322153,89,4.5,0.09958239,0.9608636278406756
1,314.1043362322153,90,4.55,0.09781238,0.9543406088353891
1,314.1043362322153,91,4.6000000000000005,0.095156215,0.9565973289213429
1,314.1043362322153,92,4.65,0.09745184,0.9603087702823914
1,314.1043362322153,93,4.7,0.098001875,0.9578867640955046
1,314.1043362322153,94,4.75,0.096833356,0.9593653330687549
1,314.1043362322153,95,4.800000000000001,0.09899298,0.9628885497466743
1,314.1043362322153,96,4.8500000000000005,0.10079818,0.9509675209949766
1,314.1043362322153,97,4.9,0.09871584,0.9594505274391594
1,314.1043362322153,98,4.95,0.09572668,0.957297047984966
1,314.1043362322153,99,5.0,0.10256992,0.9529305049081656
1,314.1043362322153,100,5.050000000000001,0.09702656,0.9555534826433828
1,314.1043362322153,101,5.1000000000000005,0.10276245,0.9542538056867707
1,314.1043362322153,102,5.15,0.10257922,0.9587316548131265
1,314.1043362322153,103,5.2,0.099846706,0.9597780648671151
1,314.1043362322153,104,5.25,0.09936537,0.9563169995490843
1,314.1043362322153,105,5.300000000000001,0.0927253,0.948254576371685
1,314.1043362322153,106,5.3500000000000005,0.096040435,0.9559559300447161
1,314.1043362322153,107,5.4,0.1039544,0.9597975385872404
1,314.1043362322153,108,5.45,0.09758609,0.9586211556251162
1,314.1043362322153,109,5.5,0.09821131,0.9533537120956798
1,314.1043362322153,110,5.550000000000001,0.10135229,0.9563727745882277
1,314.1043362322153,111,5.6000000000000005,0.097551435,0.9559332168068464
1,314.1043362322153,112,5.65,0.10030413,0.9538845687129431
1,314.1043362322153,113,5.7,0.0989115,0.9583968145804185
1,314.1043362322153,114,5.75,0.10293358,0.9494192093487027
1,314.1043362322153,115,5.800000000000001,0.10230417,0.9504268348129937
1,314.1043362322153,116,5.8500000000000005,0.09841326,0.9554094106605071
1,314.1043362322153,117,5.9,0.09095053,0.9565143887694331
1,314.1043362322153,118,5.95,0.096609265,0.9598770990172802
1,314.1043362322153,119,6.0,0.09544369,0.9587445696803314
1,314.1043362322153,120,6.050000000000001,0.1021201,0.9616980069962725
1,314.1043362322153,121,6.1000000000000005,0.10032919,0.9611691863620213
1,314.1043362322153,122,6.15,0.10136854,0.9600370075634104
1,314.1043362322153,123,6.2,0.0971721,0.9630572374022242
1,314.1043362322153,124,6.25,0.104245886,0.9550754808272521
1,314.1043362322153,125,6.300000000000001,0.09795675,0.9516768974068498
1,314.1043362322153,126,6.3500000000000005,0.09548728,0.9580919154911353
1,314.1043362322153,127,6.4,0.10456973,0.9609927114505278
1,314.1043362322153,128,6.45,0.09612886,0.9495389894776509
1,314.1043362322153,129,6.5,0.09687991,0.9564856817223055
1,314.1043362322153,130,6.550000000000001,0.10256738,0.9587402421821022
1,314.1043362322153,131,6.6000000000000005,0.101540305,0.9560329638938967
1,314.1043362322153,132,6.65,0.1010207,0.9575855400253975
1,314.1043362322153,133,6.7,0.09600432,0.9600987806003363
1,314.1043362322153,134,6.75,0.10181827,0.9603593422630214
1,314.1043362322153,135,6.800000000000001,0.0982016,0.9525276157197368
1,314.1043362322153,136,6.8500000000000005,0.09396891,0.958947034084257
1,314.1043362322153,137,6.9,0.10113049,0.9592190989451234
1,314.1043362322153,138,6.95,0.0982122,0.9589777519837188
1,314.1043362322153,139,7.0,0.09675364,0.9542819683636237
1,314.1043362322153,140,7.050000000000001,0.09986667,0.9591323979868497
1,314.1043362322153,141,7.1000000000000005,0.096529365,0.9599027592052157
1,314.1043362322153,142,7.15,0.105439976,0.9567055146820099
1,314.1043362322153,143,7.2,0.10002195,0.9600935570500355
1,314.1043362322153,144,7.25,0.10847079,0.9602866029785473
1,314.1043362322153,145,7.300000000000001,0.09820778,0.9622357359611408
1,314.1043362322153,146,7.3500000000000005,0.10305227,0.9585780125519962
1,314.1043362322153,147,7.4,0.10286617,0.9472401533455115
1,314.1043362322153,148,7.45,0.10073451,0.959094955445504
1,314.1043362322153,149,7.5,0.0978992,0.9555209198516312
1,314.1043362322153,150,7.550000000000001,0.10027386,0.9504002720973258
1,314.1043362322153,151,7.6000000000000005,0.098639406,0.9594036009165403
1,314.1043362322153,152,7.65,0.10280463,0.949914944813576
1,314.1043362322153,153,7.7,0.1018336,0.9606505796044841
1,314.1043362322153,154,7.75,0.10054671,0.947064447717974
1,314.1043362322153,155,7.800000000000001,0.099497035,0.9663537751119669
1,314.1043362322153,156,7.8500000000000005,0.09687991,0.9552786148525498
1,314.1043362322153,157,7.9,0.0971721,0.9548960695090536
1,314.1043362322153,158,7.95,0.10392854,0.9483114435814608
1,314.1043362322153,159,8.0,0.09934966,0.9576624232370896
1,314.1043362322153,160,8.05,0.1013711,0.9603835686315932
1,314.1043362322153,161,8.1,0.102238044,0.9635537389049399
1,314.1043362322153,162,8.15,0.1020734,0.961187893032567
1,314.1043362322153,163,8.200000000000001,0.10523998,0.9502746806709261
1,314.1043362322153,164,8.25,0.101524934,0.9513400252334481
1,314.1043362322153,165,8.3,0.104131885,0.9502335076187912
1,314.1043362322153,166,8.35,0.10188722,0.9472649493315062
1,314.1043362322153,167,8.4,0.10839404,0.9559427583182002
1,314.1043362322153,168,8.450000000000001,0.099978596,0.957700051889215
1,314.1043362322153,169,8.5,0.10675883,0.9533131133797316
1,314.1043362322153,170,8.55,0.09826779,0.9621793295017887
1,314.1043362322153,171,8.6,0.099269345,0.958304643414072
1,314.1043362322153,172,8.65,0.1010207,0.9529878425481915
1,314.1043362322153,173,8.700000000000001,0.09684768,0.9465070907612807
1,314.1043362322153,174,8.75,0.09945171,0.9527838229546682
1,314.1043362322153,175,8.8,0.0985154,0.9595189417277654
1,314.1043362322153,176,8.85,0.09811593,0.9578774108426816
1,314.1043362322153,177,8.9,0.10454735,0.947786636696813
1,314.1043362322153,178,8.950000000000001,0.10422842,0.9491080982402412
1,314.1043362322153,179,9.0,0.096639775,0.9515932813593118
1,314.1043362322153,180,9.05,0.103068255,0.9511475941424051
1,314.1043362322153,181,9.1,0.1002289,0.9547507207739897
1,314.1043362322153,182,9.15,0.09952927,0.9516466848359977
1,314.1043362322153,183,9.200000000000001,0.09845025,0.9493131003987568
1,314.1043362322153,184,9.25,0.10445443,0.9526661487661415
1,314.1043362322153,185,9.3,0.09883609,0.9505411133142562
1,314.1043362322153,186,9.35,0.10409358,0.9528362798510802
1,314.1043362322153,187,9.4,0.099415086,0.9568090397939798
1,314.1043362322153,188,9.450000000000001,0.09829867,0.9627613922710624
1,314.1043362322153,189,9.5,0.09797444,0.9559928746107659
1,314.1043362322153,190,9.55,0.09721937,0.9524981748832864
1,314.1043362322153,191,9.600000000000001,0.102789454,0.9554674753838406
1,314.1043362322153,192,9.65,0.105305865,0.9550108147698869
1,314.1043362322153,193,9.700000000000001,0.09942294,0.9520067044130516
1,314.1043362322153,194,9.75,0.10043628,0.9502769007050412
1,314.1043362322153,195,9.8,0.10258682,0.9606719243159579
1,314.1043362322153,196,9.850000000000001,0.10078097,0.952721791461917
1,314.1043362322153,197,9.9,0.09987448,0.9586251425962927
1,314.1043362322153,198,9.950000000000001,0.09744028,0.9598706190004423
1,314.1043362322153,199,10.0,0.10035338,0.9636976280394554
1,314.1043362322153,200,10.05,0.10310862,0.962929400331041
1,314.1043362322153,201,10.100000000000001,0.10039484,0.948510362922417
1,314.1043362322153,202,10.15,0.09533644,0.9469775307857246
1,314.1043362322153,203,10.200000000000001,0.10272786,0.9536839095694738
1,314.1043362322153,204,10.25,0.1012513,0.9469507360823414
1,314.1043362322153,205,10.3,0.10578804,0.9534729061362419
1,314.1043362322153,206,10.350000000000001,0.099262364,0.955163269587224
1,314.1043362322153,207,10.4,0.09771127,0.9581764956896045
1,314.1043362322153,208,10.450000000000001,0.099938706,0.952242430666019
1,314.1043362322153,209,10.5,0.095352806,0.9573717732618262
1,314.1043362322153,210,10.55,0.09642872,0.9596039468514492
1,314.1043362322153,211,10.600000000000001,0.093621366,0.949651256412595
1,314.1043362322153,212,10.65,0.096715994,0.9555368491087783
1,314.1043362322153,213,10.700000000000001,0.09699349,0.9512897356079564
1,314.1043362322153,214,10.75,0.1033765,0.9545003016482578
1,314.1043362322153,215,10.8,0.09821661,0.9599588674605503
1,314.1043362322153,216,10.850000000000001,0.09367137,0.9500935468869647
1,314.1043362322153,217,10.9,0.108245164,0.9489483366563998
1,314.1043362322153,218,10.950000000000001,0.09771305,0.9487477908250807
1,314.1043362322153,219,11.0,0.09455847,0.9499650111577999
1,314.1043362322153,220,11.05,0.10463521,0.9642641831793304
1,314.1043362322153,221,11.100000000000001,0.09655181,0.9504818974094351
1,314.1043362322153,222,11.15,0.105028875,0.9648568461721294
1,314.1043362322153,223,11.200000000000001,0.10447849,0.9608814841093526
1,314.1043362322153,224,11.25,0.102167636,0.9548244147286213
1,314.1043362322153,225,11.3,0.0971935,0.9573318989813574
1,314.1043362322153,226,11.350000000000001,0.09431794,0.9448007329369177
1,314.1043362322153,227,11.4,0.10318091,0.9488028649061812
1,314.1043362322153,228,11.450000000000001,0.105122104,0.9486515609884463
1,314.1043362322153,229,11.5,0.09602689,0.9492705393327193
1,314.1043362322153,230,11.55,0.10316242,0.955065418836815
1,314.1043362322153,231,11.600000000000001,0.09737352,0.9581064852169733
1,314.1043362322153,232,11.65,0.09930079,0.9567001843703714
1,314.1043362322153,233,11.700000000000001,0.09887029,0.9552818765079405
1,314.1043362322153,234,11.75,0.099447355,0.9514667801027862
1,314.1043362322153,235,11.8,0.09991875,0.9586272873413628
1,314.1043362322153,236,11.850000000000001,0.10010339,0.9574388390258408
1,314.1043362322153,237,11.9,0.097154245,0.9465286532833684
1,314.1043362322153,238,11.950000000000001,0.093991056,0.9418886139792451
1,314.1043362322153,239,12.0,0.09915924,0.945914154093125
1,314.1043362322153,240,12.05,0.09689959,0.954250397986738
1,314.1043362322153,241,12.100000000000001,0.10471141,0.9490316755145273
1,314.1043362322153,242,12.15,0.097588755,0.9588182225190099
1,314.1043362322153,243,12.200000000000001,0.096339665,0.9462440102066225
1,314.1043362322153,244,12.25,0.09774677,0.9437648615915254
1,314.1043362322153,245,12.3,0.102639206,0.9596706751842592
1,314.1043362322153,246,12.350000000000001,0.09941335,0.9553446821728309
1,314.1043362322153,247,12.4,0.09669,0.9517818758062407
1,314.1043362322153,248,12.450000000000001,0.103685506,0.9500074464895477
1,314.1043362322153,249,12.5,0.09889397,0.9544333164692024
1,314.1043362322153,250,12.55,0.100462176,0.955721958929688
1,314.1043362322153,251,12.600000000000001,0.09448968,0.9548110609416559
1,314.1043362322153,252,12.65,0.10269325,0.9580593964889754
1,314.1043362322153,253,12.700000000000001,0.09782833,0.9527542319862474
1,314.1043362322153,254,12.75,0.10243544,0.9536838754287794
1,314.1043362322153,255,12.8,0.10392854,0.9648002236822325
1,314.1043362322153,256,12.850000000000001,0.10017179,0.9454634845233113
1,314.1043362322153,257,12.9,0.10021419,0.9549323984458797
1,314.1043362322153,258,12.950000000000001,0.10358595,0.9594087141233945
1,314.1043362322153,259,13.0,0.10162053,0.9455614921204958
1,314.1043362322153,260,13.05,0.10069663,0.9591150202484172
1,314.1043362322153,261,13.100000000000001,0.09848459,0.9456233576855244
1,314.1043362322153,262,13.15,0.09822456,0.9553905254958086
1,314.1043362322153,263,13.200000000000001,0.09410629,0.9525788748394495
1,314.1043362322153,264,13.25,0.1038743,0.9474965027499974
1,314.1043362322153,265,13.3,0.1002609,0.9473692583822165
1,314.1043362322153,266,13.350000000000001,0.09935403,0.955017210105956
1,314.1043362322153,267,13.4,0.09826691,0.9612281700834783
1,314.1043362322153,268,13.450000000000001,0.09226507,0.9509493457530107
1,314.1043362322153,269,13.5,0.098929904,0.9508276231545021
1,314.1043362322153,270,13.55,0.10276668,0.9621434541852588
1,314.1043362322153,271,13.600000000000001,0.10557556,0.960969777698185
1,314.1043362322153,272,13.65,0.10101126,0.9489743105739656
1,314.1043362322153,273,13.700000000000001,0.097717494,0.9575487288814998
1,314.1043362322153,274,13.75,0.0978682,0.9509510285544799
1,314.1043362322153,275,13.8,0.107068606,0.9464993270518062
1,314.1043362322153,276,13.850000000000001,0.10574131,0.9513662088045373
1,314.1043362322153,277,13.9,0.09423425,0.949929715061554
1,314.1043362322153,278,13.950000000000001,0.10786083,0.9518784240069641
1,314.1043362322153,279,14.0,0.10226941,0.9570639111549922
1,314.1043362322153,280,14.05,0.10378162,0.9609601068372186
1,314.1043362322153,281,14.100000000000001,0.09968333,0.9569896487575899
1,314.1043362322153,282,14.15,0.10098637,0.959250665078758
1,314.1043362322153,283,14.200000000000001,0.106420465,0.9481242127661845
1,314.1043362322153,284,14.25,0.104857035,0.9481673216717977
1,314.1043362322153,285,14.3,0.10216848,0.9656753450859065
1,314.1043362322153,286,14.350000000000001,0.101569325,0.9505218504420566
1,314.1043362322153,287,14.4,0.09918984,0.9575302431605115
1,314.1043362322153,288,14.450000000000001,0.09451078,0.953222099487041
1,314.1043362322153,289,14.5,0.105136134,0.952925428032914
1,314.1043362322153,290,14.55,0.10248621,0.9539572032795764
1,314.1043362322153,291,14.600000000000001,0.10056568,0.9579333033807
1,314.1043362322153,292,14.65,0.09755766,0.9558586619903032
1,314.1043362322153,293,14.700000000000001,0.10094859,0.9544170088697339
1,314.1043362322153,294,14.75,0.09913826,0.9586446369810844
1,314.1043362322153,295,14.8,0.09713283,0.9498165000018749
1,314.1043362322153,296,14.850000000000001,0.10680593,0.9618216764295721
1,314.1043362322153,297,14.9,0.09337286,0.9573352278507642
1,314.1043362322153,298,14.950000000000001,0.09842999,0.9493788967733543
1,314.1043362322153,299,15.0,0.09880714,0.9595296764671347
1,314.1043362322153,300,15.05,0.09886854,0.9532726791569411
1,314.1043362322153,301,15.100000000000001,0.10230247,0.9505478428303114
1,314.1043362322153,302,15.15,0.10567488,0.9584223801692332
1,314.1043362322153,303,15.200000000000001,0.09997513,0.9621230831465126
1,314.1043362322153,304,15.25,0.09829955,0.9603264614702804
1,314.1043362322153,305,15.3,0.09435746,0.9441930214387063
1,314.1043362322153,306,15.350000000000001,0.10423591,0.9636025396508486
1,314.1043362322153,307,15.4,0.10261133,0.9515813580737332
1,314.1043362322153,308,15.450000000000001,0.09520631,0.9595469657865398
1,314.1043362322153,309,15.5,0.09811151,0.9568528598574539
1,314.1043362322153,310,15.55,0.09346473,0.9551301806136563
1,314.1043362322153,311,15.600000000000001,0.0968808,0.9478821790347559
1,314.1043362322153,312,15.65,0.10117763,0.9518175371837367
1,314.1043362322153,313,15.700000000000001,0.10060102,0.9597868475853871
1,314.1043362322153,314,15.75,0.10373232,0.9545337531091513
1,314.1043362322153,315,15.8,0.09927546,0.9616170535130159
1,314.1043362322153,316,15.850000000000001,0.10272026,0.9585669487032507
1,314.1043362322153,317,15.9,0.1017595,0.9578067492346998
1,314.1043362322153,318,15.950000000000001,0.09966245,0.9551407034613274
1,314.1043362322153,319,16.0,0.094926335,0.9600672902995341
1,314.1043362322153,320,16.05,0.10018304,0.9588191497659185
1,314.1043362322153,321,16.1,0.10155311,0.9515084792874592
1,314.1043362322153,322,16.150000000000002,0.095880516,0.9608769487873147
1,314.1043362322153,323,16.2,0.10021246,0.9532159537223763
1,314.1043362322153,324,16.25,0.10074656,0.9566724205355147
1,314.1043362322153,325,16.3,0.10167682,0.9564597369764135
1,314.1043362322153,326,16.35,0.10302114,0.9620814745287887
1,314.1043362322153,327,16.400000000000002,0.09981457,0.9558440405299972
1,314.1043362322153,328,16.45,0.096236125,0.9605794050758042
1,314.1043362322153,329,16.5,0.099063896,0.9550927008470073
1,314.1043362322153,330,16.55,0.10174842,0.95444699229385
1,314.1043362322153,331,16.6,0.10020294,0.9520276865168089
1,314.1043362322153,332,16.650000000000002,0.09536462,0.9515641913177566
1,314.1043362322153,333,16.7,0.09630727,0.950524334041295
1,314.1043362322153,334,16.75,0.1064506,0.9566054474114254
1,314.1043362322153,335,16.8,0.092877574,0.9583814770633037
1,314.1043362322153,336,16.85,0.09961111,0.9545011698638811
1,314.1043362322153,337,16.900000000000002,0.097857565,0.9470742358434076
1,314.1043362322153,338,16.95,0.10205386,0.9565431509453838
1,314.1043362322153,339,17.0,0.10394189,0.9518537568848972
1,314.1043362322153,340,17.05,0.096916586,0.9534478848754746
1,314.1043362322153,341,17.1,0.0975461,0.953275454228073
1,314.1043362322153,342,17.150000000000002,0.10342178,0.9618262403387048
1,314.1043362322153,343,17.2,0.09448417,0.9539794747875805
1,314.1043362322153,344,17.25,0.096714206,0.9550681160576195
1,314.1043362322153,345,17.3,0.10307498,0.9577183595424833
1,314.1043362322153,346,17.35,0.1082764,0.9623574662622557
1,314.1043362322153,347,17.400000000000002,0.095020354,0.9593791297732018
1,314.1043362322153,348,17.45,0.10566913,0.9578343682061747
1,314.1043362322153,349,17.5,0.09719529,0.9480509722021669
1,314.1043362322153,350,17.55,0.09863237,0.9536282900750221
1,314.1043362322153,351,17.6,0.1018055,0.952264147397055
1,314.1043362322153,352,17.650000000000002,0.10260457,0.9517920450621936
1,314.1043362322153,353,17.7,0.095876,0.957470631244151
1,314.1043362322153,354,17.75,0.096426025,0.961770836893147
1,314.1043362322153,355,17.8,0.09344711,0.9568025017279245
1,314.1043362322153,356,17.85,0.09907003,0.96114069565396
1,314.1043362322153,357,17.900000000000002,0.09323348,0.9581528461256533
1,314.1043362322153,358,17.95,0.09797887,0.9596962007622817
1,314.1043362322153,359,18.0,0.10387764,0.9497971613215102
1,314.1043362322153,360,18.05,0.09465469,0.956508376423228
1,314.1043362322153,361,18.1,0.09820337,0.9474547737341418
1,314.1043362322153,362,18.150000000000002,0.10421012,0.9603385915412198
1,314.1043362322153,363,18.2,0.10229485,0.9476712285847759
1,314.1043362322153,364,18.25,0.09878169,0.9593708946190956
1,314.1043362322153,365,18.3,0.09291304,0.9445248499347516
1,314.1043362322153,366,18.35,0.09611443,0.9536983930755507
1,314.1043362322153,367,18.400000000000002,0.09432529,0.9550129443842368
1,314.1043362322153,368,18.45,0.103152335,0.9607653324616113
1,314.1043362322153,369,18.5,0.09410536,0.951313642538224
1,314.1043362322153,370,18.55,0.099502265,0.9571390059655119
1,314.1043362322153,371,18.6,0.10304302,0.9561439468981889
1,314.1043362322153,372,18.650000000000002,0.097513214,0.9551555977318232
1,314.1043362322153,373,18.7,0.09692196,0.9533745275295262
1,314.1043362322153,374,18.75,0.10142925,0.9518492993576204
1,314.1043362322153,375,18.8,0.093706526,0.9590419061326185
1,314.1043362322153,376,18.85,0.10074742,0.957478663290701
1,314.1043362322153,377,18.900000000000002,0.09783631,0.953742627655279
1,314.1043362322153,378,18.95,0.10465179,0.9547505874420338
1,314.1043362322153,379,19.0,0.096246034,0.9567067481992245
1,314.1043362322153,380,19.05,0.09752654,0.9505575173850963
1,314.1043362322153,381,19.1,0.099080525,0.9497077359431986
1,314.1043362322153,382,19.150000000000002,0.098631494,0.9570325922092578
1,314.1043362322153,383,19.200000000000003,0.0968056,0.9496401439347087
1,314.1043362322153,384,19.25,0.09826338,0.9485670726227782
1,314.1043362322153,385,19.3,0.09800718,0.9606061330623069
1,314.1043362322153,386,19.35,0.103053115,0.962440697382002
1,314.1043362322153,387,19.400000000000002,0.09498203,0.959489400155217
1,314.1043362322153,388,19.450000000000003,0.09984236,0.9484676383505205
1,314.1043362322153,389,19.5,0.09739934,0.9488507510639502
1,314.1043362322153,390,19.55,0.09823691,0.9648745042917102
1,314.1043362322153,391,19.6,0.09987709,0.9546206729662308
1,314.1043362322153,392,19.650000000000002,0.0994552,0.9632118069012561
1,314.1043362322153,393,19.700000000000003,0.09402149,0.9581059645777564
1,314.1043362322153,394,19.75,0.1003145,0.9580572366888607
1,314.1043362322153,395,19.8,0.09758787,0.949458490680904
1,314.1043362322153,396,19.85,0.10030672,0.959068442765136
1,314.1043362322153,397,19.900000000000002,0.10487936,0.9587555758591398
1,314.1043362322153,398,19.950000000000003,0.1020717,0.9482162004989986
1,314.1043362322153,399,20.0,0.10345363,0.9518960047646743
2,329.0632268572581,0,0.05,0.099021,0.9603020510145346
2,329.0632268572581,1,0.1,0.095725775,0.9570220885973965
2,329.0632268572581,2,0.15000000000000002,0.098512754,0.9612727711036081
2,329.0632268572581,3,0.2,0.09489345,0.9516843481019667
2,329.0632268572581,4,0.25,0.10262484,0.9628615808234966
2,329.0632268572581,5,0.30000000000000004,0.09996733,0.9633378080500649
2,329.0632268572581,6,0.35000000000000003,0.101322345,0.9596720227997194
2,329.0632268572581,7,0.4,0.10495043,0.9623041051761382
2,329.0632268572581,8,0.45,0.09947525,0.9568879876763519
2,329.0632268572581,9,0.5,0.1040386,0.9582284308473861
2,329.0632268572581,10,0.55,0.0987931,0.9611926410886795
2,329.0632268572581,11,0.6000000000000001,0.105121285,0.9622294771822618
2,329.0632268572581,12,0.65,0.101012975,0.9582792345965295
2,329.0632268572581,13,0.7000000000000001,0.09363156,0.9554299181489257
2,329.0632268572581,14,0.75,0.0960296,0.9585871676078928
2,329.0632268572581,15,0.8,0.103101894,0.9580305227298919
2,329.0632268572581,16,0.8500000000000001,0.09716317,0.954019900134181
2,329.0632268572581,17,0.9,0.09843352,0.9632124924764894
2,329.0632268572581,18,0.9500000000000001,0.0945548,0.9636753624805015
2,329.0632268572581,19,1.0,0.09269257,0.9533093013634045
2,329.0632268572581,20,1.05,0.097566545,0.9673954544753901
2,329.0632268572581,21,1.1,0.10097349,0.9628082744699791
2,329.0632268572581,22,1.1500000000000001,0.10076979,0.9633593631043487
2,329.0632268572581,23,1.2000000000000002,0.09899824,0.9529663498500539
2,329.0632268572581,24,1.25,0.09980936,0.9561141109332736
2,329.0632268572581,25,1.3,0.09836744,0.961354040518107
2,329.0632268572581,26,1.35,0.10320108,0.9666637319062173
2,329.0632268572581,27,1.4000000000000001,0.09783719,0.9540939834578491
2,329.0632268572581,28,1.4500000000000002,0.101447195,0.9586389152305648
2,329.0632268572581,29,1.5,0.09778489,0.9568830607060673
2,329.0632268572581,30,1.55,0.103079185,0.9612801343321945
2,329.0632268572581,31,1.6,0.10421012,0.958912186187934
2,329.0632268572581,32,1.6500000000000001,0.097695306,0.9561806035635939
2,329.0632268572581,33,1.7000000000000002,0.09926061,0.9584899402000362
2,329.0632268572581,34,1.75,0.10180635,0.9619757569080004
2,329.0632268572581,35,1.8,0.09595915,0.9588759633602848
2,329.0632268572581,36,1.85,0.097773366,0.9580929178765589
2,329.0632268572581,37,1.9000000000000001,0.10049669,0.9588042356701575
2,329.0632268572581,38,1.9500000000000002,0.09872287,0.9609362247612503
2,329.0632268572581,39,2.0,0.0968808,0.9590585635171462
2,329.0632268572581,40,2.0500000000000003,0.09907527,0.9611006898337514
2,329.0632268572581,41,2.1,0.10165124,0.9579050889874575
2,329.0632268572581,42,2.15,0.10104215,0.9611260558621613
2,329.0632268572581,43,2.2,0.09733167,0.9582943446257731
2,329.0632268572581,44,2.25,0.0961036,0.9623274902847507
2,329.0632268572581,45,2.3000000000000003,0.096874535,0.9561669016233635
2,329.0632268572581,46,2.35,0.10007394,0.9600744706160897
2,329.0632268572581,47,2.4000000000000004,0.096170336,0.9559154779857293
2,329.0632268572581,48,2.45,0.095724866,0.9552211819283569
2,329.0632268572581,49,2.5,0.09775119,0.9586006937234387
2,329.0632268572581,50,2.5500000000000003,0.096970245,0.9556221264241563
2,329.0632268572581,51,2.6,0.101602614,0.9585916757857
2,329.0632268572581,52,2.6500000000000004,0.102192245,0.9560732136715937
2,329.0632268572581,53,2.7,0.1027152,0.9643423122801608
2,329.0632268572581,54,2.75,0.0969926,0.9599078812627013
2,329.0632268572581,55,2.8000000000000003,0.09988403,0.9572934168231092
2,329.0632268572581,56,2.85,0.0992676,0.962456846912243
2,329.0632268572581,57,2.9000000000000004,0.09748031,0.9614419475647338
2,329.0632268572581,58,2.95,0.103288405,0.9572961486705239
2,329.0632268572581,59,3.0,0.09001439,0.9652084188186761
2,329.0632268572581,60,3.0500000000000003,0.09200442,0.9630216321315536
2,329.0632268572581,61,3.1,0.0956007,0.9621507930770556
2,329.0632268572581,62,3.1500000000000004,0.10238549,0.9566288334587238
2,329.0632268572581,63,3.2,0.095085114,0.9605084212886105
2,329.0632268572581,64,3.25,0.095547184,0.9586112931386429
2,329.0632268572581,65,3.3000000000000003,0.10449841,0.9594071130498142
2,329.0632268572581,66,3.35,0.10744124,0.9655283202722138
2,329.0632268572581,67,3.4000000000000004,0.102397345,0.9556516302979603
2,329.0632268572581,68,3.45,0.09986667,0.9546602582908242
2,329.0632268572581,69,3.5,0.098914124,0.9567776623023062
2,329.0632268572581,70,3.5500000000000003,0.09623432,0.9577108627790717
2,329.0632268572581,71,3.6,0.098973714,0.9640355843270502
2,329.0632268572581,72,3.6500000000000004,0.104282476,0.9643530130888603
2,329.0632268572581,73,3.7,0.10498759,0.9610869884772375
2,329.0632268572581,74,3.75,0.101382226,0.9543894722764663
2,329.0632268572581,75,3.8000000000000003,0.10114507,0.9545729078204728
2,329.0632268572581,76,3.85,0.098794855,0.9569943171723324
2,329.0632268572581,77,3.9000000000000004,0.09706229,0.9574060154419295
2,329.0632268572581,78,3.95,0.09692911,0.951371733543434
2,329.0632268572581,79,4.0,0.10089189,0.9621640933861771
2,329.0632268572581,80,4.05,0.10138735,0.9569832459477873
2,329.0632268572581,81,4.1000000000000005,0.094898924,0.9552149478378616
2,329.0632268572581,82,4.15,0.09843352,0.9535310830608106
2,329.0632268572581,83,4.2,0.103355534,0.9604854834126061
2,329.0632268572581,84,4.25,0.10155396,0.9504516604517117
2,329.0632268572581,85,4.3,0.09662542,0.9608477230562682
2,329.0632268572581,86,4.3500000000000005,0.09697114,0.9565118530550082
2,329.0632268572581,87,4.4,0.10426335,0.9591770767578162
2,329.0632268572581,88,4.45,0.09694252,0.9457165481798198
2,329.0632268572581,89,4.5,0.098048754,0.9529319358987808
2,329.0632268572581,90,4.55,0.10155311,0.9575307114881246
2,329.0632268572581,91,4.6000000000000005,0.10641965,0.9632749958354805
2,329.0632268572581,92,4.65,0.101679385,0.952031217076947
2,329.0632268572581,93,4.7,0.10299252,0.958725027234161
2,329.0632268572581,94,4.75,0.097142644,0.9593513881739186
2,329.0632268572581,95,4.800000000000001,0.09997687,0.9590815576519788
2,329.0632268572581,96,4.8500000000000005,0.097885914,0.9615240626734638
2,329.0632268572581,97,4.9,0.10643676,0.9587697861876785
2,329.0632268572581,98,4.95,0.096519485,0.9599364010676829
2,329.0632268572581,99,5.0,0.09348978,0.9499105967636218
2,329.0632268572581,100,5.050000000000001,0.102225326,0.9577133514819556
2,329.0632268572581,101,5.1000000000000005,0.10607775,0.9565279984504321
2,329.0632268572581,102,5.15,0.09647636,0.9632646621468413
2,329.0632268572581,103,5.2,0.09266637,0.9589644974654127
2,329.0632268572581,104,5.25,0.102521725,0.9595407706434285
2,329.0632268572581,105,5.300000000000001,0.09947874,0.9528646735817118
2,329.0632268572581,106,5.3500000000000005,0.10007048,0.9596044354213054
2,329.0632268572581,107,5.4,0.09809295,0.9589609922723233
2,329.0632268572581,108,5.45,0.09492359,0.9573205814272241
2,329.0632268572581,109,5.5,0.0998797,0.9633046187365242
2,329.0632268572581,110,5.550000000000001,0.099555396,0.9549058006258817
2,329.0632268572581,111,5.6000000000000005,0.100219384,0.9649035141242508
2,329.0632268572581,112,5.65,0.09514345,0.9513341978801146
2,329.0632268572581,113,5.7,0.09283649,0.949812966360418
2,329.0632268572581,114,5.75,0.10040002,0.9602264840135781
2,329.0632268572581,115,5.800000000000001,0.10092539,0.9530784126481424
2,329.0632268572581,116,5.8500000000000005,0.097967364,0.9496779948175896
2,329.0632268572581,117,5.9,0.09745629,0.9587574269003843
2,329.0632268572581,118,5.95,0.09722294,0.9601413352764205
2,329.0632268572581,119,6.0,0.10131892,0.9570141690917406
2,329.0632268572581,120,6.050000000000001,0.1011922,0.9632115521798159
2,329.0632268572581,121,6.1000000000000005,0.09860336,0.9578279989942947
2,329.0632268572581,122,6.15,0.10426501,0.9507230532009031
2,329.0632268572581,123,6.2,0.0989264,0.9615680432762947
2,329.0632268572581,124,6.25,0.103809185,0.9666040154004066
2,329.0632268572581,125,6.300000000000001,0.09873516,0.9574955086556101
2,329.0632268572581,126,6.3500000000000005,0.107533194,0.9530020098777565
2,329.0632268572581,127,6.4,0.10158298,0.9556421820493406
2,329.0632268572581,128,6.45,0.09737976,0.9558933865955943
2,329.0632268572581,129,6.5,0.098109744,0.9588831665387509
2,329.0632268572581,130,6.550000000000001,0.104267515,0.9609545075810383
2,329.0632268572581,131,6.6000000000000005,0.09191674,0.9502894399076053
2,329.0632268572581,132,6.65,0.10040089,0.9595217283771699
2,329.0632268572581,133,6.7,0.10615292,0.9568482386379954
2,329.0632268572581,134,6.75,0.09826162,0.9528631596179215
2,329.0632268572581,135,6.800000000000001,0.09927546,0.9513989664218242
2,329.0632268572581,136,6.8500000000000005,0.09347215,0.9586213204430948
2,329.0632268572581,137,6.9,0.10223126,0.9557280727464927
2,329.0632268572581,138,6.95,0.09832689,0.9560231947734845
2,329.0632268572581,139,7.0,0.09284023,0.9494756411045185
2,329.0632268572581,140,7.050000000000001,0.10053981,0.9530076461032604
2,329.0632268572581,141,7.1000000000000005,0.10213793,0.9474217604710142
2,329.0632268572581,142,7.15,0.102352455,0.9603813331935559
2,329.0632268572581,143,7.2,0.09886854,0.953187201510667
2,329.0632268572581,144,7.25,0.102972314,0.9511108463570732
2,329.0632268572581,145,7.300000000000001,0.10233636,0.956693783119083
2,329.0632268572581,146,7.3500000000000005,0.10442704,0.9488057036392389
2,329.0632268572581,147,7.4,0.099800676,0.9582285023925838
2,329.0632268572581,148,7.45,0.0912674,0.9530485285662095
2,329.0632268572581,149,7.5,0.09711319,0.9586837681349814
2,329.0632268572581,150,7.550000000000001,0.0986561,0.9554642316551797
2,329.0632268572581,151,7.6000000000000005,0.10722154,0.9585811720256341
2,329.0632268572581,152,7.65,0.09792576,0.9605963520741635
2,329.0632268572581,153,7.7,0.10047512,0.9578761201679125
2,329.0632268572581,154,7.75,0.09917848,0.9632587402504152
2,329.0632268572581,155,7.800000000000001,0.09828456,0.9540322325743125
2,329.0632268572581,156,7.8500000000000005,0.10043628,0.9551903513252953
2,329.0632268572581,157,7.9,0.097274646,0.958687863925612
2,329.0632268572581,158,7.95,0.10140702,0.9546655998481096
2,329.0632268572581,159,8.0,0.100291155,0.96053620247924
2,329.0632268572581,160,8.05,0.10162821,0.9588398926375472
2,329.0632268572581,161,8.1,0.098385945,0.9601392570854124
2,329.0632268572581,162,8.15,0.09774321,0.9593546922314226
2,329.0632268572581,163,8.200000000000001,0.10052946,0.9532509425508212
2,329.0632268572581,164,8.25,0.09822544,0.9582003133121311
2,329.0632268572581,165,8.3,0.09677873,0.9547023172629814
2,329.0632268572581,166,8.35,0.09927371,0.9554423083506319
2,329.0632268572581,167,8.4,0.0993549,0.9614785655481028
2,329.0632268572581,168,8.450000000000001,0.09565238,0.9585401785582786
2,329.0632268572581,169,8.5,0.101413004,0.9532516414766525
2,329.0632268572581,170,8.55,0.099585004,0.9569000504487786
2,329.0632268572581,171,8.6,0.100627735,0.9590989249770854
2,329.0632268572581,172,8.65,0.10286617,0.9567563380728983
2,329.0632268572581,173,8.700000000000001,0.095908545,0.9575358360177807
2,329.0632268572581,174,8.75,0.10125387,0.9609835888879388
2,329.0632268572581,175,8.8,0.091173306,0.9574837498950394
2,329.0632268572581,176,8.85,0.09968246,0.9502109327178215
2,329.0632268572581,177,8.9,0.10226433,0.9506770840167964
2,329.0632268572581,178,8.950000000000001,0.096893325,0.9598558632375472
2,329.0632268572581,179,9.0,0.10176802,0.9611166356017504
2,329.0632268572581,180,9.05,0.09978504,0.9634320752196511
2,329.0632268572581,181,9.1,0.100507036,0.9513898810269419
2,329.0632268572581,182,9.15,0.101097055,0.9498592451762844
2,329.0632268572581,183,9.200000000000001,0.09529278,0.9531943896507027
2,329.0632268572581,184,9.25,0.09750165,0.9631494213902854
2,329.0632268572581,185,9.3,0.10121618,0.9604063179892764
2,329.0632268572581,186,9.35,0.098667525,0.9489216061120568
2,329.0632268572581,187,9.4,0.097648256,0.9638923800755819
2,329.0632268572581,188,9.450000000000001,0.10256485,0.9570703857116385
2,329.0632268572581,189,9.5,0.10353405,0.9534011862008672
2,329.0632268572581,190,9.55,0.096923746,0.9465068934090196
2,329.0632268572581,191,9.600000000000001,0.096152306,0.9497778871124025
2,329.0632268572581,192,9.65,0.0964476,0.9534038491464865
2,329.0632268572581,193,9.700000000000001,0.095683195,0.9514016512744666
2,329.0632268572581,194,9.75,0.10055534,0.9550177433413805
2,329.0632268572581,195,9.8,0.09792576,0.9594962199880104
2,329.0632268572581,196,9.850000000000001,0.09981023,0.9554430647322523
2,329.0632268572581,197,9.9,0.09631626,0.9484494840892532
2,329.0632268572581,198,9.950000000000001,0.10403443,0.9556302131981762
2,329.0632268572581,199,10.0,0.09886678,0.9515095540680772
2,329.0632268572581,200,10.05,0.10173223,0.9507080867843222
2,329.0632268572581,201,10.100000000000001,0.10077839,0.9540588673713892
2,329.0632268572581,202,10.15,0.10171348,0.9550812619530415
2,329.0632268572581,203,10.200000000000001,0.101363406,0.9550233392334423
2,329.0632268572581,204,10.25,0.101945065,0.9597688255788545
2,329.0632268572581,205,10.3,0.09770418,0.9567895634304688
2,329.0632268572581,206,10.350000000000001,0.09798064,0.9608251184801159
2,329.0632268572581,207,10.4,0.10040866,0.9580440985743204
2,329.0632268572581,208,10.450000000000001,0.100112915,0.953187079700214
2,329.0632268572581,209,10.5,0.098234266,0.9469466432729773
2,329.0632268572581,210,10.55,0.10075774,0.9557075128113593
2,329.0632268572581,211,10.600000000000001,0.100549296,0.9591688509569369
2,329.0632268572581,212,10.65,0.09947176,0.945198525323279
2,329.0632268572581,213,10.700000000000001,0.10221684,0.9483571664819538
2,329.0632268572581,214,10.75,0.100987226,0.959463509809776
2,329.0632268572581,215,10.8,0.09962243,0.9469849920879422
2,329.0632268572581,216,10.850000000000001,0.105505735,0.9477417054655586
2,329.0632268572581,217,10.9,0.099202074,0.9529361975293758
2,329.0632268572581,218,10.950000000000001,0.103297636,0.9595895256151528
2,329.0632268572581,219,11.0,0.09762606,0.9510248052322395
2,329.0632268572581,220,11.05,0.09780351,0.9540943573321491
2,329.0632268572581,221,11.100000000000001,0.101436935,0.9507723652953041
2,329.0632268572581,222,11.15,0.102936946,0.9591727803706026
2,329.0632268572581,223,11.200000000000001,0.09817688,0.9486602761888705
2,329.0632268572581,224,11.25,0.10701515,0.9647262455551421
2,329.0632268572581,225,11.3,0.100660466,0.9641454876271479
2,329.0632268572581,226,11.350000000000001,0.097566545,0.9586030410447606
2,329.0632268572581,227,11.4,0.09634777,0.9512574396702731
2,329.0632268572581,228,11.450000000000001,0.09993437,0.9606404675167085
2,329.0632268572581,229,11.5,0.10257668,0.9618679422163524
2,329.0632268572581,230,11.55,0.099156626,0.9585955188492739
2,329.0632268572581,231,11.600000000000001,0.10137709,0.9490522999980997
2,329.0632268572581,232,11.65,0.098857135,0.9569703221370216
2,329.0632268572581,233,11.700000000000001,0.1014865,0.9537944340478274
2,329.0632268572581,234,11.75,0.1014882,0.9478114750685532
2,329.0632268572581,235,11.8,0.106434315,0.9593568363956884
2,329.0632268572581,236,11.850000000000001,0.096280254,0.9559471881516909
2,329.0632268572581,237,11.9,0.10397108,0.9538075712734463
2,329.0632268572581,238,11.950000000000001,0.09715782,0.9559560866055374
2,329.0632268572581,239,12.0,0.101185344,0.955848742094004
2,329.0632268572581,240,12.05,0.105491765,0.9445051213969322
2,329.0632268572581,241,12.100000000000001,0.09761451,0.9550324677471391
2,329.0632268572581,242,12.15,0.10010686,0.95190795585851
2,329.0632268572581,243,12.200000000000001,0.10191955,0.945268759982215
2,329.0632268572581,244,12.25,0.09995605,0.9572738052512146
2,329.0632268572581,245,12.3,0.102457434,0.9582603284770058
2,329.0632268572581,246,12.350000000000001,0.099924825,0.9572935081959285
2,329.0632268572581,247,12.4,0.10291083,0.9465993360548511
2,329.0632268572581,248,12.450000000000001,0.09706408,0.9529683071650843
2,329.0632268572581,249,12.5,0.09859457,0.9634014979222971
2,329.0632268572581,250,12.55,0.10041816,0.9555201940603439
2,329.0632268572581,251,12.600000000000001,0.10128897,0.9520930979411514
2,329.0632268572581,252,12.65,0.09479564,0.9519054821370634
2,329.0632268572581,253,12.700000000000001,0.0958172,0.9529142588472217
2,329.0632268572581,254,12.75,0.09704264,0.9474283335357953
2,329.0632268572581,255,12.8,0.099516205,0.9676082870790448
2,329.0632268572581,256,12.850000000000001,0.09866138,0.9495664091278229
2,329.0632268572581,257,12.9,0.10441209,0.9504395932125306
2,329.0632268572581,258,12.950000000000001,0.09503678,0.940043239007222
2,329.0632268572581,259,13.0,0.10051049,0.9560491531857827
2,329.0632268572581,260,13.05,0.09896758,0.9542857692663962
2,329.0632268572581,261,13.100000000000001,0.099973395,0.9449976086869052
2,329.0632268572581,262,13.15,0.09903676,0.9486140364411084
2,329.0632268572581,263,13.200000000000001,0.10606059,0.9524579704006028
2,329.0632268572581,264,13.25,0.10670522,0.9609141509824264
2,329.0632268572581,265,13.3,0.100141495,0.949401874150937
2,329.0632268572581,266,13.350000000000001,0.10046304,0.950933257963488
2,329.0632268572581,267,13.4,0.10172115,0.9504812448961429
2,329.0632268572581,268,13.450000000000001,0.09666489,0.9557498049460775
2,329.0632268572581,269,13.5,0.096361265,0.9525906532252976
2,329.0632268572581,270,13.55,0.10460953,0.9492394972170488
2,329.0632268572581,271,13.600000000000001,0.090404585,0.9528136297337753
2,329.0632268572581,272,13.65,0.097789325,0.9593586785413538
2,329.0632268572581,273,13.700000000000001,0.099203825,0.9499180214024947
2,329.0632268572581,274,13.75,0.10109276,0.9604733440189691
2,329.0632268572581,275,13.8,0.09396615,0.9558059578637844
2,329.0632268572581,276,13.850000000000001,0.09907877,0.9664038171872291
2,329.0632268572581,277,13.9,0.09607473,0.9599338608585929
2,329.0632268572581,278,13.950000000000001,0.09847755,0.9558421044516228
2,329.0632268572581,279,14.0,0.096998855,0.9547971990295728
2,329.0632268572581,280,14.05,0.09784517,0.9562708947713433
2,329.0632268572581,281,14.100000000000001,0.102132834,0.9518053964616542
2,329.0632268572581,282,14.15,0.10673853,0.9491252431867734
2,329.0632268572581,283,14.200000000000001,0.09653655,0.958737161401345
2,329.0632268572581,284,14.25,0.09786466,0.9636261656453882
2,329.0632268572581,285,14.3,0.09777957,0.958289692819297
2,329.0632268572581,286,14.350000000000001,0.09757721,0.9613103551831917
2,329.0632268572581,287,14.4,0.09918809,0.9547544002076951
2,329.0632268572581,288,14.450000000000001,0.100080006,0.9596716927539033
2,329.0632268572581,289,14.5,0.09699796,0.9576322629561816
2,329.0632268572581,290,14.55,0.100193426,0.9636304337490463
2,329.0632268572581,291,14.600000000000001,0.100118116,0.9536760003180218
2,329.0632268572581,292,14.65,0.09759942,0.9567601927823293
2,329.0632268572581,293,14.700000000000001,0.09945171,0.9577099456512547
2,329.0632268572581,294,14.75,0.099984676,0.9485113128395264
2,329.0632268572581,295,14.8,0.09944386,0.958003034279625
2,329.0632268572581,296,14.850000000000001,0.09784428,0.962495727281095
2,329.0632268572581,297,14.9,0.09839476,0.9502595504767669
2,329.0632268572581,298,14.950000000000001,0.09653206,0.9615992943029357
2,329.0632268572581,299,15.0,0.099751145,0.9540300644325139
2,329.0632268572581,300,15.05,0.10135913,0.9537114288520064
2,329.0632268572581,301,15.100000000000001,0.09900612,0.9564813342849963
2,329.0632268572581,302,15.15,0.10184637,0.9570679130015382
2,329.0632268572581,303,15.200000000000001,0.10309264,0.949762119685987
2,329.0632268572581,304,15.25,0.09969116,0.951174312164288
2,329.0632268572581,305,15.3,0.100368924,0.9567083441702874
2,329.0632268572581,306,15.350000000000001,0.09929467,0.9465220606811089
2,329.0632268572581,307,15.4,0.10168791,0.9510835989633148
2,329.0632268572581,308,15.450000000000001,0.09851012,0.9566392657249004
2,329.0632268572581,309,15.5,0.0956995,0.954423554018602
2,329.0632268572581,310,15.55,0.0982422,0.9586319157082975
2,329.0632268572581,311,15.600000000000001,0.10395857,0.9597453813878734
2,329.0632268572581,312,15.65,0.09315626,0.9538938210833154
2,329.0632268572581,313,15.700000000000001,0.098831706,0.9515020479563332
2,329.0632268572581,314,15.75,0.09630096,0.955398379336773
2,329.0632268572581,315,15.8,0.10685624,0.9448723873697947
2,329.0632268572581,316,15.850000000000001,0.10291083,0.9496185370229143
2,329.0632268572581,317,15.9,0.09859457,0.9584718178968427
2,329.0632268572581,318,15.950000000000001,0.09391631,0.9583275598538864
2,329.0632268572581,319,16.0,0.10281475,0.9574717937369005
2,329.0632268572581,320,16.05,0.10589698,0.9525099910683407
2,329.0632268572581,321,16.1,0.09274213,0.9569497158383229
2,329.0632268572581,322,16.150000000000002,0.10084805,0.9506914764469183
2,329.0632268572581,323,16.2,0.10335134,0.9631453783293351
2,329.0632268572581,324,16.25,0.10135485,0.9527718741014666
2,329.0632268572581,325,16.3,0.0989413,0.9574376738443948
2,329.0632268572581,326,16.35,0.1004406,0.960461996068702
2,329.0632268572581,327,16.400000000000002,0.09487335,0.9601044967169676
2,329.0632268572581,328,16.45,0.098487236,0.949934468051246
2,329.0632268572581,329,16.5,0.10099581,0.9519520618434028
2,329.0632268572581,330,16.55,0.099699855,0.9556531665810647
2,329.0632268572581,331,16.6,0.09771837,0.9542981443373977
2,329.0632268572581,332,16.650000000000002,0.09703549,0.9515558530397993
2,329.0632268572581,333,16.7,0.10006268,0.961262136025
2,329.0632268572581,334,16.75,0.10250396,0.9573329867962408
2,329.0632268572581,335,16.8,0.10043542,0.9561806251869696
2,329.0632268572581,336,16.85,0.093174875,0.9549258192633165
2,329.0632268572581,337,16.900000000000002,0.09439237,0.9539795829195102
2,329.0632268572581,338,16.95,0.09671779,0.9559439849305874
2,329.0632268572581,339,17.0,0.094108135,0.9510992073906152
2,329.0632268572581,340,17.05,0.10555092,0.9555019134055597
2,329.0632268572581,341,17.1,0.09654194,0.9545634242124652
2,329.0632268572581,342,17.150000000000002,0.10046822,0.9538100661057666
2,329.0632268572581,343,17.2,0.10699246,0.9605879369353231
2,329.0632268572581,344,17.25,0.101829335,0.9540412861735119
2,329.0632268572581,345,17.3,0.10210907,0.9566083033664078
2,329.0632268572581,346,17.35,0.10189232,0.9551376976093842
2,329.0632268572581,347,17.400000000000002,0.10118277,0.9562847488531044
2,329.0632268572581,348,17.45,0.09583439,0.9514879485005869
2,329.0632268572581,349,17.5,0.09249876,0.9601305769833557
2,329.0632268572581,350,17.55,0.098208666,0.9489231765427716
2,329.0632268572581,351,17.6,0.10121019,0.9573845219793482
2,329.0632268572581,352,17.650000000000002,0.10253441,0.9578558581241449
2,329.0632268572581,353,17.7,0.09873692,0.9528135473060457
2,329.0632268572581,354,17.75,0.09686827,0.953188691154573
2,329.0632268572581,355,17.8,0.09106008,0.9565436144847899
2,329.0632268572581,356,17.85,0.09966245,0.9581662297690557
2,329.0632268572581,357,17.900000000000002,0.10266708,0.9572657174424138
2,329.0632268572581,358,17.95,0.10213878,0.9602238056661226
2,329.0632268572581,359,18.0,0.09272062,0.9517899156301985
2,329.0632268572581,360,18.05,0.09944474,0.9555604239851923
2,329.0632268572581,361,18.1,0.09520358,0.9570141893020266
2,329.0632268572581,362,18.150000000000002,0.09740469,0.9596398642480607
2,329.0632268572581,363,18.2,0.09260835,0.9531691111731068
2,329.0632268572581,364,18.25,0.10307667,0.9573471705267174
2,329.0632268572581,365,18.3,0.09766158,0.9601221458021842
2,329.0632268572581,366,18.35,0.10195527,0.9567634102065724
2,329.0632268572581,367,18.400000000000002,0.099738106,0.9544964652277675
2,329.0632268572581,368,18.45,0.100065276,0.9543867733488568
2,329.0632268572581,369,18.5,0.0973192,0.9536711308617848
2,329.0632268572581,370,18.55,0.09566235,0.9572761774350749
2,329.0632268572581,371,18.6,0.100727625,0.9516078715760402
2,329.0632268572581,372,18.650000000000002,0.09928245,0.9515042384980131
2,329.0632268572581,373,18.7,0.101265,0.9544480235760797
2,329.0632268572581,374,18.75,0.10273968,0.9604446495818147
2,329.0632268572581,375,18.8,0.095760174,0.9523694685473562
2,329.0632268572581,376,18.85,0.10365456,0.9511499207993969
2,329.0632268572581,377,18.900000000000002,0.09916274,0.9519788895696802
2,329.0632268572581,378,18.95,0.10038448,0.9537319410876257
2,329.0632268572581,379,19.0,0.09973376,0.9598748342777228
2,329.0632268572581,380,19.05,0.09192429,0.9591671522450634
2,329.0632268572581,381,19.1,0.10119648,0.959270808144108
2,329.0632268572581,382,19.150000000000002,0.105225146,0.9565001045450399
2,329.0632268572581,383,19.200000000000003,0.09836039,0.9510503561797958
2,329.0632268572581,384,19.25,0.093999356,0.9551482946405402
2,329.0632268572581,385,19.3,0.10516004,0.950296634834265
2,329.0632268572581,386,19.35,0.100396566,0.9546130062410759
2,329.0632268572581,387,19.400000000000002,0.102679744,0.962641988426897
2,329.0632268572581,388,19.450000000000003,0.09571309,0.9573662565203515
2,329.0632268572581,389,19.5,0.10271436,0.948944566302815
2,329.0632268572581,390,19.55,0.097829215,0.9548929538961047
2,329.0632268572581,391,19.6,0.101274416,0.9511154562750821
2,329.0632268572581,392,19.650000000000002,0.09616763,0.953047224679032
2,329.0632268572581,393,19.700000000000003,0.09766868,0.9556201850027441
2,329.0632268572581,394,19.75,0.098466106,0.9579354049680847
2,329.0632268572581,395,19.8,0.09715068,0.9555669120565164
2,329.0632268572581,396,19.85,0.10585439,0.9533045383972377
2,329.0632268572581,397,19.900000000000002,0.10190764,0.9519872452646951
2,329.0632268572581,398,19.950000000000003,0.097006895,0.9579605034334876
2,329.0632268572581,399,20.0,0.09484684,0.9557602211221073
3,344.9284476693435,0,0.05,0.0978868,0.9566673910202101
3,344.9284476693435,1,0.1,0.10527128,0.9619548060122773
3,344.9284476693435,2,0.15000000000000002,0.10077495,0.9571053003155873
3,344.9284476693435,3,0.2,0.09959023,0.9571589413763958
3,344.9284476693435,4,0.25,0.09583439,0.9530027670204042
3,344.9284476693435,5,0.30000000000000004,0.09951272,0.9608028952268564
3,344.9284476693435,6,0.35000000000000003,0.09601786,0.9579059057637611
3,344.9284476693435,7,0.4,0.10001849,0.9606517956269087
3,344.9284476693435,8,0.45,0.10395023,0.9637896042786733
3,344.9284476693435,9,0.5,0.0961496,0.9619567057782306
3,344.9284476693435,10,0.55,0.09969898,0.9614445039678424
3,344.9284476693435,11,0.6000000000000001,0.09925887,0.9628104248604901
3,344.9284476693435,12,0.65,0.10406776,0.9562449736781046
3,344.9284476693435,13,0.7000000000000001,0.101680234,0.9531086900068102
3,344.9284476693435,14,0.75,0.09350276,0.9556326687922726
3,344.9284476693435,15,0.8,0.102695785,0.9631284886619305
3,344.9284476693435,16,0.8500000000000001,0.10256231,0.9604003882804701
3,344.9284476693435,17,0.9,0.10024879,0.9614249071317453
3,344.9284476693435,18,0.9500000000000001,0.097508766,0.9577807522628797
3,344.9284476693435,19,1.0,0.0972381,0.9566787363751482
3,344.9284476693435,20,1.05,0.09615321,0.9550588559207989
3,344.9284476693435,21,1.1,0.1008575,0.9512842282372846
3,344.9284476693435,22,1.1500000000000001,0.100682855,0.957162338213076
3,344.9284476693435,23,1.2000000000000002,0.10027646,0.9522665599787705
3,344.9284476693435,24,1.25,0.09432437,0.9501818518042613
3,344.9284476693435,25,1.3,0.09803018,0.9617798803167023
3,344.9284476693435,26,1.35,0.09821396,0.9625772142134152
3,344.9284476693435,27,1.4000000000000001,0.10123417,0.9593758078958905
3,344.9284476693435,28,1.4500000000000002,0.09743939,0.9610851315855103
3,344.9284476693435,29,1.5,0.10117078,0.9563147536673272
3,344.9284476693435,30,1.55,0.10539145,0.9579008517667472
3,344.9284476693435,31,1.6,0.10000808,0.962869263340337
3,344.9284476693435,32,1.6500000000000001,0.09281501,0.9579531515683211
3,344.9284476693435,33,1.7000000000000002,0.0936547,0.9601126087317675
3,344.9284476693435,34,1.75,0.105842926,0.9583638842365806
3,344.9284476693435,35,1.8,0.09514527,0.9544160482366726
3,344.9284476693435,36,1.85,0.09913913,0.9624641854671195
3,344.9284476693435,37,1.9000000000000001,0.0961009,0.9607728872565519
3,344.9284476693435,38,1.9500000000000002,0.09798064,0.9588786860374753
3,344.9284476693435,39,2.0,0.10205471,0.9559660531941939
3,344.9284476693435,40,2.0500000000000003,0.09950836,0.9557716712139792
3,344.9284476693435,41,2.1,0.094097994,0.9535172187766118
3,344.9284476693435,42,2.15,0.0904621,0.9516949610471982
3,344.9284476693435,43,2.2,0.10367547,0.9604299887873555
3,344.9284476693435,44,2.25,0.09786731,0.9509575124169827
3,344.9284476693435,45,2.3000000000000003,0.0995998,0.9638091586967426
3,344.9284476693435,46,2.35,0.09919771,0.9572517206546058
3,344.9284476693435,47,2.4000000000000004,0.09996646,0.9564088527404309
3,344.9284476693435,48,2.45,0.102067456,0.9645294251441954
3,344.9284476693435,49,2.5,0.101037,0.9564581404671975
3,344.9284476693435,50,2.5500000000000003,0.0998111,0.9574348858774119
3,344.9284476693435,51,2.6,0.100127645,0.9558302437537924
3,344.9284476693435,52,2.6500000000000004,0.09551723,0.9542659756367853
3,344.9284476693435,53,2.7,0.097976215,0.9605117250193538
3,344.9284476693435,54,2.75,0.10329092,0.9575312739038849
3,344.9284476693435,55,2.8000000000000003,0.10315486,0.9604876701648658
3,344.9284476693435,56,2.85,0.101174206,0.9630327768372046
3,344.9284476693435,57,2.9000000000000004,0.09590945,0.960500073250416
3,344.9284476693435,58,2.95,0.099983804,0.9534049689286923
3,344.9284476693435,59,3.0,0.10061653,0.9641712223189863
3,344.9284476693435,60,3.0500000000000003,0.09905515,0.9573043092251932
3,344.9284476693435,61,3.1,0.10199352,0.9589402952270638
3,344.9284476693435,62,3.1500000000000004,0.09667297,0.9579060539123586
3,344.9284476693435,63,3.2,0.09857258,0.9560486611258153
3,344.9284476693435,64,3.25,0.10174502,0.9597343796777101
3,344.9284476693435,65,3.3000000000000003,0.09907003,0.9609639201867317
3,344.9284476693435,66,3.35,0.096309066,0.9605090753225657
3,344.9284476693435,67,3.4000000000000004,0.09894393,0.9594030253242604
3,344.9284476693435,68,3.45,0.09304545,0.9607766105505632
3,344.9284476693435,69,3.5,0.09575656,0.9583912358523037
3,344.9284476693435,70,3.5500000000000003,0.09642333,0.9526425769465067
3,344.9284476693435,71,3.6,0.099093646,0.9643936909151358
3,344.9284476693435,72,3.6500000000000004,0.10014842,0.9646414803674297
3,344.9284476693435,73,3.7,0.09131678,0.9519552178871247
3,344.9284476693435,74,3.75,0.09794612,0.9611936234466841
3,344.9284476693435,75,3.8000000000000003,0.10055534,0.9590585406365543
3,344.9284476693435,76,3.85,0.10062859,0.9621331342336044
3,344.9284476693435,77,3.9000000000000004,0.09780706,0.9579023422483506
3,344.9284476693435,78,3.95,0.09707837,0.9533906790883816
3,344.9284476693435,79,4.0,0.09843616,0.954805714005986
3,344.9284476693435,80,4.05,0.101564206,0.9608572292840796
3,344.9284476693435,81,4.1000000000000005,0.10329176,0.9659123098390786
3,344.9284476693435,82,4.15,0.09623432,0.9525980093588459
3,344.9284476693435,83,4.2,0.10012677,0.9595818742795463
3,344.9284476693435,84,4.25,0.10045527,0.9635738413962366
3,344.9284476693435,85,4.3,0.10072935,0.9593130670766292
3,344.9284476693435,86,4.3500000000000005,0.10381754,0.9648596074698086
3,344.9284476693435,87,4.4,0.09890712,0.9548919589752656
3,344.9284476693435,88,4.45,0.099205576,0.96554123338054
3,344.9284476693435,89,4.5,0.10416851,0.9622611995003859
3,344.9284476693435,90,4.55,0.10111678,0.9628786314883774
3,344.9284476693435,91,4.6000000000000005,0.095122494,0.9568434743863482
3,344.9284476693435,92,4.65,0.10018564,0.9608288027182533
3,344.9284476693435,93,4.7,0.09769442,0.9599845572548633
3,344.9284476693435,94,4.75,0.098503955,0.9506033133266031
3,344.9284476693435,95,4.800000000000001,0.09690407,0.9577033051721782
3,344.9284476693435,96,4.8500000000000005,0.09689243,0.962330357132208
3,344.9284476693435,97,4.9,0.09647097,0.9508703070102511
3,344.9284476693435,98,4.95,0.1030876,0.9568515565137773
3,344.9284476693435,99,5.0,0.09816451,0.9569202860407158
3,344.9284476693435,100,5.050000000000001,0.10128469,0.9534164201275958
3,344.9284476693435,101,5.1000000000000005,0.101816565,0.9518580691195918
3,344.9284476693435,102,5.15,0.09501853,0.95366084412895
3,344.9284476693435,103,5.2,0.10378078,0.9636327790083968
3,344.9284476693435,104,5.25,0.09900962,0.9530217054650897
3,344.9284476693435,105,5.300000000000001,0.10505858,0.9630527370437519
3,344.9284476693435,106,5.3500000000000005,0.09711052,0.9529516547187193
3,344.9284476693435,107,5.4,0.10241343,0.9543078705973651
3,344.9284476693435,108,5.45,0.09784605,0.9525806735830589
3,344.9284476693435,109,5.5,0.101670004,0.956471216779294
3,344.9284476693435,110,5.550000000000001,0.10297989,0.9614570941997291
3,344.9284476693435,111,5.6000000000000005,0.098098256,0.9543342546258792
3,344.9284476693435,112,5.65,0.09924314,0.960359382261336
3,344.9284476693435,113,5.7,0.0967635,0.9594703720312372
3,344.9284476693435,114,5.75,0.093362644,0.9538387744855565
3,344.9284476693435,115,5.800000000000001,0.101540305,0.9570107600204384
3,344.9284476693435,116,5.8500000000000005,0.09624243,0.9546856086010699
3,344.9284476693435,117,5.9,0.09924227,0.954007669960593
3,344.9284476693435,118,5.95,0.0982069,0.9572275921894732
3,344.9284476693435,119,6.0,0.101572745,0.9506666483676015
3,344.9284476693435,120,6.050000000000001,0.09799391,0.9489660850618137
3,344.9284476693435,121,6.1000000000000005,0.098527715,0.9566831517635798
3,344.9284476693435,122,6.15,0.09631897,0.9538368109394948
3,344.9284476693435,123,6.2,0.100159675,0.958237699153877
3,344.9284476693435,124,6.25,0.10006961,0.9574494742685647
3,344.9284476693435,125,6.300000000000001,0.10447103,0.9600235016538899
3,344.9284476693435,126,6.3500000000000005,0.09445572,0.9597323843336991
3,344.9284476693435,127,6.4,0.10458632,0.9562392568345363
3,344.9284476693435,128,6.45,0.100438006,0.9611419582446162
3,344.9284476693435,129,6.5,0.10309601,0.9616345582116654
3,344.9284476693435,130,6.550000000000001,0.10681729,0.9558117676359624
3,344.9284476693435,131,6.6000000000000005,0.09776982,0.9625784251546258
3,344.9284476693435,132,6.65,0.10402027,0.9550140991929544
3,344.9284476693435,133,6.7,0.096255936,0.9632651983065329
3,344.9284476693435,134,6.75,0.10411357,0.9576265525828298
3,344.9284476693435,135,6.800000000000001,0.10594445,0.9608543369041933
3,344.9284476693435,136,6.8500000000000005,0.099559754,0.9504690856727686
3,344.9284476693435,137,6.9,0.09449243,0.9521871282712987
3,344.9284476693435,138,6.95,0.10282234,0.9610713270556216
3,344.9284476693435,139,7.0,0.10043628,0.9552022446472103
3,344.9284476693435,140,7.050000000000001,0.09743939,0.958806734067584
3,344.9284476693435,141,7.1000000000000005,0.10051308,0.9577753983558984
3,344.9284476693435,142,7.15,0.098750964,0.9553352357782563
3,344.9284476693435,143,7.2,0.10100611,0.9551096810611852
3,344.9284476693435,144,7.25,0.10172115,0.9521147008433871
3,344.9284476693435,145,7.300000000000001,0.10348798,0.9514970839830654
3,344.9284476693435,146,7.3500000000000005,0.09461346,0.9480811482251525
3,344.9284476693435,147,7.4,0.10229908,0.9525792083462381
3,344.9284476693435,148,7.45,0.0982475,0.9586326523654497
3,344.9284476693435,149,7.5,0.09670883,0.9540545741838801
3,344.9284476693435,150,7.550000000000001,0.10216424,0.9615037566958772
3,344.9284476693435,151,7.6000000000000005,0.09310879,0.9539035417180507
3,344.9284476693435,152,7.65,0.099949114,0.956665699420273
3,344.9284476693435,153,7.7,0.10314393,0.9511326921256128
3,344.9284476693435,154,7.75,0.10006181,0.9546232582286628
3,344.9284476693435,155,7.800000000000001,0.10213793,0.9476951597564918
3,344.9284476693435,156,7.8500000000000005,0.09398368,0.9475037096444866
3,344.9284476693435,157,7.9,0.09960676,0.9601405438708083
3,344.9284476693435,158,7.95,0.10054671,0.9607028567122063
3,344.9284476693435,159,8.0,0.09545004,0.9492184379099587
3,344.9284476693435,160,8.05,0.09381748,0.9557855867078803
3,344.9284476693435,161,8.1,0.097569205,0.9470901944444654
3,344.9284476693435,162,8.15,0.09661645,0.9504865793077886
3,344.9284476693435,163,8.200000000000001,0.1014113,0.9567718660746333
3,344.9284476693435,164,8.25,0.10151383,0.967395107927187
3,344.9284476693435,165,8.3,0.102347374,0.9554657513682582
3,344.9284476693435,166,8.35,0.099537104,0.953513679918212
3,344.9284476693435,167,8.4,0.09648535,0.9575866492541164
3,344.9284476693435,168,8.450000000000001,0.10015102,0.9569770295423543
3,344.9284476693435,169,8.5,0.10032055,0.9643684321077792
3,344.9284476693435,170,8.55,0.10124958,0.9627403631163558
3,344.9284476693435,171,8.6,0.094718784,0.9494553581719387
3,344.9284476693435,172,8.65,0.09850044,0.9573376143695705
3,344.9284476693435,173,8.700000000000001,0.0998632,0.9579645549203114
3,344.9284476693435,174,8.75,0.10063031,0.9511248663719046
3,344.9284476693435,175,8.8,0.10523257,0.956716253144164
3,344.9284476693435,176,8.85,0.097854026,0.9610931327346284
3,344.9284476693435,177,8.9,0.09726306,0.9552588740482435
3,344.9284476693435,178,8.950000000000001,0.10136169,0.960749633495326
3,344.9284476693435,179,9.0,0.099079646,0.950767452007799
3,344.9284476693435,180,9.05,0.10789218,0.9620843158449232
3,344.9284476693435,181,9.1,0.09774144,0.960388387110263
3,344.9284476693435,182,9.15,0.09650421,0.9590442113087905
3,344.9284476693435,183,9.200000000000001,0.10004015,0.9613632440768834
3,344.9284476693435,184,9.25,0.0977024,0.9524206650020322
3,344.9284476693435,185,9.3,0.10277427,0.950381203758577
3,344.9284476693435,186,9.35,0.09695773,0.9630547996727074
3,344.9284476693435,187,9.4,0.09991094,0.9574581277678239
3,344.9284476693435,188,9.450000000000001,0.10028251,0.9614790344137271
3,344.9284476693435,189,9.5,0.10072935,0.9566366822450879
3,344.9284476693435,190,9.55,0.10153262,0.9575374371432972
3,344.9284476693435,191,9.600000000000001,0.09622621,0.9579098665138025
3,344.9284476693435,192,9.65,0.09909715,0.9530051070274553
3,344.9284476693435,193,9.700000000000001,0.094929986,0.9526091332691864
3,344.9284476693435,194,9.75,0.09756121,0.9585853671152866
3,344.9284476693435,195,9.8,0.09890186,0.9584593403389351
3,344.9284476693435,196,9.850000000000001,0.091624826,0.9528630703810868
3,344.9284476693435,197,9.9,0.101298384,0.951799579775098
3,344.9284476693435,198,9.950000000000001,0.09638015,0.9525700776360926
3,344.9284476693435,199,10.0,0.09790363,0.9605821660091561
3,344.9284476693435,200,10.05,0.103911854,0.9617363319583238
3,344.9284476693435,201,10.100000000000001,0.10487109,0.957796586397886
3,344.9284476693435,202,10.15,0.10034301,0.9579950624247221
3,344.9284476693435,203,10.200000000000001,0.10507509,0.9584682768035223
3,344.9284476693435,204,10.25,0.09815127,0.9561851860584101
3,344.9284476693435,205,10.3,0.09243968,0.9560762073912584
3,344.9284476693435,206,10.350000000000001,0.10420763,0.9580228329188177
3,344.9284476693435,207,10.4,0.09380362,0.9514009913800164
3,344.9284476693435,208,10.450000000000001,0.09799657,0.951424092894095
3,344.9284476693435,209,10.5,0.101112485,0.9583570229485956
3,344.9284476693435,210,10.55,0.10185658,0.9539751008292848
3,344.9284476693435,211,10.600000000000001,0.09976939,0.9517771843007237
3,344.9284476693435,212,10.65,0.09965028,0.9595808382868546
3,344.9284476693435,213,10.700000000000001,0.10060877,0.9546364529463855
3,344.9284476693435,214,10.75,0.10800542,0.9533886368164198
3,344.9284476693435,215,10.8,0.100241005,0.951125674941829
3,344.9284476693435,216,10.850000000000001,0.09991094,0.9556229513025764
3,344.9284476693435,217,10.9,0.09859633,0.9528234907941786
3,344.9284476693435,218,10.950000000000001,0.09769264,0.9539859495191269
3,344.9284476693435,219,11.0,0.09722472,0.9519716889553487
3,344.9284476693435,220,11.05,0.102592744,0.949530507072857
3,344.9284476693435,221,11.100000000000001,0.098226316,0.959402321379865
3,344.9284476693435,222,11.15,0.10443119,0.9514850278331086
3,344.9284476693435,223,11.200000000000001,0.10013284,0.9543115254043875
3,344.9284476693435,224,11.25,0.109104365,0.9567757583680802
3,344.9284476693435,225,11.3,0.09936886,0.9538021140357379
3,344.9284476693435,226,11.350000000000001,0.101665735,0.9653029966429137
3,344.9284476693435,227,11.4,0.09634507,0.9575651872223856
3,344.9284476693435,228,11.450000000000001,0.10266792,0.9606210419979963
3,344.9284476693435,229,11.5,0.09034222,0.9553020851227083
3,344.9284476693435,230,11.55,0.10319939,0.9601503922537848
3,344.9284476693435,231,11.600000000000001,0.09561159,0.9449915097689416
3,344.9284476693435,232,11.65,0.10215151,0.950550429460012
3,344.9284476693435,233,11.700000000000001,0.10079645,0.9540276613073279
3,344.9284476693435,234,11.75,0.10230925,0.9549010392641172
3,344.9284476693435,235,11.8,0.096946105,0.9539012533960779
3,344.9284476693435,236,11.850000000000001,0.10176802,0.9602861311969569
3,344.9284476693435,237,11.9,0.1030346,0.9543274129189014
3,344.9284476693435,238,11.950000000000001,0.10148992,0.952420602499745
3,344.9284476693435,239,12.0,0.10295884,0.9577467049698932
3,344.9284476693435,240,12.05,0.09747853,0.9566308490984075
3,344.9284476693435,241,12.100000000000001,0.10087212,0.9555734954938482
3,344.9284476693435,242,12.15,0.09733078,0.961423534126603
3,344.9284476693435,243,12.200000000000001,0.09749898,0.9516202397186895
3,344.9284476693435,244,12.25,0.101803795,0.9515564945846622
3,344.9284476693435,245,12.3,0.102359235,0.9519919149121842
3,344.9284476693435,246,12.350000000000001,0.09881065,0.9480729252304323
3,344.9284476693435,247,12.4,0.0979054,0.9574766404249958
3,344.9284476693435,248,12.450000000000001,0.10226433,0.95221099040517
3,344.9284476693435,249,12.5,0.09747408,0.9505616799716666
3,344.9284476693435,250,12.55,0.10261809,0.9539189436005779
3,344.9284476693435,251,12.600000000000001,0.10101212,0.9510744173582317
3,344.9284476693435,252,12.65,0.100735374,0.9514144733704202
3,344.9284476693435,253,12.700000000000001,0.106027886,0.9479179654420977
3,344.9284476693435,254,12.75,0.098356865,0.9548204553189243
3,344.9284476693435,255,12.8,0.10058292,0.9494446712450073
3,344.9284476693435,256,12.850000000000001,0.090841785,0.9535904278325295
3,344.9284476693435,257,12.9,0.09412655,0.9543394949171382
3,344.9284476693435,258,12.950000000000001,0.09890974,0.9517421656942712
3,344.9284476693435,259,13.0,0.09578734,0.9494437224610103
3,344.9284476693435,260,13.05,0.09547456,0.9521941723610252
3,344.9284476693435,261,13.100000000000001,0.10217867,0.9558213315387122
3,344.9284476693435,262,13.15,0.102818124,0.9487283387195192
3,344.9284476693435,263,13.200000000000001,0.10322207,0.9613162930083724
3,344.9284476693435,264,13.25,0.09733078,0.9546733370230236
3,344.9284476693435,265,13.3,0.09409339,0.9569176203337686
3,344.9284476693435,266,13.350000000000001,0.09859105,0.9572363951561392
3,344.9284476693435,267,13.4,0.09944386,0.9491605594150417
3,344.9284476693435,268,13.450000000000001,0.09712212,0.9448291400615506
3,344.9284476693435,269,13.5,0.099913545,0.9434558867286498
3,344.9284476693435,270,13.55,0.09859457,0.959054114979173
3,344.9284476693435,271,13.600000000000001,0.09712658,0.9598923449557606
3,344.9284476693435,272,13.65,0.09953449,0.961806852797859
3,344.9284476693435,273,13.700000000000001,0.1003361,0.9482723813978308
3,344.9284476693435,274,13.75,0.10006095,0.949315794417343
3,344.9284476693435,275,13.8,0.09953537,0.9530638314253631
3,344.9284476693435,276,13.850000000000001,0.101726264,0.9549672978588528
3,344.9284476693435,277,13.9,0.101498455,0.9499908030685709
3,344.9284476693435,278,13.950000000000001,0.10031536,0.9482649423710741
3,344.9284476693435,279,14.0,0.096759014,0.9531554918243491
3,344.9284476693435,280,14.05,0.09870355,0.9595533337680198
3,344.9284476693435,281,14.100000000000001,0.09867367,0.9548357431726956
3,344.9284476693435,282,14.15,0.09446398,0.9530092339146798
3,344.9284476693435,283,14.200000000000001,0.10004708,0.9547519092225274
3,344.9284476693435,284,14.25,0.09705693,0.9562394180516491
3,344.9284476693435,285,14.3,0.09945869,0.9562995327581897
3,344.9284476693435,286,14.350000000000001,0.10875895,0.9611061630134302
3,344.9284476693435,287,14.4,0.10460456,0.945733005248296
3,344.9284476693435,288,14.450000000000001,0.10419764,0.9626725277284834
3,344.9284476693435,289,14.5,0.10358763,0.9488374233909564
3,344.9284476693435,290,14.55,0.09264111,0.9520755571738384
3,344.9284476693435,291,14.600000000000001,0.098415904,0.9599389821331981
3,344.9284476693435,292,14.65,0.10043369,0.9503698048976011
3,344.9284476693435,293,14.700000000000001,0.10003842,0.9484132755748457
3,344.9284476693435,294,14.75,0.1030876,0.955122102575354
3,344.9284476693435,295,14.8,0.103876814,0.947432691309871
3,344.9284476693435,296,14.850000000000001,0.098927274,0.9502576712557869
3,344.9284476693435,297,14.9,0.09841943,0.9594780551146631
3,344.9284476693435,298,14.950000000000001,0.099393286,0.9566784663751966
3,344.9284476693435,299,15.0,0.09974593,0.9622179378956214
3,344.9284476693435,300,15.05,0.0937352,0.9485140430476571
3,344.9284476693435,301,15.100000000000001,0.0958362,0.9492763779667995
3,344.9284476693435,302,15.15,0.09649523,0.9475999324211221
3,344.9284476693435,303,15.200000000000001,0.09919771,0.9453581487875865
3,344.9284476693435,304,15.25,0.10070524,0.9501032895991931
3,344.9284476693435,305,15.3,0.09748298,0.943562970522154
3,344.9284476693435,306,15.350000000000001,0.10293863,0.9542950232522903
3,344.9284476693435,307,15.4,0.102154054,0.9426005084496409
3,344.9284476693435,308,15.450000000000001,0.10368885,0.9531086478685254
3,344.9284476693435,309,15.5,0.10111849,0.9522226134314274
3,344.9284476693435,310,15.55,0.0962109,0.9492846943551189
3,344.9284476693435,311,15.600000000000001,0.10215914,0.9633379546235659
3,344.9284476693435,312,15.65,0.09889221,0.9538377320103636
3,344.9284476693435,313,15.700000000000001,0.10360269,0.9484382185077816
3,344.9284476693435,314,15.75,0.096615545,0.954898698151603
3,344.9284476693435,315,15.8,0.10026176,0.9599404151376327
3,344.9284476693435,316,15.850000000000001,0.10357424,0.9577362314092244
3,344.9284476693435,317,15.9,0.104386345,0.9549874911584272
3,344.9284476693435,318,15.950000000000001,0.10078872,0.9532495234614559
3,344.9284476693435,319,16.0,0.10362445,0.9558706626913884
3,344.9284476693435,320,16.05,0.09901663,0.9571919794671108
3,344.9284476693435,321,16.1,0.10140531,0.9478238106223753
3,344.9284476693435,322,16.150000000000002,0.10301693,0.9459517169715422
3,344.9284476693435,323,16.2,0.1120183,0.965804386866818
3,344.9284476693435,324,16.25,0.09734147,0.9552111273458049
3,344.9284476693435,325,16.3,0.101306945,0.9541050781359046
3,344.9284476693435,326,16.35,0.10104988,0.9543240666980392
3,344.9284476693435,327,16.400000000000002,0.10116735,0.9499748318249103
3,344.9284476693435,328,16.45,0.10664752,0.9503940305153457
3,344.9284476693435,329,16.5,0.10228128,0.9569438945117803
3,344.9284476693435,330,16.55,0.09983889,0.9530796368673319
3,344.9284476693435,331,16.6,0.10592153,0.9531571893858488
3,344.9284476693435,332,16.650000000000002,0.099246636,0.9523778058608432
3,344.9284476693435,333,16.7,0.10004362,0.9545780561702566
3,344.9284476693435,334,16.75,0.10529022,0.9519757221693675
3,344.9284476693435,335,16.8,0.10339914,0.9604012219299396
3,344.9284476693435,336,16.85,0.098286316,0.9505132236554813
3,344.9284476693435,337,16.900000000000002,0.10273968,0.9571717726705418
3,344.9284476693435,338,16.95,0.10202752,0.9533860887263753
3,344.9284476693435,339,17.0,0.097593196,0.9578942555367819
3,344.9284476693435,340,17.05,0.097216696,0.9562787317816385
3,344.9284476693435,341,17.1,0.10256316,0.9558171726481348
3,344.9284476693435,342,17.150000000000002,0.10676289,0.9588585411646253
3,344.9284476693435,343,17.2,0.09994738,0.9534871901671367
3,344.9284476693435,344,17.25,0.10702487,0.9613261506213168
3,344.9284476693435,345,17.3,0.100559644,0.9523376358732065
3,344.9284476693435,346,17.35,0.09801072,0.9431387686996786
3,344.9284476693435,347,17.400000000000002,0.10066564,0.9484277732748636
3,344.9284476693435,348,17.45,0.09957456,0.9556975763559165
3,344.9284476693435,349,17.5,0.10063031,0.9585402047762357
3,344.9284476693435,350,17.55,0.10387597,0.9541741205354549
3,344.9284476693435,351,17.6,0.106327556,0.9564074319210913
3,344.9284476693435,352,17.650000000000002,0.10261386,0.9561859434071822
3,344.9284476693435,353,17.7,0.10653039,0.9570979568213308
3,344.9284476693435,354,17.75,0.09906915,0.9556069418210603
3,344.9284476693435,355,17.8,0.10053981,0.9504251879473261
3,344.9284476693435,356,17.85,0.09985105,0.9579387712496754
3,344.9284476693435,357,17.900000000000002,0.10225245,0.9591584408748849
3,344.9284476693435,358,17.95,0.10217527,0.9563662926494265
3,344.9284476693435,359,18.0,0.102958,0.9565719395842265
3,344.9284476693435,360,18.05,0.095671415,0.9547565945346913
3,344.9284476693435,361,18.1,0.10394105,0.957962264750741
3,344.9284476693435,362,18.150000000000002,0.10144463,0.9546044480964214
3,344.9284476693435,363,18.2,0.099292055,0.959133346335676
3,344.9284476693435,364,18.25,0.09713283,0.9541340649039233
3,344.9284476693435,365,18.3,0.096801125,0.9530027153447291
3,344.9284476693435,366,18.35,0.099870145,0.952656347276758
3,344.9284476693435,367,18.400000000000002,0.099278085,0.9548222741317898
3,344.9284476693435,368,18.45,0.10338405,0.9541891116360259
3,344.9284476693435,369,18.5,0.10504373,0.952286352672341
3,344.9284476693435,370,18.55,0.098597206,0.9539088756628622
3,344.9284476693435,371,18.6,0.09869564,0.9630540260550032
3,344.9284476693435,372,18.650000000000002,0.10293611,0.9504706595860523
3,344.9284476693435,373,18.7,0.100170925,0.9492013623315684
3,344.9284476693435,374,18.75,0.10429661,0.9548214774707534
3,344.9284476693435,375,18.8,0.10424755,0.9545721108071635
3,344.9284476693435,376,18.85,0.095249094,0.953616458236768
3,344.9284476693435,377,18.900000000000002,0.09708551,0.954968711055595
3,344.9284476693435,378,18.95,0.104066096,0.9562380644037133
3,344.9284476693435,379,19.0,0.09967376,0.956029488964869
3,344.9284476693435,380,19.05,0.09696041,0.9486656100436347
3,344.9284476693435,381,19.1,0.1020734,0.9578725891606099
3,344.9284476693435,382,19.150000000000002,0.10012418,0.9612784644694482
3,344.9284476693435,383,19.200000000000003,0.095363714,0.9567434428887222
3,344.9284476693435,384,19.25,0.09941858,0.9572392075905319
3,344.9284476693435,385,19.3,0.09973984,0.9538481742395732
3,344.9284476693435,386,19.35,0.10244051,0.956097050678572
3,344.9284476693435,387,19.400000000000002,0.100457,0.9542572380132686
3,344.9284476693435,388,19.450000000000003,0.09763139,0.9566181809932143
3,344.9284476693435,389,19.5,0.09722115,0.9567616084932723
3,344.9284476693435,390,19.55,0.09674826,0.9514893613279299
3,344.9284476693435,391,19.6,0.09673482,0.9656001718248282
3,344.9284476693435,392,19.650000000000002,0.10266708,0.9605630165746415
3,344.9284476693435,393,19.700000000000003,0.099229164,0.9530232913553517
3,344.9284476693435,394,19.75,0.10372229,0.954432688835265
3,344.9284476693435,395,19.8,0.095629714,0.9617368984377933
3,344.9284476693435,396,19.85,0.099076144,0.956281150539523
3,344.9284476693435,397,19.900000000000002,0.09602869,0.9569055657281619
3,344.9284476693435,398,19.950000000000003,0.1054079,0.9549443057315209
3,344.9284476693435,399,20.0,0.10067597,0.9585431788702883
4,361.75491145769735,0,0.05,0.09478924,0.962584411268785
4,361.75491145769735,1,0.1,0.097755626,0.9552289810402489
4,361.75491145769735,2,0.15000000000000002,0.099221304,0.959461382828406
4,361.75491145769735,3,0.2,0.100487195,0.9594636486514511
4,361.75491145769735,4,0.25,0.092476256,0.9591194757365801
4,361.75491145769735,5,0.30000000000000004,0.097897425,0.9572036276827489
4,361.75491145769735,6,0.35000000000000003,0.09885276,0.9560499347258339
4,361.75491145769735,7,0.4,0.10429162,0.9585851857438525
4,361.75491145769735,8,0.45,0.100469075,0.9606927879267262
4,361.75491145769735,9,0.5,0.1027287,0.9635654665829081
4,361.75491145769735,10,0.55,0.09196201,0.9606700716431413
4,361.75491145769735,11,0.6000000000000001,0.100752585,0.9580916072276037
4,361.75491145769735,12,0.65,0.099462174,0.9606280915734632
4,361.75491145769735,13,0.7000000000000001,0.09842383,0.9535435311072975
4,361.75491145769735,14,0.75,0.09838066,0.958644917631549
4,361.75491145769735,15,0.8,0.09852332,0.9597960605779571
4,361.75491145769735,16,0.8500000000000001,0.096137874,0.9604904346264241
4,361.75491145769735,17,0.9,0.10347877,0.9594611036563566
4,361.75491145769735,18,0.9500000000000001,0.098125644,0.9569300317637989
4,361.75491145769735,19,1.0,0.100810215,0.9543254965517602
4,361.75491145769735,20,1.05,0.095337346,0.9535825488396854
4,361.75491145769735,21,1.1,0.09814685,0.9606264039372525
4,361.75491145769735,22,1.1500000000000001,0.09259243,0.9575126994581548
4,361.75491145769735,23,1.2000000000000002,0.0985761,0.9607286697984116
4,361.75491145769735,24,1.25,0.09858226,0.9557028130363693
4,361.75491145769735,25,1.3,0.096715994,0.9501923968227697
4,361.75491145769735,26,1.35,0.09993957,0.9601609789302288
4,361.75491145769735,27,1.4000000000000001,0.09447132,0.9472436934613223
4,361.75491145769735,28,1.4500000000000002,0.10038361,0.9486529486528272
4,361.75491145769735,29,1.5,0.10100868,0.9580793665819884
4,361.75491145769735,30,1.55,0.10455896,0.955646741944617
4,361.75491145769735,31,1.6,0.10624599,0.9650325000824426
4,361.75491145769735,32,1.6500000000000001,0.09721402,0.9592224963663225
4,361.75491145769735,33,1.7000000000000002,0.101132214,0.9619155502757442
4,361.75491145769735,34,1.75,0.09349534,0.9584468548014046
4,361.75491145769735,35,1.8,0.09851363,0.9573485139332333
4,361.75491145769735,36,1.85,0.10505611,0.9621906673318306
4,361.75491145769735,37,1.9000000000000001,0.09816187,0.9565518453899089
4,361.75491145769735,38,1.9500000000000002,0.097197965,0.9549353968716665
4,361.75491145769735,39,2.0,0.098218374,0.9544868576915663
4,361.75491145769735,40,2.0500000000000003,0.09914788,0.9571406624779305
4,361.75491145769735,41,2.1,0.09817776,0.9607254455572307
4,361.75491145769735,42,2.15,0.0998797,0.9612935693752841
4,361.75491145769735,43,2.2,0.104726315,0.9608061692492744
4,361.75491145769735,44,2.25,0.10052774,0.9620610595528415
4,361.75491145769735,45,2.3000000000000003,0.10141472,0.9579146737889133
4,361.75491145769735,46,2.35,0.102551326,0.9596003171028609
4,361.75491145769735,47,2.4000000000000004,0.099724196,0.9586903369789259
4,361.75491145769735,48,2.45,0.0994055,0.9564604281878653
4,361.75491145769735,49,2.5,0.099558875,0.9623874902436584
4,361.75491145769735,50,2.5500000000000003,0.09781238,0.9561100062915019
4,361.75491145769735,51,2.6,0.10397358,0.9580972905534658
4,361.75491145769735,52,2.6500000000000004,0.092827156,0.9583253500387274
4,361.75491145769735,53,2.7,0.09840269,0.9508041241932027
4,361.75491145769735,54,2.75,0.091891274,0.9591700056707175
4,361.75491145769735,55,2.8000000000000003,0.099864066,0.9604342554695614
4,361.75491145769735,56,2.85,0.10011899,0.9586042969240215
4,361.75491145769735,57,2.9000000000000004,0.09597903,0.9552786715318131
4,361.75491145769735,58,2.95,0.09860248,0.9610340654077195
4,361.75491145769735,59,3.0,0.10380167,0.957089195964212
4,361.75491145769735,60,3.0500000000000003,0.10015102,0.9534952367473079
4,361.75491145769735,61,3.1,0.10128383,0.9578849908054391
4,361.75491145769735,62,3.1500000000000004,0.10606386,0.9590791565434555
4,361.75491145769735,63,3.2,0.098935165,0.9552981605153804
4,361.75491145769735,64,3.25,0.09734948,0.9620665032007162
4,361.75491145769735,65,3.3000000000000003,0.103102736,0.9535348882684237
4,361.75491145769735,66,3.35,0.10206151,0.9590995226681301
4,361.75491145769735,67,3.4000000000000004,0.10508747,0.9585664844734205
4,361.75491145769735,68,3.45,0.09894656,0.955872194869157
4,361.75491145769735,69,3.5,0.09847315,0.9574881145954798
4,361.75491145769735,70,3.5500000000000003,0.09967637,0.9611643629773501
4,361.75491145769735,71,3.6,0.10384259,0.960242426612977
4,361.75491145769735,72,3.6500000000000004,0.1021863,0.9569606262961374
4,361.75491145769735,73,3.7,0.106796995,0.9543766582378694
4,361.75491145769735,74,3.75,0.10641395,0.9577202046344454
4,361.75491145769735,75,3.8000000000000003,0.097323656,0.955245395634034
4,361.75491145769735,76,3.85,0.1010739,0.9588404569481447
4,361.75491145769735,77,3.9000000000000004,0.0973575,0.9525395356377265
4,361.75491145769735,78,3.95,0.10001068,0.9621174851442937
4,361.75491145769735,79,4.0,0.10388766,0.9643587174228205
4,361.75491145769735,80,4.05,0.0982016,0.955021072552833
4,361.75491145769735,81,4.1000000000000005,0.10685867,0.9534505209977069
4,361.75491145769735,82,4.15,0.098936036,0.9582556759002103
4,361.75491145769735,83,4.2,0.09811504,0.9602919492309674
4,361.75491145769735,84,4.25,0.099306025,0.9574459120135743
4,361.75491145769735,85,4.3,0.09905864,0.9529031044977792
4,361.75491145769735,86,4.3500000000000005,0.09917935,0.9487021476072458
4,361.75491145769735,87,4.4,0.1030001,0.9532226355698561
4,361.75491145769735,88,4.45,0.09815657,0.9532288817594016
4,361.75491145769735,89,4.5,0.09564695,0.9526716124930023
4,361.75491145769735,90,4.55,0.09878608,0.9547620000742663
4,361.75491145769735,91,4.6000000000000005,0.095398255,0.9531861903210214
4,361.75491145769735,92,4.65,0.10197397,0.9552732267316089
4,361.75491145769735,93,4.7,0.094710544,0.955779640793474
4,361.75491145769735,94,4.75,0.10319435,0.9520119693947643
4,361.75491145769735,95,4.800000000000001,0.09984844,0.9549241728664278
4,361.75491145769735,96,4.8500000000000005,0.091776095,0.9517412873038154
4,361.75491145769735,97,4.9,0.096448496,0.9555383213621854
4,361.75491145769735,98,4.95,0.0985717,0.9596585117074358
4,361.75491145769735,99,5.0,0.10455315,0.9606076533279823
4,361.75491145769735,100,5.050000000000001,0.1003862,0.9555977938516199
4,361.75491145769735,101,5.1000000000000005,0.1008128,0.954086719342395
4,361.75491145769735,102,5.15,0.0993959,0.9590756355713748
4,361.75491145769735,103,5.2,0.099251,0.9516331782526939
4,361.75491145769735,104,5.25,0.09918722,0.9595171845356837
4,361.75491145769735,105,5.300000000000001,0.10220496,0.9674700304657677
4,361.75491145769735,106,5.3500000000000005,0.10330184,0.9631384405536235
4,361.75491145769735,107,5.4,0.09674557,0.9554095942243158
4,361.75491145769735,108,5.45,0.095426425,0.9571319459779846
4,361.75491145769735,109,5.5,0.10109276,0.955513935226237
4,361.75491145769735,110,5.550000000000001,0.098837845,0.9607868551115591
4,361.75491145769735,111,5.6000000000000005,0.097851366,0.9575120229672893
4,361.75491145769735,112,5.65,0.10567652,0.9564196731124786
4,361.75491145769735,113,5.7,0.09415694,0.9534028643654313
4,361.75491145769735,114,5.75,0.10112621,0.9571706144370673
4,361.75491145769735,115,5.800000000000001,0.0952582,0.9587424673574191
4,361.75491145769735,116,5.8500000000000005,0.10338405,0.9567759451267172
4,361.75491145769735,117,5.9,0.100692324,0.9586247241688483
4,361.75491145769735,118,5.95,0.099153124,0.9582026238750139
4,361.75491145769735,119,6.0,0.10013024,0.9554872308787554
4,361.75491145769735,120,6.050000000000001,0.09975636,0.9583580665616444
4,361.75491145769735,121,6.1000000000000005,0.10486448,0.9624510163234419
4,361.75491145769735,122,6.15,0.09826603,0.9563415392007897
4,361.75491145769735,123,6.2,0.099132136,0.9564942962357464
4,361.75491145769735,124,6.25,0.096444,0.9534989734296594
4,361.75491145769735,125,6.300000000000001,0.09920033,0.9588939016378472
4,361.75491145769735,126,6.3500000000000005,0.09796471,0.95618203269189
4,361.75491145769735,127,6.4,0.0974643,0.9565703792214731
4,361.75491145769735,128,6.45,0.10220836,0.9579880804861314
4,361.75491145769735,129,6.5,0.09887906,0.9535508313311979
4,361.75491145769735,130,6.550000000000001,0.09901487,0.9574859630384259
4,361.75491145769735,131,6.6000000000000005,0.098915,0.9584924954854682
4,361.75491145769735,132,6.65,0.1010739,0.9603269328252034
4,361.75491145769735,133,6.7,0.09784162,0.9515135653602781
4,361.75491145769735,134,6.75,0.10307667,0.957367026204872
4,361.75491145769735,135,6.800000000000001,0.105301745,0.9598223008798541
4,361.75491145769735,136,6.8500000000000005,0.10034042,0.9621343401123238
4,361.75491145769735,137,6.9,0.09758165,0.9575819406001107
4,361.75491145769735,138,6.95,0.09785314,0.9595908745814404
4,361.75491145769735,139,7.0,0.10138735,0.9615942499176366
4,361.75491145769735,140,7.050000000000001,0.096985444,0.9595074504720387
4,361.75491145769735,141,7.1000000000000005,0.10005228,0.9520786463138713
4,361.75491145769735,142,7.15,0.09849075,0.9571054098196903
4,361.75491145769735,143,7.2,0.094713286,0.9483374680944167
4,361.75491145769735,144,7.25,0.09778312,0.9593324192594573
4,361.75491145769735,145,7.300000000000001,0.0917846,0.9530037471790967
4,361.75491145769735,146,7.3500000000000005,0.10023149,0.9628892546411982
4,361.75491145769735,147,7.4,0.09707212,0.9591001114529245
4,361.75491145769735,148,7.45,0.1089493,0.953203664793915
4,361.75491145769735,149,7.5,0.099913545,0.9511931657101775
4,361.75491145769735,150,7.550000000000001,0.093889534,0.9572843256203682
4,361.75491145769735,151,7.6000000000000005,0.10274643,0.9534781440663849
4,361.75491145769735,152,7.65,0.10034128,0.9547463044763466
4,361.75491145769735,153,7.7,0.09927197,0.9493026722161713
4,361.75491145769735,154,7.75,0.1004941,0.9528420598575754
4,361.75491145769735,155,7.800000000000001,0.097175665,0.9578221777027294
4,361.75491145769735,156,7.8500000000000005,0.097117655,0.9531434579841986
4,361.75491145769735,157,7.9,0.09211837,0.9558428933875869
4,361.75491145769735,158,7.95,0.098748334,0.9575778641884252
4,361.75491145769735,159,8.0,0.09908227,0.9575147039085615
4,361.75491145769735,160,8.05,0.101313785,0.9620393020888163
4,361.75491145769735,161,8.1,0.10386262,0.9587704892816793
4,361.75491145769735,162,8.15,0.09931126,0.9546477219105445
4,361.75491145769735,163,8.200000000000001,0.1064335,0.9612176176781947
4,361.75491145769735,164,8.25,0.10227704,0.9498605028399721
4,361.75491145769735,165,8.3,0.098536514,0.9607974915916704
4,361.75491145769735,166,8.35,0.10195527,0.9607637836435325
4,361.75491145769735,167,8.4,0.10259527,0.9627298261604716
4,361.75491145769735,168,8.450000000000001,0.10412773,0.9613536290015172
4,361.75491145769735,169,8.5,0.10230586,0.962227339756299
4,361.75491145769735,170,8.55,0.09708283,0.9485117633660678
4,361.75491145769735,171,8.6,0.10100783,0.9576857891982432
4,361.75491145769735,172,8.65,0.10091165,0.9556046674320051
4,361.75491145769735,173,8.700000000000001,0.09600071,0.9528719188883411
4,361.75491145769735,174,8.75,0.09759586,0.955141666403954
4,361.75491145769735,175,8.8,0.09965724,0.9603041892303192
4,361.75491145769735,176,8.85,0.10210652,0.9562770248213748
4,361.75491145769735,177,8.9,0.10091079,0.9531138054863816
4,361.75491145769735,178,8.950000000000001,0.09881943,0.9502650289226164
4,361.75491145769735,179,9.0,0.101337746,0.9565783567377826
4,361.75491145769735,180,9.05,0.09810798,0.9544319852156686
4,361.75491145769735,181,9.1,0.09959371,0.9598176713559616
4,361.75491145769735,182,9.15,0.097732574,0.9591470767399282
4,361.75491145769735,183,9.200000000000001,0.096923746,0.9588166862455254
4,361.75491145769735,184,9.25,0.09841678,0.9593219164043674
4,361.75491145769735,185,9.3,0.09718637,0.9576232279080301
4,361.75491145769735,186,9.35,0.093971685,0.9578661376583767
4,361.75491145769735,187,9.4,0.09975897,0.9545367207699363
4,361.75491145769735,188,9.450000000000001,0.09958239,0.960550113035767
4,361.75491145769735,189,9.5,0.09919159,0.9566981131343572
4,361.75491145769735,190,9.55,0.09663798,0.9548140267522746
4,361.75491145769735,191,9.600000000000001,0.09871672,0.9600080529597717
4,361.75491145769735,192,9.65,0.093540765,0.9576607271261338
4,361.75491145769735,193,9.700000000000001,0.10021765,0.9610106328335225
4,361.75491145769735,194,9.75,0.1003361,0.9539806181277588
4,361.75491145769735,195,9.8,0.09791248,0.959307098782886
4,361.75491145769735,196,9.850000000000001,0.094121024,0.9469237675178964
4,361.75491145769735,197,9.9,0.0949245,0.9608253971970221
4,361.75491145769735,198,9.950000000000001,0.10585767,0.9664042843193204
4,361.75491145769735,199,10.0,0.1007956,0.9544029409833649
4,361.75491145769735,200,10.05,0.10383924,0.9537572729472467
4,361.75491145769735,201,10.100000000000001,0.09503952,0.9603095232403949
4,361.75491145769735,202,10.15,0.09792754,0.9592753935368268
4,361.75491145769735,203,10.200000000000001,0.098503955,0.9585538272831392
4,361.75491145769735,204,10.25,0.09882381,0.9590382104434804
4,361.75491145769735,205,10.3,0.09925275,0.9591874260211588
4,361.75491145769735,206,10.350000000000001,0.102624,0.950323903876255
4,361.75491145769735,207,10.4,0.09846874,0.9530526404578734
4,361.75491145769735,208,10.450000000000001,0.101012975,0.9598650690958496
4,361.75491145769735,209,10.5,0.09940637,0.9590297135780017
4,361.75491145769735,210,10.55,0.09695147,0.9567880353619616
4,361.75491145769735,211,10.600000000000001,0.10346452,0.9515731084724915
4,361.75491145769735,212,10.65,0.09926061,0.9507976741105246
4,361.75491145769735,213,10.700000000000001,0.10731852,0.9535237000951698
4,361.75491145769735,214,10.75,0.09884311,0.9561683798532564
4,361.75491145769735,215,10.8,0.09757987,0.9549971854693595
4,361.75491145769735,216,10.850000000000001,0.101540305,0.9590350627425759
4,361.75491145769735,217,10.9,0.10059154,0.9544212752544318
4,361.75491145769735,218,10.950000000000001,0.10596982,0.9556583761767458
4,361.75491145769735,219,11.0,0.099133015,0.9534064506238467
4,361.75491145769735,220,11.05,0.09812211,0.9537575040091197
4,361.75491145769735,221,11.100000000000001,0.10505116,0.9529103867854253
4,361.75491145769735,222,11.15,0.099510975,0.9584990055006976
4,361.75491145769735,223,11.200000000000001,0.09618566,0.9602641228115408
4,361.75491145769735,224,11.25,0.095241815,0.9460158390539645
4,361.75491145769735,225,11.3,0.101739906,0.9487813684175028
4,361.75491145769735,226,11.350000000000001,0.10696977,0.9615599939277857
4,361.75491145769735,227,11.4,0.09772103,0.9577695037078512
4,361.75491145769735,228,11.450000000000001,0.103556655,0.9606744057316642
4,361.75491145769735,229,11.5,0.09872638,0.9575250982705391
4,361.75491145769735,230,11.55,0.100942574,0.9480066352388596
4,361.75491145769735,231,11.600000000000001,0.09608285,0.9575147528026136
4,361.75491145769735,232,11.65,0.09959023,0.9521146372499399
4,361.75491145769735,233,11.700000000000001,0.09905165,0.9557477659179769
4,361.75491145769735,234,11.75,0.10002195,0.9543440974428471
4,361.75491145769735,235,11.8,0.099182844,0.9526840034500618
4,361.75491145769735,236,11.850000000000001,0.10394105,0.9569372493844946
4,361.75491145769735,237,11.9,0.10014063,0.9619576043783228
4,361.75491145769735,238,11.950000000000001,0.09565963,0.9565933601319908
4,361.75491145769735,239,12.0,0.1040386,0.9572750207859729
4,361.75491145769735,240,12.05,0.10273377,0.9587833077150004
4,361.75491145769735,241,12.100000000000001,0.10231349,0.9647201197780858
4,361.75491145769735,242,12.15,0.10059327,0.952492485810122
4,361.75491145769735,243,12.200000000000001,0.0977645,0.9502644542132124
4,361.75491145769735,244,12.25,0.10718595,0.9503938191936527
4,361.75491145769735,245,12.3,0.09877905,0.9547906226626528
4,361.75491145769735,246,12.350000000000001,0.104014434,0.9561958292749817
4,361.75491145769735,247,12.4,0.09920033,0.9594707185681789
4,361.75491145769735,248,12.450000000000001,0.10169899,0.9569137125830142
4,361.75491145769735,249,12.5,0.09834541,0.9525508165955763
4,361.75491145769735,250,12.55,0.10006874,0.9541845181360203
4,361.75491145769735,251,12.600000000000001,0.10166404,0.9531979368767286
4,361.75491145769735,252,12.65,0.09785845,0.9505812955213399
4,361.75491145769735,253,12.700000000000001,0.101072185,0.9506556963343135
4,361.75491145769735,254,12.75,0.1095255,0.9563804474583225
4,361.75491145769735,255,12.8,0.097111404,0.9516029325006325
4,361.75491145769735,256,12.850000000000001,0.10238718,0.9577737754250216
4,361.75491145769735,257,12.9,0.097360164,0.9557034061610296
4,361.75491145769735,258,12.950000000000001,0.10237786,0.9563753049056575
4,361.75491145769735,259,13.0,0.106420465,0.9515372701049037
4,361.75491145769735,260,13.05,0.096064806,0.9601154219010409
4,361.75491145769735,261,13.100000000000001,0.10205386,0.959504460417828
4,361.75491145769735,262,13.15,0.10643106,0.9577271251357641
4,361.75491145769735,263,13.200000000000001,0.09894568,0.9576691011594953
4,361.75491145769735,264,13.25,0.09739311,0.9551288012792006
4,361.75491145769735,265,13.3,0.09145245,0.9502789079308681
4,361.75491145769735,266,13.350000000000001,0.100532055,0.9527674836534794
4,361.75491145769735,267,13.4,0.09624423,0.9584077552259849
4,361.75491145769735,268,13.450000000000001,0.10605323,0.963188153772143
4,361.75491145769735,269,13.5,0.107802145,0.949517825582408
4,361.75491145769735,270,13.55,0.09871672,0.949923869762035
4,361.75491145769735,271,13.600000000000001,0.10458548,0.9592493127956717
4,361.75491145769735,272,13.65,0.101322345,0.9531243590519788
4,361.75491145769735,273,13.700000000000001,0.099408984,0.9528655351771153
4,361.75491145769735,274,13.75,0.1014865,0.9571187556189897
4,361.75491145769735,275,13.8,0.09260273,0.9575432378059958
4,361.75491145769735,276,13.850000000000001,0.10707751,0.9601769774795167
4,361.75491145769735,277,13.9,0.097291574,0.9597453940131205
4,361.75491145769735,278,13.950000000000001,0.10005921,0.9574053636334983
4,361.75491145769735,279,14.0,0.10083086,0.9542989083723762
4,361.75491145769735,280,14.05,0.10308508,0.948802881012841
4,361.75491145769735,281,14.100000000000001,0.10304554,0.9514005017795294
4,361.75491145769735,282,14.15,0.09712034,0.9572569338492979
4,361.75491145769735,283,14.200000000000001,0.097564764,0.9571616868266156
4,361.75491145769735,284,14.25,0.10310358,0.9486742821503097
4,361.75491145769735,285,14.3,0.10126072,0.9532398512874283
4,361.75491145769735,286,14.350000000000001,0.1024676,0.9525208813400708
4,361.75491145769735,287,14.4,0.10194421,0.9533171444318983
4,361.75491145769735,288,14.450000000000001,0.094217695,0.9533309864631478
4,361.75491145769735,289,14.5,0.0937426,0.9577819997121264
4,361.75491145769735,290,14.55,0.099718116,0.9503825051393431
4,361.75491145769735,291,14.600000000000001,0.0969309,0.9499696996337386
4,361.75491145769735,292,14.65,0.10715278,0.9568997059263735
4,361.75491145769735,293,14.700000000000001,0.104823135,0.9505875108711376
4,361.75491145769735,294,14.75,0.09779642,0.9575335175302577
4,361.75491145769735,295,14.8,0.102044515,0.9511410347048865
4,361.75491145769735,296,14.850000000000001,0.104900025,0.9476572845941874
4,361.75491145769735,297,14.9,0.0991811,0.9575708787716625
4,361.75491145769735,298,14.950000000000001,0.10519796,0.9611746413834636
4,361.75491145769735,299,15.0,0.096657716,0.9568017517167332
4,361.75491145769735,300,15.05,0.11064696,0.9515443427716842
4,361.75491145769735,301,15.100000000000001,0.09715603,0.9591083921697627
4,361.75491145769735,302,15.15,0.09945869,0.9558631881705274
4,361.75491145769735,303,15.200000000000001,0.097674005,0.9526151362937588
4,361.75491145769735,304,15.25,0.10216848,0.9598973218233874
4,361.75491145769735,305,15.3,0.10091337,0.9525848477131095
4,361.75491145769735,306,15.350000000000001,0.099045515,0.9511985043108957
4,361.75491145769735,307,15.4,0.09875799,0.9616085072284415
4,361.75491145769735,308,15.450000000000001,0.09895619,0.9468057131844235
4,361.75491145769735,309,15.5,0.09970942,0.9484863386020975
4,361.75491145769735,310,15.55,0.10311114,0.9635313257390277
4,361.75491145769735,311,15.600000000000001,0.097951435,0.9556406634113884
4,361.75491145769735,312,15.65,0.092754275,0.9573770710639886
4,361.75491145769735,313,15.700000000000001,0.10068975,0.9500181428406894
4,361.75491145769735,314,15.75,0.09778312,0.9543318699047922
4,361.75491145769735,315,15.8,0.09703192,0.9546134760333319
4,361.75491145769735,316,15.850000000000001,0.09797356,0.9478469764271484
4,361.75491145769735,317,15.9,0.09949965,0.9560547692498983
4,361.75491145769735,318,15.950000000000001,0.10742107,0.9475399983364678
4,361.75491145769735,319,16.0,0.09801603,0.9564593065696012
4,361.75491145769735,320,16.05,0.10020035,0.9501058423577912
4,361.75491145769735,321,16.1,0.10180039,0.9611546758071335
4,361.75491145769735,322,16.150000000000002,0.105060235,0.9533296806707949
4,361.75491145769735,323,16.2,0.10958406,0.946967000434095
4,361.75491145769735,324,16.25,0.096098185,0.9605340613595122
4,361.75491145769735,325,16.3,0.103532374,0.956211465528644
4,361.75491145769735,326,16.35,0.10243628,0.9533040313671461
4,361.75491145769735,327,16.400000000000002,0.09788769,0.9537676168106993
4,361.75491145769735,328,16.45,0.104602896,0.9602964895062919
4,361.75491145769735,329,16.5,0.10504126,0.951003548449656
4,361.75491145769735,330,16.55,0.10001849,0.9508230875357295
4,361.75491145769735,331,16.6,0.09983368,0.9561830402610443
4,361.75491145769735,332,16.650000000000002,0.10332281,0.9471259016154503
4,361.75491145769735,333,16.7,0.103028715,0.9562437535164376
4,361.75491145769735,334,16.75,0.09977895,0.9494317264937074
4,361.75491145769735,335,16.8,0.0954028,0.950016595122352
4,361.75491145769735,336,16.85,0.09493364,0.9547048937924382
4,361.75491145769735,337,16.900000000000002,0.107915476,0.9582477426895613
4,361.75491145769735,338,16.95,0.10341675,0.9547082445855951
4,361.75491145769735,339,17.0,0.09977982,0.9578971303677037
4,361.75491145769735,340,17.05,0.10026522,0.9578590324221022
4,361.75491145769735,341,17.1,0.10429162,0.9523279108792665
4,361.75491145769735,342,17.150000000000002,0.09663259,0.9570115666755544
4,361.75491145769735,343,17.2,0.10206575,0.9570255294185349
4,361.75491145769735,344,17.25,0.111893624,0.960540201146428
4,361.75491145769735,345,17.3,0.09885276,0.9578353747427085
4,361.75491145769735,346,17.35,0.10329931,0.9618457928451056
4,361.75491145769735,347,17.400000000000002,0.09657516,0.9548241468705428
4,361.75491145769735,348,17.45,0.10099581,0.9588168159084282
4,361.75491145769735,349,17.5,0.10645875,0.9493629485894343
4,361.75491145769735,350,17.55,0.102153204,0.9555795167668762
4,361.75491145769735,351,17.6,0.09935403,0.9588455895598865
4,361.75491145769735,352,17.650000000000002,0.100197755,0.9509463982572623
4,361.75491145769735,353,17.7,0.10066305,0.9547365228056318
4,361.75491145769735,354,17.75,0.10095374,0.9536800603182894
4,361.75491145769735,355,17.8,0.10300178,0.9453003030685656
4,361.75491145769735,356,17.85,0.104694024,0.9574176337268729
4,361.75491145769735,357,17.900000000000002,0.10142412,0.9532026768310813
4,361.75491145769735,358,17.95,0.11072999,0.9520520180066975
4,361.75491145769735,359,18.0,0.09926847,0.9565384171501108
4,361.75491145769735,360,18.05,0.09791868,0.9548193833155258
4,361.75491145769735,361,18.1,0.09048414,0.9549269829420626
4,361.75491145769735,362,18.150000000000002,0.10423009,0.9568826711263742
4,361.75491145769735,363,18.2,0.09565601,0.9505090212039469
4,361.75491145769735,364,18.25,0.098510996,0.9544150433773277
4,361.75491145769735,365,18.3,0.10023668,0.9495012887065408
4,361.75491145769735,366,18.35,0.1015992,0.9594634782514709
4,361.75491145769735,367,18.400000000000002,0.103676304,0.9577476887148706
4,361.75491145769735,368,18.45,0.095151655,0.9473930615848394
4,361.75491145769735,369,18.5,0.09681187,0.956382717654065
4,361.75491145769735,370,18.55,0.098452896,0.9599439018278985
4,361.75491145769735,371,18.6,0.09984236,0.9561661449688199
4,361.75491145769735,372,18.650000000000002,0.095843434,0.9495630681337682
4,361.75491145769735,373,18.7,0.098975465,0.9505624138816288
4,361.75491145769735,374,18.75,0.09897021,0.9547524712882436
4,361.75491145769735,375,18.8,0.09450986,0.9506325031024145
4,361.75491145769735,376,18.85,0.10630717,0.9579977941874037
4,361.75491145769735,377,18.900000000000002,0.106482364,0.9591509225714363
4,361.75491145769735,378,18.95,0.10464433,0.9585542290399095
4,361.75491145769735,379,19.0,0.09510335,0.9475382834630302
4,361.75491145769735,380,19.05,0.09989792,0.9573048064486684
4,361.75491145769735,381,19.1,0.09839916,0.9546404230191302
4,361.75491145769735,382,19.150000000000002,0.09931388,0.9539745535753191
4,361.75491145769735,383,19.200000000000003,0.10203687,0.9502268245250167
4,361.75491145769735,384,19.25,0.10088673,0.9588938732026124
4,361.75491145769735,385,19.3,0.10419182,0.9529880264701424
4,361.75491145769735,386,19.35,0.10466587,0.9516796195430473
4,361.75491145769735,387,19.400000000000002,0.10210312,0.955256053023214
4,361.75491145769735,388,19.450000000000003,0.095987156,0.9539384756054229
4,361.75491145769735,389,19.5,0.097664244,0.9600004670070741
4,361.75491145769735,390,19.55,0.103717275,0.9552931544807663
4,361.75491145769735,391,19.6,0.104490116,0.9543275956067908
4,361.75491145769735,392,19.650000000000002,0.09781149,0.9514629851702987
4,361.75491145769735,393,19.700000000000003,0.1078978,0.9600873311830685
4,361.75491145769735,394,19.75,0.10027214,0.9570871210564048
4,361.75491145769735,395,19.8,0.09734859,0.9537094204713777
4,361.75491145769735,396,19.85,0.0954346,0.9562449816674734
4,361.75491145769735,397,19.900000000000002,0.10625741,0.9567515093977542
4,361.75491145769735,398,19.950000000000003,0.101395905,0.9506320462785189
4,361.75491145769735,399,20.0,0.101632476,0.9567134013949977
5,379.60085807100313,0,0.05,0.10606958,0.9654487460097708
5,379.60085807100313,1,0.1,0.10366209,0.961773452870426
5,379.60085807100313,2,0.15000000000000002,0.09842559,0.9566282157548811
5,379.60085807100313,3,0.2,0.09363433,0.967226176874854
5,379.60085807100313,4,0.25,0.0982016,0.9564996340377798
5,379.60085807100313,5,0.30000000000000004,0.09625414,0.9591964800084435
5,379.60085807100313,6,0.35000000000000003,0.102548786,0.9602203871511132
5,379.60085807100313,7,0.4,0.09585339,0.9557355049080342
5,379.60085807100313,8,0.45,0.103481285,0.9601991906742546
5,379.60085807100313,9,0.5,0.103729814,0.9580040785860999
5,379.60085807100313,10,0.55,0.106059775,0.9641709982944018
5,379.60085807100313,11,0.6000000000000001,0.10047944,0.9584706485769455
5,379.60085807100313,12,0.65,0.09330784,0.959619959342824
5,379.60085807100313,13,0.7000000000000001,0.09824132,0.9597460938755529
5,379.60085807100313,14,0.75,0.1015881,0.9550112445455445
5,379.60085807100313,15,0.8,0.10225415,0.9548204816647554
5,379.60085807100313,16,0.8500000000000001,0.09835421,0.9593869626163011
5,379.60085807100313,17,0.9,0.09427565,0.9630725811856458
5,379.60085807100313,18,0.9500000000000001,0.10318847,0.9544142303000412
5,379.60085807100313,19,1.0,0.09795497,0.9550169349430011
5,379.60085807100313,20,1.05,0.1001692,0.958955522441976
5,379.60085807100313,21,1.1,0.10253018,0.9571169204511049
5,379.60085807100313,22,1.1500000000000001,0.098598965,0.9578849388339012
5,379.60085807100313,23,1.2000000000000002,0.094756305,0.9576409584977188
5,379.60085807100313,24,1.25,0.10382923,0.9606767023787035
5,379.60085807100313,25,1.3,0.099984676,0.9547493433801711
5,379.60085807100313,26,1.35,0.10233467,0.9551528852910226
5,379.60085807100313,27,1.4000000000000001,0.10597309,0.9630294132891696
5,379.60085807100313,28,1.4500000000000002,0.10036634,0.9585180313782379
5,379.60085807100313,29,1.5,0.10332198,0.9572930960350344
5,379.60085807100313,30,1.55,0.09843793,0.9587396259078163
5,379.60085807100313,31,1.6,0.096671164,0.9530563415487152
5,379.60085807100313,32,1.6500000000000001,0.09321581,0.9478849241026389
5,379.60085807100313,33,1.7000000000000002,0.10556735,0.9666285878893159
5,379.60085807100313,34,1.75,0.10211161,0.9603829825449879
5,379.60085807100313,35,1.8,0.10284932,0.9597842689347371
5,379.60085807100313,36,1.85,0.09640714,0.9622025048285288
5,379.60085807100313,37,1.9000000000000001,0.100025415,0.9570794952811008
5,379.60085807100313,38,1.9500000000000002,0.099133015,0.9599042988373787
5,379.60085807100313,39,2.0,0.09496925,0.9605504869963213
5,379.60085807100313,40,2.0500000000000003,0.09413576,0.9634181215102434
5,379.60085807100313,41,2.1,0.09978591,0.9538875748195597
5,379.60085807100313,42,2.15,0.10118106,0.9597602313340822
5,379.60085807100313,43,2.2,0.09792931,0.9558860622847997
5,379.60085807100313,44,2.25,0.09440431,0.9541379377069688
5,379.60085807100313,45,2.3000000000000003,0.09894919,0.9645599164339214
5,379.60085807100313,46,2.35,0.099577166,0.9529105790774668
5,379.60085807100313,47,2.4000000000000004,0.09736551,0.9605941795033951
5,379.60085807100313,48,2.45,0.10080076,0.9544752308081766
5,379.60085807100313,49,2.5,0.09905689,0.9597694941191879
5,379.60085807100313,50,2.5500000000000003,0.10165977,0.9570533643714316
5,379.60085807100313,51,2.6,0.09611533,0.9556220565326836
5,379.60085807100313,52,2.6500000000000004,0.09832424,0.9597616930558964
5,379.60085807100313,53,2.7,0.10004275,0.9583871734260954
5,379.60085807100313,54,2.75,0.097019404,0.9583588948800232
5,379.60085807100313,55,2.8000000000000003,0.10169303,0.95811199391839
5,379.60085807100313,56,2.85,0.10223126,0.9674958336810905
5,379.60085807100313,57,2.9000000000000004,0.10498181,0.9596678241998086
5,379.60085807100313,58,2.95,0.10357507,0.9542864066919481
5,379.60085807100313,59,3.0,0.099605896,0.9591053107396594
5,379.60085807100313,60,3.0500000000000003,0.100512214,0.9575515847407461
5,379.60085807100313,61,3.1,0.10141728,0.96027199759382
5,379.60085807100313,62,3.1500000000000004,0.09646558,0.9537848967031831
5,379.60085807100313,63,3.2,0.09779819,0.9537848738223226
5,379.60085807100313,64,3.25,0.1002609,0.9546653360304205
5,379.60085807100313,65,3.3000000000000003,0.088940814,0.9539981363833563
5,379.60085807100313,66,3.35,0.10185658,0.9668156771286546
5,379.60085807100313,67,3.4000000000000004,0.098799236,0.9601084045159654
5,379.60085807100313,68,3.45,0.10281138,0.9636639163563602
5,379.60085807100313,69,3.5,0.09615501,0.9577694903510001
5,379.60085807100313,70,3.5500000000000003,0.09745007,0.958613239796714
5,379.60085807100313,71,3.6,0.10066908,0.9590605880092369
5,379.60085807100313,72,3.6500000000000004,0.09898773,0.9519265150876872
5,379.60085807100313,73,3.7,0.108865716,0.9607920201294055
5,379.60085807100313,74,3.75,0.09970159,0.9611199779524995
5,379.60085807100313,75,3.8000000000000003,0.09789477,0.9565591292186633
5,379.60085807100313,76,3.85,0.1012864,0.9586257256228891
5,379.60085807100313,77,3.9000000000000004,0.10242866,0.9504450958415326
5,379.60085807100313,78,3.95,0.097335234,0.952559207434486
5,379.60085807100313,79,4.0,0.10285859,0.9564759391867631
5,379.60085807100313,80,4.05,0.10097349,0.9564558454702539
5,379.60085807100313,81,4.1000000000000005,0.10593463,0.9563488304383126
5,379.60085807100313,82,4.15,0.0989001,0.9568061334507447
5,379.60085807100313,83,4.2,0.09490624,0.951068453046247
5,379.60085807100313,84,4.25,0.100846335,0.9564259045763336
5,379.60085807100313,85,4.3,0.10251919,0.9555515351600643
5,379.60085807100313,86,4.3500000000000005,0.100141495,0.954699103939913
5,379.60085807100313,87,4.4,0.10383924,0.953563857502727
5,379.60085807100313,88,4.45,0.095693156,0.9557762109620442
5,379.60085807100313,89,4.5,0.10392771,0.9574441745802451
5,379.60085807100313,90,4.55,0.102757394,0.9621202877596422
5,379.60085807100313,91,4.6000000000000005,0.103200234,0.9511614464715803
5,379.60085807100313,92,4.65,0.09511064,0.9541790226628802
5,379.60085807100313,93,4.7,0.10205131,0.9553273121070467
5,379.60085807100313,94,4.75,0.10047771,0.9576331748518455
5,379.60085807100313,95,4.800000000000001,0.09969464,0.9572858156166956
5,379.60085807100313,96,4.8500000000000005,0.09807881,0.9529652488068494
5,379.60085807100313,97,4.9,0.09787617,0.9589514054956477
5,379.60085807100313,98,4.95,0.101065315,0.9505637567147787
5,379.60085807100313,99,5.0,0.09705604,0.9571730294033907
5,379.60085807100313,100,5.050000000000001,0.094783746,0.9520201753529274
5,379.60085807100313,101,5.1000000000000005,0.10110392,0.9620171822216297
5,379.60085807100313,102,5.15,0.10005402,0.9653275575719382
5,379.60085807100313,103,5.2,0.10860499,0.9546501339332202
5,379.60085807100313,104,5.25,0.09849163,0.9626081608577776
5,379.60085807100313,105,5.300000000000001,0.10379331,0.9588541931328044
5,379.60085807100313,106,5.3500000000000005,0.0949446,0.9515616050782835
5,379.60085807100313,107,5.4,0.09953014,0.9578917284364791
5,379.60085807100313,108,5.45,0.093859054,0.9499910472944382
5,379.60085807100313,109,5.5,0.09585248,0.9536470929672096
5,379.60085807100313,110,5.550000000000001,0.09749187,0.9540255031386838
5,379.60085807100313,111,5.6000000000000005,0.09877116,0.9580724196550153
5,379.60085807100313,112,5.65,0.092825286,0.9538636274240433
5,379.60085807100313,113,5.7,0.098422065,0.9546004804250757
5,379.60085807100313,114,5.75,0.09443736,0.9576226924000736
5,379.60085807100313,115,5.800000000000001,0.09479747,0.9558068007446275
5,379.60085807100313,116,5.8500000000000005,0.10289567,0.9561891552544199
5,379.60085807100313,117,5.9,0.09850924,0.9538725228535182
5,379.60085807100313,118,5.95,0.09828985,0.9565831582839752
5,379.60085807100313,119,6.0,0.10283246,0.9585434072403379
5,379.60085807100313,120,6.050000000000001,0.09840269,0.9580382329552
5,379.60085807100313,121,6.1000000000000005,0.09309482,0.9562247241113191
5,379.60085807100313,122,6.15,0.09654463,0.9622956158125094
5,379.60085807100313,123,6.2,0.105351955,0.9580555672695541
5,379.60085807100313,124,6.25,0.10748481,0.9528278337399242
5,379.60085807100313,125,6.300000000000001,0.10027646,0.9566821363732504
5,379.60085807100313,126,6.3500000000000005,0.09733345,0.9535977035390794
5,379.60085807100313,127,6.4,0.10171092,0.9535263359614156
5,379.60085807100313,128,6.45,0.104601234,0.9632359804081541
5,379.60085807100313,129,6.5,0.09319441,0.9559598543679207
5,379.60085807100313,130,6.550000000000001,0.09959023,0.94938065880756
5,379.60085807100313,131,6.6000000000000005,0.09822808,0.9515228096948785
5,379.60085807100313,132,6.65,0.1020717,0.9572180296118418
5,379.60085807100313,133,6.7,0.098385066,0.9594099326547116
5,379.60085807100313,134,6.75,0.09714711,0.955785495473713
5,379.60085807100313,135,6.800000000000001,0.10171774,0.9531312650749528
5,379.60085807100313,136,6.8500000000000005,0.09747675,0.9515284306030221
5,379.60085807100313,137,6.9,0.09910065,0.9531655054287579
5,379.60085807100313,138,6.95,0.09535735,0.9530143399468565
5,379.60085807100313,139,7.0,0.094436444,0.9616634783161472
5,379.60085807100313,140,7.050000000000001,0.09674289,0.9485877855342131
5,379.60085807100313,141,7.1000000000000005,0.097879715,0.9564429200311958
5,379.60085807100313,142,7.15,0.098511875,0.9554840531684462
5,379.60085807100313,143,7.2,0.10158298,0.9579169058432011
5,379.60085807100313,144,7.25,0.10335721,0.9584274652314374
5,379.60085807100313,145,7.300000000000001,0.09490441,0.9563494892440595
5,379.60085807100313,146,7.3500000000000005,0.10816504,0.9636455378813293
5,379.60085807100313,147,7.4,0.09699349,0.955381239897897
5,379.60085807100313,148,7.45,0.10010686,0.9659831453869774
5,379.60085807100313,149,7.5,0.09648354,0.9573190380684008
5,379.60085807100313,150,7.550000000000001,0.0961009,0.9597019499975967
5,379.60085807100313,151,7.6000000000000005,0.10156677,0.9606994550493618
5,379.60085807100313,152,7.65,0.10281981,0.9581011599244228
5,379.60085807100313,153,7.7,0.102958,0.9593220498873588
5,379.60085807100313,154,7.75,0.09705336,0.9615303206337481
5,379.60085807100313,155,7.800000000000001,0.09344247,0.9570711011997497
5,379.60085807100313,156,7.8500000000000005,0.097732574,0.9558488168303225
5,379.60085807100313,157,7.9,0.0959212,0.9465251722243332
5,379.60085807100313,158,7.95,0.09815127,0.9626761153720771
5,379.60085807100313,159,8.0,0.09775209,0.9560649716393917
5,379.60085807100313,160,8.05,0.10318511,0.9556451974048071
5,379.60085807100313,161,8.1,0.09531916,0.9497088164307
5,379.60085807100313,162,8.15,0.09795852,0.9525360542254685
5,379.60085807100313,163,8.200000000000001,0.10203942,0.9520738119766032
5,379.60085807100313,164,8.25,0.098579615,0.9535886194129585
5,379.60085807100313,165,8.3,0.10708237,0.9603388278183309
5,379.60085807100313,166,8.35,0.104406275,0.9600082757928775
5,379.60085807100313,167,8.4,0.10110563,0.9572362872842897
5,379.60085807100313,168,8.450000000000001,0.10322795,0.9485913855953448
5,379.60085807100313,169,8.5,0.10133603,0.9553374796131566
5,379.60085807100313,170,8.55,0.09972507,0.9562916939448873
5,379.60085807100313,171,8.6,0.10189998,0.9610404982209185
5,379.60085807100313,172,8.65,0.09953885,0.9554675114514124
5,379.60085807100313,173,8.700000000000001,0.09854884,0.9560989523507195
5,379.60085807100313,174,8.75,0.10188126,0.9574930057332338
5,379.60085807100313,175,8.8,0.09679217,0.9545000386885144
5,379.60085807100313,176,8.85,0.09869564,0.9554921679810007
5,379.60085807100313,177,8.9,0.09349627,0.9573688381879636
5,379.60085807100313,178,8.950000000000001,0.099014,0.9527069882515488
5,379.60085807100313,179,9.0,0.09869037,0.9594474169141568
5,379.60085807100313,180,9.05,0.09931563,0.9594125802312634
5,379.60085807100313,181,9.1,0.10476025,0.9578137700521282
5,379.60085807100313,182,9.15,0.098841354,0.9555462661866189
5,379.60085807100313,183,9.200000000000001,0.09799391,0.9574040437838469
5,379.60085807100313,184,9.25,0.10394856,0.9612185677226015
5,379.60085807100313,185,9.3,0.10115963,0.9614502622038092
5,379.60085807100313,186,9.35,0.10229654,0.9614239914484496
5,379.60085807100313,187,9.4,0.10021246,0.9606013374478743
5,379.60085807100313,188,9.450000000000001,0.101079896,0.9553773685184554
5,379.60085807100313,189,9.5,0.10447684,0.9606614670490128
5,379.60085807100313,190,9.55,0.101416424,0.9597158902826154
5,379.60085807100313,191,9.600000000000001,0.09554265,0.9491818058229775
5,379.60085807100313,192,9.65,0.10226178,0.9546030522689605
5,379.60085807100313,193,9.700000000000001,0.10379832,0.9586012319970125
5,379.60085807100313,194,9.75,0.10148223,0.9560367703809661
5,379.60085807100313,195,9.8,0.102098875,0.9505270343396063
5,379.60085807100313,196,9.850000000000001,0.10891349,0.9640859481134321
5,379.60085807100313,197,9.9,0.09638555,0.9535455918134439
5,379.60085807100313,198,9.950000000000001,0.096916586,0.9536984804666658
5,379.60085807100313,199,10.0,0.10131807,0.9567051405490112
5,379.60085807100313,200,10.05,0.10250143,0.9532741297662426
5,379.60085807100313,201,10.100000000000001,0.09129209,0.9571394586670914
5,379.60085807100313,202,10.15,0.1007956,0.9506721328810511
5,379.60085807100313,203,10.200000000000001,0.099878825,0.9518972339482499
5,379.60085807100313,204,10.25,0.09530278,0.9537752902798138
5,379.60085807100313,205,10.3,0.10630635,0.9543583616832677
5,379.60085807100313,206,10.350000000000001,0.101779945,0.9562307935763625
5,379.60085807100313,207,10.4,0.10107046,0.9548057628045608
5,379.60085807100313,208,10.450000000000001,0.099640705,0.954554962965474
5,379.60085807100313,209,10.5,0.10035252,0.9588201649793139
5,379.60085807100313,210,10.55,0.105033,0.9556479900375376
5,379.60085807100313,211,10.600000000000001,0.09744295,0.9576644717213644
5,379.60085807100313,212,10.65,0.10106017,0.9523116501439378
5,379.60085807100313,213,10.700000000000001,0.09694789,0.9509475445128677
5,379.60085807100313,214,10.75,0.10588306,0.959139531146647
5,379.60085807100313,215,10.8,0.09858929,0.9557915754511517
5,379.60085807100313,216,10.850000000000001,0.104071096,0.9558547450103343
5,379.60085807100313,217,10.9,0.1025285,0.9621443974591538
5,379.60085807100313,218,10.950000000000001,0.10374904,0.9596213666070702
5,379.60085807100313,219,11.0,0.10502557,0.9586970187014402
5,379.60085807100313,220,11.05,0.09517989,0.9572161248951431
5,379.60085807100313,221,11.100000000000001,0.09643861,0.9622896693571965
5,379.60085807100313,222,11.15,0.10322543,0.960421992593612
5,379.60085807100313,223,11.200000000000001,0.09670255,0.9551682164498155
5,379.60085807100313,224,11.25,0.09730673,0.9524766983823216
5,379.60085807100313,225,11.3,0.10463687,0.9581966369704668
5,379.60085807100313,226,11.350000000000001,0.1015864,0.9521103958697127
5,379.60085807100313,227,11.4,0.09914613,0.9517690767353422
5,379.60085807100313,228,11.450000000000001,0.10122389,0.9549903295554688
5,379.60085807100313,229,11.5,0.09855411,0.950231489665944
5,379.60085807100313,230,11.55,0.10301104,0.9540714182861785
5,379.60085807100313,231,11.600000000000001,0.10481982,0.9545776701032926
5,379.60085807100313,232,11.65,0.100989796,0.9612636948662121
5,379.60085807100313,233,11.700000000000001,0.097206,0.9614951380382459
5,379.60085807100313,234,11.75,0.09790186,0.9600499885506727
5,379.60085807100313,235,11.8,0.1025268,0.9563949713841859
5,379.60085807100313,236,11.850000000000001,0.10738878,0.9545845894211719
5,379.60085807100313,237,11.9,0.09926673,0.9584992834147403
5,379.60085807100313,238,11.950000000000001,0.09837713,0.9578988648964251
5,379.60085807100313,239,12.0,0.10104473,0.9532346580783467
5,379.60085807100313,240,12.05,0.10124702,0.9549695170039514
5,379.60085807100313,241,12.100000000000001,0.09565329,0.9544909155454755
5,379.60085807100313,242,12.15,0.101031855,0.9594953998428954
5,379.60085807100313,243,12.200000000000001,0.10388766,0.9607499073258935
5,379.60085807100313,244,12.25,0.099751145,0.9569907487397917
5,379.60085807100313,245,12.3,0.103959404,0.9556038532325846
5,379.60085807100313,246,12.350000000000001,0.10745657,0.9607389653398345
5,379.60085807100313,247,12.4,0.09548728,0.959917646672069
5,379.60085807100313,248,12.450000000000001,0.1082796,0.9567413949315021
5,379.60085807100313,249,12.5,0.09525183,0.9565256198639555
5,379.60085807100313,250,12.55,0.097353935,0.9474554153923224
5,379.60085807100313,251,12.600000000000001,0.09560705,0.9587805508154404
5,379.60085807100313,252,12.65,0.10302198,0.9558310920634596
5,379.60085807100313,253,12.700000000000001,0.09150173,0.9529017524103691
5,379.60085807100313,254,12.75,0.104927294,0.9614622760711741
5,379.60085807100313,255,12.8,0.09510153,0.9526488011860098
5,379.60085807100313,256,12.850000000000001,0.10361357,0.9523164083738498
5,379.60085807100313,257,12.9,0.100615665,0.9566393856496054
5,379.60085807100313,258,12.950000000000001,0.10010859,0.9521964671287199
5,379.60085807100313,259,13.0,0.104270004,0.9541788507062304
5,379.60085807100313,260,13.05,0.09801691,0.9579373781233695
5,379.60085807100313,261,13.100000000000001,0.102358386,0.9539508103475193
5,379.60085807100313,262,13.15,0.10092883,0.9514450047264582
5,379.60085807100313,263,13.200000000000001,0.09628296,0.9519575860862635
5,379.60085807100313,264,13.25,0.10059757,0.9579304888335887
5,379.60085807100313,265,13.3,0.10363365,0.9592526877026909
5,379.60085807100313,266,13.350000000000001,0.09579277,0.952027028524962
5,379.60085807100313,267,13.4,0.09662452,0.9529241671887498
5,379.60085807100313,268,13.450000000000001,0.091716565,0.9530974743508338
5,379.60085807100313,269,13.5,0.09931388,0.9543486449859442
5,379.60085807100313,270,13.55,0.097879715,0.9577517922211964
5,379.60085807100313,271,13.600000000000001,0.10171604,0.9454768754360754
5,379.60085807100313,272,13.65,0.10166915,0.9559819048297448
5,379.60085807100313,273,13.700000000000001,0.09782478,0.9536717235597173
5,379.60085807100313,274,13.75,0.10066305,0.9577264812098583
5,379.60085807100313,275,13.8,0.10012418,0.9565313262589139
5,379.60085807100313,276,13.850000000000001,0.102782704,0.9597181738018014
5,379.60085807100313,277,13.9,0.10037066,0.9478914715910055
5,379.60085807100313,278,13.950000000000001,0.09795586,0.9537793092714255
5,379.60085807100313,279,14.0,0.097823896,0.9563796926788063
5,379.60085807100313,280,14.05,0.0957638,0.9534405029202243
5,379.60085807100313,281,14.100000000000001,0.09535917,0.9596449404237603
5,379.60085807100313,282,14.15,0.09672317,0.9596264593510403
5,379.60085807100313,283,14.200000000000001,0.10367129,0.9635924452346593
5,379.60085807100313,284,14.25,0.09774587,0.9524816949271933
5,379.60085807100313,285,14.3,0.09532007,0.9495992007182575
5,379.60085807100313,286,14.350000000000001,0.09613607,0.948929268414073
5,379.60085807100313,287,14.4,0.09587148,0.9588217801214705
5,379.60085807100313,288,14.450000000000001,0.105179824,0.9452570977184641
5,379.60085807100313,289,14.5,0.094495185,0.9502111759328494
5,379.60085807100313,290,14.55,0.09980154,0.9585790435094308
5,379.60085807100313,291,14.600000000000001,0.10050272,0.9509916309560603
5,379.60085807100313,292,14.65,0.09684052,0.9513741940954202
5,379.60085807100313,293,14.700000000000001,0.09278232,0.9548759125920773
5,379.60085807100313,294,14.75,0.094668426,0.9583303218054057
5,379.60085807100313,295,14.8,0.09843793,0.9605943236534649
5,379.60085807100313,296,14.850000000000001,0.09966854,0.9557836423610432
5,379.60085807100313,297,14.9,0.106185585,0.9585194103885587
5,379.60085807100313,298,14.950000000000001,0.10287713,0.958009340987858
5,379.60085807100313,299,15.0,0.096655026,0.9563738716570666
5,379.60085807100313,300,15.05,0.105458066,0.9518796599329908
5,379.60085807100313,301,15.100000000000001,0.10511056,0.9530334368294912
5,379.60085807100313,302,15.15,0.10059327,0.9566953905340957
5,379.60085807100313,303,15.200000000000001,0.09826956,0.9484473124011121
5,379.60085807100313,304,15.25,0.10179868,0.9482566474339096
5,379.60085807100313,305,15.3,0.102629066,0.9561798288378639
5,379.60085807100313,306,15.350000000000001,0.09759942,0.9512750473028952
5,379.60085807100313,307,15.4,0.104386345,0.9592443495296764
5,379.60085807100313,308,15.450000000000001,0.09858929,0.9602284858597119
5,379.60085807100313,309,15.5,0.09488248,0.9615979395116037
5,379.60085807100313,310,15.55,0.10218461,0.949353533121337
5,379.60085807100313,311,15.600000000000001,0.10043715,0.9570282527691163
5,379.60085807100313,312,15.65,0.10170752,0.9558507947993855
5,379.60085807100313,313,15.700000000000001,0.10098637,0.94981337577279
5,379.60085807100313,314,15.75,0.093756475,0.9530604590687092
5,379.60085807100313,315,15.8,0.09719083,0.955169459081125
5,379.60085807100313,316,15.850000000000001,0.09866928,0.9601436871260008
5,379.60085807100313,317,15.9,0.10251158,0.9518321703813541
5,379.60085807100313,318,15.950000000000001,0.099481344,0.9598670650421393
5,379.60085807100313,319,16.0,0.09995084,0.9486830765120967
5,379.60085807100313,320,16.05,0.10166318,0.954637370136237
5,379.60085807100313,321,16.1,0.10124616,0.9542928810405161
5,379.60085807100313,322,16.150000000000002,0.092827156,0.9555783525995668
5,379.60085807100313,323,16.2,0.100915946,0.9534729150792173
5,379.60085807100313,324,16.25,0.10326826,0.951411789928016
5,379.60085807100313,325,16.3,0.103708915,0.9594620170716153
5,379.60085807100313,326,16.35,0.104099415,0.9601638662149119
5,379.60085807100313,327,16.400000000000002,0.10242274,0.9539645506657449
5,379.60085807100313,328,16.45,0.09635946,0.9556449141248644
5,379.60085807100313,329,16.5,0.10084289,0.9593095888674041
5,379.60085807100313,330,16.55,0.0998276,0.9592855843055047
5,379.60085807100313,331,16.6,0.097148,0.9510109463392621
5,379.60085807100313,332,16.650000000000002,0.09688438,0.9561399425465775
5,379.60085807100313,333,16.7,0.1036947,0.9553009692362507
5,379.60085807100313,334,16.75,0.10678238,0.9500508507209475
5,379.60085807100313,335,16.8,0.1055772,0.9548792358078342
5,379.60085807100313,336,16.85,0.09816098,0.950187514694032
5,379.60085807100313,337,16.900000000000002,0.10273293,0.9584138681882836
5,379.60085807100313,338,16.95,0.10954687,0.9504854390216387
5,379.60085807100313,339,17.0,0.095619746,0.9571791024901171
5,379.60085807100313,340,17.05,0.09380085,0.954002913597821
5,379.60085807100313,341,17.1,0.09900875,0.9565371007206687
5,379.60085807100313,342,17.150000000000002,0.109324254,0.9515034079648672
5,379.60085807100313,343,17.2,0.10902726,0.9531232351089335
5,379.60085807100313,344,17.25,0.09611533,0.9593812804347958
5,379.60085807100313,345,17.3,0.09619647,0.9575216201516953
5,379.60085807100313,346,17.35,0.09808234,0.959407553337247
5,379.60085807100313,347,17.400000000000002,0.09557712,0.9548442183326589
5,379.60085807100313,348,17.45,0.09922654,0.9590430297140768
5,379.60085807100313,349,17.5,0.0997129,0.957819562288847
5,379.60085807100313,350,17.55,0.10105588,0.958855080932242
5,379.60085807100313,351,17.6,0.102238044,0.9532432931165672
5,379.60085807100313,352,17.650000000000002,0.10617905,0.9576925771285242
5,379.60085807100313,353,17.7,0.10292684,0.9495625525042961
5,379.60085807100313,354,17.75,0.09405929,0.9483665479021429
5,379.60085807100313,355,17.8,0.11163842,0.9578167038626254
5,379.60085807100313,356,17.85,0.098066434,0.9568626757240133
5,379.60085807100313,357,17.900000000000002,0.09795675,0.9562330535630034
5,379.60085807100313,358,17.95,0.09646378,0.9492383080358867
5,379.60085807100313,359,18.0,0.10355163,0.9563309677204636
5,379.60085807100313,360,18.05,0.102872916,0.9568129430643446
5,379.60085807100313,361,18.1,0.097298704,0.9521663240451265
5,379.60085807100313,362,18.150000000000002,0.094497934,0.9559938096489593
5,379.60085807100313,363,18.2,0.10038189,0.9547785227542315
5,379.60085807100313,364,18.25,0.09549636,0.9495999717065071
5,379.60085807100313,365,18.3,0.10224906,0.9507474251452518
5,379.60085807100313,366,18.35,0.10398859,0.9562797866206211
5,379.60085807100313,367,18.400000000000002,0.10925762,0.9512420391086026
5,379.60085807100313,368,18.45,0.0988282,0.9556835867905861
5,379.60085807100313,369,18.5,0.0998415,0.952459879947375
5,379.60085807100313,370,18.55,0.10349636,0.9530374767069917
5,379.60085807100313,371,18.6,0.10841004,0.9528578589849613
5,379.60085807100313,372,18.650000000000002,0.09514254,0.9545957946272653
5,379.60085807100313,373,18.7,0.10534208,0.9527739470329165
5,379.60085807100313,374,18.75,0.09470597,0.9483500257085065
5,379.60085807100313,375,18.8,0.10289483,0.9622344341753636
5,379.60085807100313,376,18.85,0.099358395,0.9593457950174773
5,379.60085807100313,377,18.900000000000002,0.10088157,0.9530161813104792
5,379.60085807100313,378,18.95,0.100951165,0.9569208370977331
5,379.60085807100313,379,19.0,0.09597451,0.952784863369437
5,379.60085807100313,380,19.05,0.1009022,0.9590902895027018
5,379.60085807100313,381,19.1,0.10027128,0.9562130255236669
5,379.60085807100313,382,19.150000000000002,0.09702924,0.9508052882773396
5,379.60085807100313,383,19.200000000000003,0.10610145,0.9591795003580194
5,379.60085807100313,384,19.25,0.10603852,0.9545347509416704
5,379.60085807100313,385,19.3,0.109156005,0.9568864459361649
5,379.60085807100313,386,19.35,0.099560626,0.9561759525270594
5,379.60085807100313,387,19.400000000000002,0.10599027,0.9498418187484137
5,379.60085807100313,388,19.450000000000003,0.10407692,0.9640256772861517
5,379.60085807100313,389,19.5,0.0968629,0.9544705562743695
5,379.60085807100313,390,19.55,0.10043283,0.9569864819188645
5,379.60085807100313,391,19.6,0.10215914,0.9499130865527361
5,379.60085807100313,392,19.650000000000002,0.10762668,0.9538079933676562
5,379.60085807100313,393,19.700000000000003,0.09950923,0.9531358523612938
5,379.60085807100313,394,19.75,0.09796914,0.9551591356188365
5,379.60085807100313,395,19.8,0.09817953,0.9488860637753395
5,379.60085807100313,396,19.85,0.10680836,0.9540175454050116
5,379.60085807100313,397,19.900000000000002,0.09718369,0.9579851840325591
5,379.60085807100313,398,19.950000000000003,0.10148479,0.9534461581900319
5,379.60085807100313,399,20.0,0.09875535,0.953770572102728
6,398.52805599748535,0,0.05,0.104538225,0.9576674194989016
6,398.52805599748535,1,0.1,0.1008979,0.9610164888354555
6,398.52805599748535,2,0.15000000000000002,0.09619918,0.9507473463455242
6,398.52805599748535,3,0.2,0.09814685,0.9552712639886822
6,398.52805599748535,4,0.25,0.091639966,0.9553957500525501
6,398.52805599748535,5,0.30000000000000004,0.094117336,0.957640485261357
6,398.52805599748535,6,0.35000000000000003,0.10231518,0.9568903977679428
6,398.52805599748535,7,0.4,0.09507782,0.9591534646465303
6,398.52805599748535,8,0.45,0.099483095,0.9562239119097928
6,398.52805599748535,9,0.5,0.10163589,0.9600590263127005
6,398.52805599748535,10,0.55,0.10034042,0.9598497447766349
6,398.52805599748535,11,0.6000000000000001,0.093293905,0.9616898330526578
6,398.52805599748535,12,0.65,0.0990674,0.9642577163195727
6,398.52805599748535,13,0.7000000000000001,0.10219139,0.9591469041623868
6,398.52805599748535,14,0.75,0.09758787,0.9589956454757947
6,398.52805599748535,15,0.8,0.10147112,0.9606117485361839
6,398.52805599748535,16,0.8500000000000001,0.09794436,0.9624104763607242
6,398.52805599748535,17,0.9,0.09328739,0.9586205156013926
6,398.52805599748535,18,0.9500000000000001,0.10018304,0.9517407891979812
6,398.52805599748535,19,1.0,0.10240919,0.9645649625721403
6,398.52805599748535,20,1.05,0.09307247,0.9564731537859837
6,398.52805599748535,21,1.1,0.100266084,0.955961157498123
6,398.52805599748535,22,1.1500000000000001,0.10107818,0.9597030181474011
6,398.52805599748535,23,1.2000000000000002,0.10160005,0.9632937300211499
6,398.52805599748535,24,1.25,0.095723055,0.9574290816477559
6,398.52805599748535,25,1.3,0.099968195,0.9590800051180925
6,398.52805599748535,26,1.35,0.09790186,0.959134817672466
6,398.52805599748535,27,1.4000000000000001,0.10146941,0.9618568249465628
6,398.52805599748535,28,1.4500000000000002,0.100159675,0.9648476057703052
6,398.52805599748535,29,1.5,0.09995779,0.9588005682512917
6,398.52805599748535,30,1.55,0.10323467,0.9620759033792099
6,398.52805599748535,31,1.6,0.092827156,0.952094271459684
6,398.52805599748535,32,1.6500000000000001,0.10050963,0.9541140782977471
6,398.52805599748535,33,1.7000000000000002,0.0952582,0.9523064655826758
6,398.52805599748535,34,1.75,0.095352806,0.9556833299340614
6,398.52805599748535,35,1.8,0.09600251,0.9583840578242897
6,398.52805599748535,36,1.85,0.10481982,0.9609990160747296
6,398.52805599748535,37,1.9000000000000001,0.10179868,0.9584498071873458
6,398.52805599748535,38,1.9500000000000002,0.09823691,0.9601029488471131
6,398.52805599748535,39,2.0,0.10413772,0.957467079567325
6,398.52805599748535,40,2.0500000000000003,0.1034905,0.9584183055271586
6,398.52805599748535,41,2.1,0.09762428,0.9606285538810021
6,398.52805599748535,42,2.15,0.09794347,0.9566095953664218
6,398.52805599748535,43,2.2,0.102580905,0.9611378351702458
6,398.52805599748535,44,2.25,0.09478466,0.9536703125173619
6,398.52805599748535,45,2.3000000000000003,0.09454654,0.9578676764132908
6,398.52805599748535,46,2.35,0.09776184,0.9553844228473951
6,398.52805599748535,47,2.4000000000000004,0.09551995,0.9587191961310301
6,398.52805599748535,48,2.45,0.10425171,0.955311219623372
6,398.52805599748535,49,2.5,0.10607857,0.9571398117063965
6,398.52805599748535,50,2.5500000000000003,0.09979285,0.9541110507039403
6,398.52805599748535,51,2.6,0.09283649,0.962601309137177
6,398.52805599748535,52,2.6500000000000004,0.10462776,0.955401242650023
6,398.52805599748535,53,2.7,0.09732454,0.9574025488895536
6,398.52805599748535,54,2.75,0.094007656,0.9578371036904535
6,398.52805599748535,55,2.8000000000000003,0.09298486,0.9549746932316497
6,398.52805599748535,56,2.85,0.097107835,0.9591019454420303
6,398.52805599748535,57,2.9000000000000004,0.10055361,0.9550266563861644
6,398.52805599748535,58,2.95,0.10317923,0.9590291846256944
6,398.52805599748535,59,3.0,0.09715068,0.9623103247577008
6,398.52805599748535,60,3.0500000000000003,0.096816346,0.9518998274772238
6,398.52805599748535,61,3.1,0.09787617,0.954107246465236
6,398.52805599748535,62,3.1500000000000004,0.10185998,0.9577059120001009
6,398.52805599748535,63,3.2,0.09757721,0.9558825594280458
6,398.52805599748535,64,3.25,0.094956465,0.9583717531280976
6,398.52805599748535,65,3.3000000000000003,0.09569497,0.9611982945336913
6,398.52805599748535,66,3.35,0.10161626,0.9592847495686759
6,398.52805599748535,67,3.4000000000000004,0.09912776,0.9525800884069535
6,398.52805599748535,68,3.45,0.10297484,0.9589820690547644
6,398.52805599748535,69,3.5,0.10240243,0.9575556033237878
6,398.52805599748535,70,3.5500000000000003,0.098084114,0.9595772264637428
6,398.52805599748535,71,3.6,0.10038361,0.9585153114118674
6,398.52805599748535,72,3.6500000000000004,0.09919596,0.9571371354839089
6,398.52805599748535,73,3.7,0.096506014,0.9524563300525883
6,398.52805599748535,74,3.75,0.09249688,0.9541601629714768
6,398.52805599748535,75,3.8000000000000003,0.10481486,0.9646243382928859
6,398.52805599748535,76,3.85,0.09851628,0.9550717759005355
6,398.52805599748535,77,3.9000000000000004,0.10271604,0.9581435052339565
6,398.52805599748535,78,3.95,0.098046094,0.9588554584292867
6,398.52805599748535,79,4.0,0.099156626,0.956202303444168
6,398.52805599748535,80,4.05,0.10440295,0.9547931651770677
6,398.52805599748535,81,4.1000000000000005,0.09801072,0.9597774310657444
6,398.52805599748535,82,4.15,0.096473664,0.9548994352234514
6,398.52805599748535,83,4.2,0.104775146,0.9640128170547934
6,398.52805599748535,84,4.25,0.09500849,0.9540830951400455
6,398.52805599748535,85,4.3,0.09541189,0.9513305464149399
6,398.52805599748535,86,4.3500000000000005,0.10359097,0.9636935490708434
6,398.52805599748535,87,4.4,0.10577001,0.9580192947547074
6,398.52805599748535,88,4.45,0.10067425,0.956843613076594
6,398.52805599748535,89,4.5,0.10303544,0.9556836668391964
6,398.52805599748535,90,4.55,0.10465427,0.9568250852644063
6,398.52805599748535,91,4.6000000000000005,0.099165365,0.9603607766360335
6,398.52805599748535,92,4.65,0.09886503,0.9544715250086818
6,398.52805599748535,93,4.7,0.102732085,0.9586257481523759
6,398.52805599748535,94,4.75,0.09745273,0.9535450791260929
6,398.52805599748535,95,4.800000000000001,0.10057948,0.9519011319525289
6,398.52805599748535,96,4.8500000000000005,0.099973395,0.9584714832997907
6,398.52805599748535,97,4.9,0.09608015,0.9589605314670961
6,398.52805599748535,98,4.95,0.089197785,0.9572110936876375
6,398.52805599748535,99,5.0,0.10283752,0.9543749467864899
6,398.52805599748535,100,5.050000000000001,0.10222024,0.9600057631395984
6,398.52805599748535,101,5.1000000000000005,0.09439421,0.9588467025256943
6,398.52805599748535,102,5.15,0.100228034,0.963273919939994
6,398.52805599748535,103,5.2,0.10316831,0.959359410821385
6,398.52805599748535,104,5.25,0.10352903,0.956286166974151
6,398.52805599748535,105,5.300000000000001,0.10571999,0.9564337350366751
6,398.52805599748535,106,5.3500000000000005,0.0994613,0.9477717824043447
6,398.52805599748535,107,5.4,0.09421125,0.953995215639916
6,398.52805599748535,108,5.45,0.099843234,0.9548418809488468
6,398.52805599748535,109,5.5,0.103420936,0.9542908886255734
6,398.52805599748535,110,5.550000000000001,0.09818659,0.9470472056425642
6,398.52805599748535,111,5.6000000000000005,0.10053292,0.9610955055755568
6,398.52805599748535,112,5.65,0.103311904,0.9583029148688025
6,398.52805599748535,113,5.7,0.09685037,0.9538758099259618
6,398.52805599748535,114,5.75,0.09905077,0.9580469972197646
6,398.52805599748535,115,5.800000000000001,0.09978677,0.9571741635260828
6,398.52805599748535,116,5.8500000000000005,0.102081046,0.9573671124320461
6,398.52805599748535,117,5.9,0.10048892,0.9548918736748924
6,398.52805599748535,118,5.95,0.09466751,0.9549484643166184
6,398.52805599748535,119,6.0,0.096643366,0.9569661487911979
6,398.52805599748535,120,6.050000000000001,0.10217781,0.9509675242094927
6,398.52805599748535,121,6.1000000000000005,0.10179868,0.9490770677989988
6,398.52805599748535,122,6.15,0.09799657,0.9546712895825272
6,398.52805599748535,123,6.2,0.09897021,0.9548681545922971
6,398.52805599748535,124,6.25,0.10583556,0.9564719885868171
6,398.52805599748535,125,6.300000000000001,0.10335469,0.9524689380591275
6,398.52805599748535,126,6.3500000000000005,0.09981457,0.9549126868790351
6,398.52805599748535,127,6.4,0.09591397,0.9614568360921001
6,398.52805599748535,128,6.45,0.10172371,0.9580744132572222
6,398.52805599748535,129,6.5,0.10395273,0.9614309534270195
6,398.52805599748535,130,6.550000000000001,0.101231605,0.9565501262675774
6,398.52805599748535,131,6.6000000000000005,0.097998336,0.957418444353649
6,398.52805599748535,132,6.65,0.09718726,0.9593330171098454
6,398.52805599748535,133,6.7,0.099822395,0.9537382413926522
6,398.52805599748535,134,6.75,0.10419098,0.9569599637050055
6,398.52805599748535,135,6.800000000000001,0.095470026,0.9531128007906997
6,398.52805599748535,136,6.8500000000000005,0.093444325,0.9533617208740466
6,398.52805599748535,137,6.9,0.10225331,0.9599419279844779
6,398.52805599748535,138,6.95,0.10332281,0.9574685991016486
6,398.52805599748535,139,7.0,0.1076911,0.9641003472587882
6,398.52805599748535,140,7.050000000000001,0.1089684,0.9500726257460997
6,398.52805599748535,141,7.1000000000000005,0.10571015,0.9654180477787966
6,398.52805599748535,142,7.15,0.10200713,0.9502315725219491
6,398.52805599748535,143,7.2,0.09958848,0.9547197028463429
6,398.52805599748535,144,7.25,0.100241005,0.9595306676496839
6,398.52805599748535,145,7.300000000000001,0.10272533,0.9554834304630444
6,398.52805599748535,146,7.3500000000000005,0.10209123,0.9571906373940664
6,398.52805599748535,147,7.4,0.10105588,0.9493389963352474
6,398.52805599748535,148,7.45,0.0998823,0.9641403072345429
6,398.52805599748535,149,7.5,0.09861743,0.955691250969777
6,398.52805599748535,150,7.550000000000001,0.10213029,0.958839425139027
6,398.52805599748535,151,7.6000000000000005,0.09735928,0.9580024748135944
6,398.52805599748535,152,7.65,0.105777375,0.9615938878063519
6,398.52805599748535,153,7.7,0.09589046,0.9574072079118756
6,398.52805599748535,154,7.75,0.09633697,0.9602801550225596
6,398.52805599748535,155,7.800000000000001,0.09927284,0.9544034236109816
6,398.52805599748535,156,7.8500000000000005,0.097582534,0.960111476179727
6,398.52805599748535,157,7.9,0.09796117,0.9587132142644764
6,398.52805599748535,158,7.95,0.09673482,0.9604479984363231
6,398.52805599748535,159,8.0,0.097818576,0.9547267928152448
6,398.52805599748535,160,8.05,0.10066391,0.95625345004747
6,398.52805599748535,161,8.1,0.09272998,0.9531951782800545
6,398.52805599748535,162,8.15,0.095122494,0.96033361839594
6,398.52805599748535,163,8.200000000000001,0.09719886,0.9577884426064629
6,398.52805599748535,164,8.25,0.10178761,0.9579386521699875
6,398.52805599748535,165,8.3,0.100258306,0.9529448729126933
6,398.52805599748535,166,8.35,0.09979633,0.955942521676857
6,398.52805599748535,167,8.4,0.09352408,0.9573010566192869
6,398.52805599748535,168,8.450000000000001,0.09780085,0.9631383569913884
6,398.52805599748535,169,8.5,0.10128554,0.9568873574948221
6,398.52805599748535,170,8.55,0.10026695,0.9580511015473246
6,398.52805599748535,171,8.6,0.09989271,0.9570375223613102
6,398.52805599748535,172,8.65,0.09945084,0.9539183020886303
6,398.52805599748535,173,8.700000000000001,0.09924314,0.9529837829484014
6,398.52805599748535,174,8.75,0.099843234,0.957176229908044
6,398.52805599748535,175,8.8,0.103678815,0.9602724002720504
6,398.52805599748535,176,8.85,0.08756549,0.9554824780054813
6,398.52805599748535,177,8.9,0.102240585,0.9536682429643555
6,398.52805599748535,178,8.950000000000001,0.101841256,0.959785873795636
6,398.52805599748535,179,9.0,0.0979054,0.958313985640367
6,398.52805599748535,180,9.05,0.10584866,0.9627507248808328
6,398.52805599748535,181,9.1,0.096084654,0.9537888087838038
6,398.52805599748535,182,9.15,0.09760119,0.9534561048846776
6,398.52805599748535,183,9.200000000000001,0.093146026,0.9570572848032253
6,398.52805599748535,184,9.25,0.09436665,0.9579007611393655
6,398.52805599748535,185,9.3,0.10063979,0.9602602769575609
6,398.52805599748535,186,9.35,0.106703594,0.9593212753368717
6,398.52805599748535,187,9.4,0.09420113,0.959740926603467
6,398.52805599748535,188,9.450000000000001,0.09330691,0.9518668145029825
6,398.52805599748535,189,9.5,0.10190849,0.9581773441737432
6,398.52805599748535,190,9.55,0.10564123,0.9604543105045771
6,398.52805599748535,191,9.600000000000001,0.10162309,0.9603689399761453
6,398.52805599748535,192,9.65,0.09506049,0.9536204960695579
6,398.52805599748535,193,9.700000000000001,0.09527458,0.9536983484665794
6,398.52805599748535,194,9.75,0.094138525,0.9546164211490854
6,398.52805599748535,195,9.8,0.09598987,0.9576570093511362
6,398.52805599748535,196,9.850000000000001,0.10276668,0.9530870156128116
6,398.52805599748535,197,9.9,0.097329885,0.9556102889883741
6,398.52805599748535,198,9.950000000000001,0.09964331,0.9581829919079212
6,398.52805599748535,199,10.0,0.09847227,0.9553707869576112
6,398.52805599748535,200,10.05,0.10218885,0.9577732665583313
6,398.52805599748535,201,10.100000000000001,0.10408109,0.9608305158475267
6,398.52805599748535,202,10.15,0.1040436,0.9586495967335377
6,398.52805599748535,203,10.200000000000001,0.09998814,0.960902841424011
6,398.52805599748535,204,10.25,0.09950487,0.9588615755208486
6,398.52805599748535,205,10.3,0.1007216,0.9598387240504334
6,398.52805599748535,206,10.350000000000001,0.097048,0.9545144852690133
6,398.52805599748535,207,10.4,0.09984497,0.9623403850546363
6,398.52805599748535,208,10.450000000000001,0.09572396,0.9652684766210506
6,398.52805599748535,209,10.5,0.093582466,0.9574456084595292
6,398.52805599748535,210,10.55,0.093017496,0.9606670028014085
6,398.52805599748535,211,10.600000000000001,0.098577864,0.9623254853921396
6,398.52805599748535,212,10.65,0.09840798,0.956763774346405
6,398.52805599748535,213,10.700000000000001,0.101654656,0.9576213414875513
6,398.52805599748535,214,10.75,0.09964158,0.9590673711362883
6,398.52805599748535,215,10.8,0.10604015,0.9680364785902996
6,398.52805599748535,216,10.850000000000001,0.10507178,0.9617646316695257
6,398.52805599748535,217,10.9,0.09964505,0.9570145092977373
6,398.52805599748535,218,10.950000000000001,0.1034972,0.9583233084596052
6,398.52805599748535,219,11.0,0.10303376,0.9609525391479962
6,398.52805599748535,220,11.05,0.1044619,0.9554382579683429
6,398.52805599748535,221,11.100000000000001,0.0965967,0.9556968080883799
6,398.52805599748535,222,11.15,0.09738599,0.9603528962283236
6,398.52805599748535,223,11.200000000000001,0.09505411,0.9531923593350844
6,398.52805599748535,224,11.25,0.09957891,0.960230569648824
6,398.52805599748535,225,11.3,0.09973984,0.9549722052501846
6,398.52805599748535,226,11.350000000000001,0.09566779,0.9548639340150676
6,398.52805599748535,227,11.4,0.09238058,0.9517863743538351
6,398.52805599748535,228,11.450000000000001,0.1040386,0.9595866682923229
6,398.52805599748535,229,11.5,0.10449509,0.9597273052535399
6,398.52805599748535,230,11.55,0.098919384,0.9521646114699883
6,398.52805599748535,231,11.600000000000001,0.097917795,0.9630522359011867
6,398.52805599748535,232,11.65,0.099319994,0.9479701897691586
6,398.52805599748535,233,11.700000000000001,0.10539639,0.9515384819070496
6,398.52805599748535,234,11.75,0.09573755,0.9523593455514564
6,398.52805599748535,235,11.8,0.09728445,0.9564370859443011
6,398.52805599748535,236,11.850000000000001,0.09694968,0.9576231690580839
6,398.52805599748535,237,11.9,0.09881943,0.9579695359547474
6,398.52805599748535,238,11.950000000000001,0.10633897,0.9564583706453669
6,398.52805599748535,239,12.0,0.10250566,0.963554038871934
6,398.52805599748535,240,12.05,0.100512214,0.953022028944043
6,398.52805599748535,241,12.100000000000001,0.10309264,0.9559595978683836
6,398.52805599748535,242,12.15,0.096163124,0.9552739582179737
6,398.52805599748535,243,12.200000000000001,0.09910152,0.9549838429705092
6,398.52805599748535,244,12.25,0.10192295,0.9587546345130394
6,398.52805599748535,245,12.3,0.10153518,0.960414729249176
6,398.52805599748535,246,12.350000000000001,0.101171635,0.9599595508331918
6,398.52805599748535,247,12.4,0.10263836,0.9598381749348713
6,398.52805599748535,248,12.450000000000001,0.0940012,0.9550174834162296
6,398.52805599748535,249,12.5,0.0974972,0.9545031724465978
6,398.52805599748535,250,12.55,0.09781769,0.9563826070651547
6,398.52805599748535,251,12.600000000000001,0.09886328,0.9588298355732968
6,398.52805599748535,252,12.65,0.10416602,0.9580917425516898
6,398.52805599748535,253,12.700000000000001,0.101163924,0.9489862787905101
6,398.52805599748535,254,12.75,0.09671331,0.9552238661966899
6,398.52805599748535,255,12.8,0.099667676,0.9522367407642632
6,398.52805599748535,256,12.850000000000001,0.098467864,0.9485760228067908
6,398.52805599748535,257,12.9,0.09675095,0.9540533227727119
6,398.52805599748535,258,12.950000000000001,0.092187986,0.9564916559265505
6,398.52805599748535,259,13.0,0.10231603,0.9548646438246756
6,398.52805599748535,260,13.05,0.094956465,0.9594098321322309
6,398.52805599748535,261,13.100000000000001,0.10496943,0.9562451076831199
6,398.52805599748535,262,13.15,0.101236746,0.9607091639419697
6,398.52805599748535,263,13.200000000000001,0.107040256,0.9589685158675098
6,398.52805599748535,264,13.25,0.09357969,0.9481760145542467
6,398.52805599748535,265,13.3,0.10188551,0.9552758111052104
6,398.52805599748535,266,13.350000000000001,0.09886678,0.9624004006708811
6,398.52805599748535,267,13.4,0.09877818,0.9538683279578705
6,398.52805599748535,268,13.450000000000001,0.103816696,0.9584612722996283
6,398.52805599748535,269,13.5,0.09904289,0.95431893861012
6,398.52805599748535,270,13.55,0.098829076,0.9563601577834537
6,398.52805599748535,271,13.600000000000001,0.103232995,0.9524612137792997
6,398.52805599748535,272,13.65,0.103467874,0.9579670193469232
6,398.52805599748535,273,13.700000000000001,0.097936384,0.9615696847477129
6,398.52805599748535,274,13.75,0.09863237,0.9563957851130899
6,398.52805599748535,275,13.8,0.09756299,0.9540456279054037
6,398.52805599748535,276,13.850000000000001,0.09065932,0.9539355238706357
6,398.52805599748535,277,13.9,0.10471141,0.954140097916
6,398.52805599748535,278,13.950000000000001,0.10196037,0.9527305946668007
6,398.52805599748535,279,14.0,0.10034474,0.9498899808086115
6,398.52805599748535,280,14.05,0.10041211,0.9610795367293308
6,398.52805599748535,281,14.100000000000001,0.103878476,0.9615530623338951
6,398.52805599748535,282,14.15,0.10059757,0.9526778951875225
6,398.52805599748535,283,14.200000000000001,0.099388056,0.9560585354359215
6,398.52805599748535,284,14.25,0.09625324,0.9515413136307177
6,398.52805599748535,285,14.3,0.100430235,0.9558661358961515
6,398.52805599748535,286,14.350000000000001,0.09768377,0.9602878160968781
6,398.52805599748535,287,14.4,0.09931476,0.952238181607503
6,398.52805599748535,288,14.450000000000001,0.09794347,0.9554765522967847
6,398.52805599748535,289,14.5,0.10124788,0.9643808690653921
6,398.52805599748535,290,14.55,0.09772991,0.9597489938941995
6,398.52805599748535,291,14.600000000000001,0.100573435,0.9549672576166812
6,398.52805599748535,292,14.65,0.08916959,0.9565920731320976
6,398.52805599748535,293,14.700000000000001,0.093239054,0.9564348268431455
6,398.52805599748535,294,14.75,0.095906734,0.9551632863069763
6,398.52805599748535,295,14.8,0.09982413,0.957258717331076
6,398.52805599748535,296,14.850000000000001,0.09563969,0.952206338872095
6,398.52805599748535,297,14.9,0.10165977,0.9589257523999262
6,398.52805599748535,298,14.950000000000001,0.09583349,0.9507690032077383
6,398.52805599748535,299,15.0,0.09934181,0.9597288060771352
6,398.52805599748535,300,15.05,0.09731831,0.9619111595719535
6,398.52805599748535,301,15.100000000000001,0.09546367,0.9550328346748392
6,398.52805599748535,302,15.15,0.10354578,0.9536449130294687
6,398.52805599748535,303,15.200000000000001,0.09748031,0.9549727087493536
6,398.52805599748535,304,15.25,0.10467415,0.9551089887306945
6,398.52805599748535,305,15.3,0.096947,0.9585990298570833
6,398.52805599748535,306,15.350000000000001,0.1051419,0.9569901940306006
6,398.52805599748535,307,15.4,0.09604314,0.9518998646377055
6,398.52805599748535,308,15.450000000000001,0.097885914,0.9584296149954213
6,398.52805599748535,309,15.5,0.096386455,0.9529781662330019
6,398.52805599748535,310,15.55,0.103008516,0.9577383829428581
6,398.52805599748535,311,15.600000000000001,0.10319435,0.9606332081673037
6,398.52805599748535,312,15.65,0.09169576,0.9499606451960906
6,398.52805599748535,313,15.700000000000001,0.10348798,0.95600400370545
6,398.52805599748535,314,15.75,0.104851246,0.944868048805995
6,398.52805599748535,315,15.8,0.09883258,0.9547228955942023
6,398.52805599748535,316,15.850000000000001,0.093514815,0.9506063395472357
6,398.52805599748535,317,15.9,0.09793107,0.9608030776476937
6,398.52805599748535,318,15.950000000000001,0.10467332,0.9489986299726915
6,398.52805599748535,319,16.0,0.09885451,0.9546897282316242
6,398.52805599748535,320,16.05,0.10342597,0.9594034337203207
6,398.52805599748535,321,16.1,0.09633787,0.9558605427734681
6,398.52805599748535,322,16.150000000000002,0.10671741,0.9555594966234561
6,398.52805599748535,323,16.2,0.10613576,0.9577588314500873
6,398.52805599748535,324,16.25,0.09564604,0.9606702235937045
6,398.52805599748535,325,16.3,0.110741735,0.9560956453976694
6,398.52805599748535,326,16.35,0.09813802,0.9572503503250185
6,398.52805599748535,327,16.400000000000002,0.1007956,0.9605321594500859
6,398.52805599748535,328,16.45,0.09662631,0.9573697626292056
6,398.52805599748535,329,16.5,0.10409358,0.9540667514891035
6,398.52805599748535,330,16.55,0.10066477,0.9565506601435875
6,398.52805599748535,331,16.6,0.09438042,0.9548872456234853
6,398.52805599748535,332,16.650000000000002,0.104645155,0.9559838864382494
6,398.52805599748535,333,16.7,0.0986851,0.9565612485732274
6,398.52805599748535,334,16.75,0.09751143,0.9567320363809853
6,398.52805599748535,335,16.8,0.10081366,0.9571962499647304
6,398.52805599748535,336,16.85,0.10271098,0.9531782183308348
6,398.52805599748535,337,16.900000000000002,0.10936311,0.9578267963551715
6,398.52805599748535,338,16.95,0.104143545,0.9567071482196453
6,398.52805599748535,339,17.0,0.099696375,0.9538650474984255
6,398.52805599748535,340,17.05,0.103853434,0.955693812180032
6,398.52805599748535,341,17.1,0.094235174,0.9554226798384813
6,398.52805599748535,342,17.150000000000002,0.09905777,0.951952967561633
6,398.52805599748535,343,17.2,0.09628836,0.9578317420992318
6,398.52805599748535,344,17.25,0.0957991,0.9495654849178841
6,398.52805599748535,345,17.3,0.09515894,0.9507411793729866
6,398.52805599748535,346,17.35,0.10130865,0.9623658975468292
6,398.52805599748535,347,17.400000000000002,0.10270423,0.9552816265144632
6,398.52805599748535,348,17.45,0.10227365,0.9624853263642879
6,398.52805599748535,349,17.5,0.104721345,0.9611498522678307
6,398.52805599748535,350,17.55,0.098643795,0.9592989105020157
6,398.52805599748535,351,17.6,0.10182678,0.9470838230317234
6,398.52805599748535,352,17.650000000000002,0.10294031,0.9621070105725149
6,398.52805599748535,353,17.7,0.106386244,0.961451190058554
6,398.52805599748535,354,17.75,0.10063462,0.9586777572725022
6,398.52805599748535,355,17.8,0.09862798,0.9616714680838352
6,398.52805599748535,356,17.85,0.10306153,0.9596984811328033
6,398.52805599748535,357,17.900000000000002,0.10005315,0.9557669794958767
6,398.52805599748535,358,17.95,0.10351479,0.9554790931299735
6,398.52805599748535,359,18.0,0.09652218,0.9527977137073037
6,398.52805599748535,360,18.05,0.10237533,0.9579548671621413
6,398.52805599748535,361,18.1,0.09676798,0.9510498905443422
6,398.52805599748535,362,18.150000000000002,0.10163589,0.9531232687798573
6,398.52805599748535,363,18.2,0.10523009,0.9466644649190774
6,398.52805599748535,364,18.25,0.10528199,0.9562983282970848
6,398.52805599748535,365,18.3,0.10307498,0.9595631363432218
6,398.52805599748535,366,18.35,0.1041194,0.9487029420715083
6,398.52805599748535,367,18.400000000000002,0.101442926,0.964856773620901
6,398.52805599748535,368,18.45,0.101304375,0.9607414412009262
6,398.52805599748535,369,18.5,0.10837884,0.954543530342102
6,398.52805599748535,370,18.55,0.100060076,0.9518510334447345
6,398.52805599748535,371,18.6,0.106140666,0.9568644676012588
6,398.52805599748535,372,18.650000000000002,0.09921955,0.9545221730871548
6,398.52805599748535,373,18.7,0.10096576,0.9562671518885303
6,398.52805599748535,374,18.75,0.10551559,0.9490131368687913
6,398.52805599748535,375,18.8,0.10322123,0.9560707122381679
6,398.52805599748535,376,18.85,0.10407526,0.9520357179928116
6,398.52805599748535,377,18.900000000000002,0.10510479,0.9564056311275971
6,398.52805599748535,378,18.95,0.09733078,0.9512982611697297
6,398.52805599748535,379,19.0,0.10453657,0.9568777343649663
6,398.52805599748535,380,19.05,0.09770684,0.9552783362999283
6,398.52805599748535,381,19.1,0.09969898,0.9501927770838018
6,398.52805599748535,382,19.150000000000002,0.09786643,0.9552788289290344
6,398.52805599748535,383,19.200000000000003,0.107679024,0.9568510355487018
6,398.52805599748535,384,19.25,0.10221769,0.9565818563607498
6,398.52805599748535,385,19.3,0.09754255,0.9544582965446057
6,398.52805599748535,386,19.35,0.09996646,0.9592700527953723
6,398.52805599748535,387,19.400000000000002,0.102045365,0.958841451290631
6,398.52805599748535,388,19.450000000000003,0.106736094,0.9508310966596395
6,398.52805599748535,389,19.5,0.10585276,0.9560341995845892
6,398.52805599748535,390,19.55,0.09143823,0.9556168592362233
6,398.52805599748535,391,19.6,0.09776361,0.9532225533038117
6,398.52805599748535,392,19.650000000000002,0.10537335,0.9537362998517461
6,398.52805599748535,393,19.700000000000003,0.09670524,0.956695649428021
6,398.52805599748535,394,19.75,0.09846522,0.961539742737043
6,398.52805599748535,395,19.8,0.09768732,0.9574753581053149
6,398.52805599748535,396,19.85,0.099002615,0.9522291700351634
6,398.52805599748535,397,19.900000000000002,0.09676439,0.9489059869307148
6,398.52805599748535,398,19.950000000000003,0.0987931,0.9529398616044215
6,398.52805599748535,399,20.0,0.1007061,0.9471668192837761
7,418.60201615833967,0,0.05,0.098024875,0.9590449558894569
7,418.60201615833967,1,0.1,0.10454652,0.960262849774933
7,418.60201615833967,2,0.15000000000000002,0.1022092,0.9603738081620172
7,418.60201615833967,3,0.2,0.09742782,0.9642614681576822
7,418.60201615833967,4,0.25,0.100590676,0.9581648798741957
7,418.60201615833967,5,0.30000000000000004,0.10312208,0.9578137929470625
7,418.60201615833967,6,0.35000000000000003,0.10335973,0.9618840464702316
7,418.60201615833967,7,0.4,0.098249264,0.959634363654041
7,418.60201615833967,8,0.45,0.101120204,0.9582071728628333
7,418.60201615833967,9,0.5,0.10030672,0.9578158279232886
7,418.60201615833967,10,0.55,0.09677873,0.9548855925567095
7,418.60201615833967,11,0.6000000000000001,0.101292394,0.9598841608122819
7,418.60201615833967,12,0.65,0.090177014,0.9570753644160487
7,418.60201615833967,13,0.7000000000000001,0.10238633,0.9617428149570691
7,418.60201615833967,14,0.75,0.102510735,0.9585187155653349
7,418.60201615833967,15,0.8,0.09746875,0.9597184689582426
7,418.60201615833967,16,0.8500000000000001,0.102457434,0.9591443138174386
7,418.60201615833967,17,0.9,0.09765448,0.9602344295610872
7,418.60201615833967,18,0.9500000000000001,0.09392093,0.9560644922974042
7,418.60201615833967,19,1.0,0.1005674,0.9576300603765664
7,418.60201615833967,20,1.05,0.10105931,0.9593577571154877
7,418.60201615833967,21,1.1,0.10280547,0.9581123020266071
7,418.60201615833967,22,1.1500000000000001,0.105175704,0.9628827637836697
7,418.60201615833967,23,1.2000000000000002,0.09917148,0.9575293149785483
7,418.60201615833967,24,1.25,0.10305732,0.9597661862230734
7,418.60201615833967,25,1.3,0.08763477,0.9537660403485615
7,418.60201615833967,26,1.35,0.09549545,0.9542303735207643
7,418.60201615833967,27,1.4000000000000001,0.10287039,0.9643748807604848
7,418.60201615833967,28,1.4500000000000002,0.10063376,0.959776354030024
7,418.60201615833967,29,1.5,0.10050791,0.9568424795033356
7,418.60201615833967,30,1.55,0.092925176,0.9614578930478715
7,418.60201615833967,31,1.6,0.10621987,0.9612829554014192
7,418.60201615833967,32,1.6500000000000001,0.10188041,0.9624766129469674
7,418.60201615833967,33,1.7000000000000002,0.090796925,0.9510156428986037
7,418.60201615833967,34,1.75,0.100951165,0.961537112990639
7,418.60201615833967,35,1.8,0.09942468,0.9564313967123586
7,418.60201615833967,36,1.85,0.09638376,0.9552883087994801
7,418.60201615833967,37,1.9000000000000001,0.09843616,0.9581985244766588
7,418.60201615833967,38,1.9500000000000002,0.09842031,0.9548602578239728
7,418.60201615833967,39,2.0,0.10146429,0.9621464678099667
7,418.60201615833967,40,2.0500000000000003,0.09624874,0.9542508032780884
7,418.60201615833967,41,2.1,0.10039916,0.95444991049108
7,418.60201615833967,42,2.15,0.10435063,0.9552271610826991
7,418.60201615833967,43,2.2,0.098226316,0.9587440998772773
7,418.60201615833967,44,2.25,0.10057775,0.9549607481278203
7,418.60201615833967,45,2.3000000000000003,0.10090306,0.9559423764988626
7,418.60201615833967,46,2.35,0.09942468,0.9654887840219878
7,418.60201615833967,47,2.4000000000000004,0.10162821,0.9577904575375717
7,418.60201615833967,48,2.45,0.1009022,0.9651413578275577
7,418.60201615833967,49,2.5,0.10084805,0.9666134085605927
7,418.60201615833967,50,2.5500000000000003,0.10453076,0.9566839705257892
7,418.60201615833967,51,2.6,0.09795232,0.9599591565658236
7,418.60201615833967,52,2.6500000000000004,0.09659491,0.95248120377443
7,418.60201615833967,53,2.7,0.10025311,0.9567760074883139
7,418.60201615833967,54,2.75,0.10305395,0.955997063170776
7,418.60201615833967,55,2.8000000000000003,0.09625414,0.9524673800070999
7,418.60201615833967,56,2.85,0.103402495,0.9631169566383148
7,418.60201615833967,57,2.9000000000000004,0.0921259,0.9540644047827478
7,418.60201615833967,58,2.95,0.09873516,0.9555105306212658
7,418.60201615833967,59,3.0,0.09061532,0.9549431226663687
7,418.60201615833967,60,3.0500000000000003,0.09803283,0.9574714977903588
7,418.60201615833967,61,3.1,0.093507394,0.9549724079369886
7,418.60201615833967,62,3.1500000000000004,0.09712212,0.9568613353719796
7,418.60201615833967,63,3.2,0.099093646,0.9545164681887791
7,418.60201615833967,64,3.25,0.09680739,0.9558750871724955
7,418.60201615833967,65,3.3000000000000003,0.10323467,0.9603650730281068
7,418.60201615833967,66,3.35,0.10392854,0.9585827847762745
7,418.60201615833967,67,3.4000000000000004,0.10330184,0.9642231476292745
7,418.60201615833967,68,3.45,0.10053033,0.9623631217784332
7,418.60201615833967,69,3.5,0.09953885,0.9646127267372819
7,418.60201615833967,70,3.5500000000000003,0.10410691,0.9586730390646537
7,418.60201615833967,71,3.6,0.098833464,0.9572201845795812
7,418.60201615833967,72,3.6500000000000004,0.09542188,0.9540919852652483
7,418.60201615833967,73,3.7,0.10449177,0.9561987326726868
7,418.60201615833967,74,3.75,0.09807616,0.9608800752842186
7,418.60201615833967,75,3.8000000000000003,0.10545067,0.9620026091035905
7,418.60201615833967,76,3.85,0.10109105,0.9557910984041951
7,418.60201615833967,77,3.9000000000000004,0.10449509,0.9615520897859451
7,418.60201615833967,78,3.95,0.098488115,0.9519137252180031
7,418.60201615833967,79,4.0,0.09829338,0.9579710284200639
7,418.60201615833967,80,4.05,0.10776595,0.960710937838164
7,418.60201615833967,81,4.1000000000000005,0.09885802,0.9592559048106024
7,418.60201615833967,82,4.15,0.105961636,0.9620303872378796
7,418.60201615833967,83,4.2,0.09396707,0.9522979962167973
7,418.60201615833967,84,4.25,0.100624286,0.9534108596867211
7,418.60201615833967,85,4.3,0.0988817,0.9601213629418809
7,418.60201615833967,86,4.3500000000000005,0.09874131,0.9570967514599436
7,418.60201615833967,87,4.4,0.09675543,0.9572119683243071
7,418.60201615833967,88,4.45,0.09982673,0.9578855966293337
7,418.60201615833967,89,4.5,0.10487109,0.9601656933249236
7,418.60201615833967,90,4.55,0.09809472,0.9588937925276234
7,418.60201615833967,91,4.6000000000000005,0.10256147,0.9561359215062925
7,418.60201615833967,92,4.65,0.103044696,0.9600780034637599
7,418.60201615833967,93,4.7,0.101646125,0.9566286042951169
7,418.60201615833967,94,4.75,0.10318763,0.9642803442637823
7,418.60201615833967,95,4.800000000000001,0.09475905,0.9537682727850102
7,418.60201615833967,96,4.8500000000000005,0.09492268,0.9578405414093859
7,418.60201615833967,97,4.9,0.09988925,0.955255081122976
7,418.60201615833967,98,4.95,0.09704442,0.9565992105384393
7,418.60201615833967,99,5.0,0.09460705,0.9545639025989038
7,418.60201615833967,100,5.050000000000001,0.1014583,0.9546023295818711
7,418.60201615833967,101,5.1000000000000005,0.09819101,0.9602596086514358
7,418.60201615833967,102,5.15,0.102148965,0.9528578740559938
7,418.60201615833967,103,5.2,0.10130951,0.9538398570973504
7,418.60201615833967,104,5.25,0.09940724,0.9579513082743172
7,418.60201615833967,105,5.300000000000001,0.103193514,0.9558553110704265
7,418.60201615833967,106,5.3500000000000005,0.09782478,0.9536119167467055
7,418.60201615833967,107,5.4,0.0978682,0.9607383861968812
7,418.60201615833967,108,5.45,0.09218423,0.9516132783331003
7,418.60201615833967,109,5.5,0.10221514,0.9588067302821964
7,418.60201615833967,110,5.550000000000001,0.09485324,0.9565312692428389
7,418.60201615833967,111,5.6000000000000005,0.10878127,0.9540440595163715
7,418.60201615833967,112,5.65,0.101568475,0.95846172837622
7,418.60201615833967,113,5.7,0.09786643,0.9540492949289238
7,418.60201615833967,114,5.75,0.09433357,0.954247807560457
7,418.60201615833967,115,5.800000000000001,0.098116815,0.9556780761995466
7,418.60201615833967,116,5.8500000000000005,0.09638736,0.9490186899876214
7,418.60201615833967,117,5.9,0.09996733,0.9522266750505044
7,418.60201615833967,118,5.95,0.095386446,0.9568736173978565
7,418.60201615833967,119,6.0,0.09821484,0.9511482588500868
7,418.60201615833967,120,6.050000000000001,0.10020727,0.9564233658062503
7,418.60201615833967,121,6.1000000000000005,0.09410536,0.9546081302819563
7,418.60201615833967,122,6.15,0.11110205,0.9525605113215319
7,418.60201615833967,123,6.2,0.09826691,0.9637270238655832
7,418.60201615833967,124,6.25,0.10317251,0.9583272020032777
7,418.60201615833967,125,6.300000000000001,0.10546711,0.957221624159702
7,418.60201615833967,126,6.3500000000000005,0.096591316,0.9565111648453902
7,418.60201615833967,127,6.4,0.10192125,0.950981051283117
7,418.60201615833967,128,6.45,0.09427289,0.9513455592501018
7,418.60201615833967,129,6.5,0.099727675,0.9541087843722749
7,418.60201615833967,130,6.550000000000001,0.10397608,0.9564996806278819
7,418.60201615833967,131,6.6000000000000005,0.104927294,0.9589833336136686
7,418.60201615833967,132,6.65,0.094971076,0.9521697447963001
7,418.60201615833967,133,6.7,0.10189913,0.9553641753295908
7,418.60201615833967,134,6.75,0.09569588,0.9586878369324782
7,418.60201615833967,135,6.800000000000001,0.09436572,0.9550258367614561
7,418.60201615833967,136,6.8500000000000005,0.09815038,0.9569675163385215
7,418.60201615833967,137,6.9,0.10229739,0.9535020719185404
7,418.60201615833967,138,6.95,0.09840445,0.9576342706974442
7,418.60201615833967,139,7.0,0.10192295,0.9525654203160899
7,418.60201615833967,140,7.050000000000001,0.09881679,0.9529177329569787
7,418.60201615833967,141,7.1000000000000005,0.08914626,0.9500542015431996
7,418.60201615833967,142,7.15,0.1002116,0.9596414943271325
7,418.60201615833967,143,7.2,0.10069663,0.9650820639517876
7,418.60201615833967,144,7.25,0.1025454,0.9558045793888598
7,418.60201615833967,145,7.300000000000001,0.107635535,0.9588989802505302
7,418.60201615833967,146,7.3500000000000005,0.09819984,0.9488883302023258
7,418.60201615833967,147,7.4,0.09652846,0.9573764607191503
7,418.60201615833967,148,7.45,0.098977216,0.959299912912143
7,418.60201615833967,149,7.5,0.09985799,0.9543578495458348
7,418.60201615833967,150,7.550000000000001,0.09693895,0.9534379140022782
7,418.60201615833967,151,7.6000000000000005,0.09647636,0.9654975641041582
7,418.60201615833967,152,7.65,0.100152746,0.9621461553620545
7,418.60201615833967,153,7.7,0.099504,0.9548413523608056
7,418.60201615833967,154,7.75,0.10080076,0.9582816287728055
7,418.60201615833967,155,7.800000000000001,0.09620639,0.9549646240756318
7,418.60201615833967,156,7.8500000000000005,0.10139419,0.9620233327630282
7,418.60201615833967,157,7.9,0.09774055,0.9581220337577531
7,418.60201615833967,158,7.95,0.10139334,0.9654713603919508
7,418.60201615833967,159,8.0,0.097496316,0.9541455630380696
7,418.60201615833967,160,8.05,0.104819,0.9557856501342096
7,418.60201615833967,161,8.1,0.09952317,0.9645191745267665
7,418.60201615833967,162,8.15,0.1011982,0.96033212961771
7,418.60201615833967,163,8.200000000000001,0.09791957,0.9598476029807115
7,418.60201615833967,164,8.25,0.09815922,0.9509773307536901
7,418.60201615833967,165,8.3,0.10218885,0.9528290630676282
7,418.60201615833967,166,8.35,0.095241815,0.9595752045315659
7,418.60201615833967,167,8.4,0.09986667,0.960069924550588
7,418.60201615833967,168,8.450000000000001,0.10117506,0.9569538882800281
7,418.60201615833967,169,8.5,0.09223218,0.9538488026651635
7,418.60201615833967,170,8.55,0.10308844,0.9555707579835612
7,418.60201615833967,171,8.6,0.099637225,0.9556957369574228
7,418.60201615833967,172,8.65,0.10192125,0.9595614077038646
7,418.60201615833967,173,8.700000000000001,0.09859633,0.957714016987483
7,418.60201615833967,174,8.75,0.098452896,0.957463381577419
7,418.60201615833967,175,8.8,0.102904096,0.9619586310955691
7,418.60201615833967,176,8.85,0.10778123,0.9607252337968044
7,418.60201615833967,177,8.9,0.10163929,0.9512285714140768
7,418.60201615833967,178,8.950000000000001,0.102978215,0.9586792875630389
7,418.60201615833967,179,9.0,0.106024615,0.9574993623628344
7,418.60201615833967,180,9.05,0.10165892,0.9566467436476439
7,418.60201615833967,181,9.1,0.09832953,0.9604259741819677
7,418.60201615833967,182,9.15,0.097672224,0.9572371042564626
7,418.60201615833967,183,9.200000000000001,0.10747271,0.9678639470200773
7,418.60201615833967,184,9.25,0.09838419,0.951558030271818
7,418.60201615833967,185,9.3,0.09948047,0.9547630452052918
7,418.60201615833967,186,9.35,0.10271604,0.9611747298384139
7,418.60201615833967,187,9.4,0.101848066,0.9593502647666218
7,418.60201615833967,188,9.450000000000001,0.10096576,0.9633517869640446
7,418.60201615833967,189,9.5,0.09885363,0.9560617929321175
7,418.60201615833967,190,9.55,0.10070955,0.9554348135322113
7,418.60201615833967,191,9.600000000000001,0.097101584,0.9574031121531621
7,418.60201615833967,192,9.65,0.095622465,0.9594786357841217
7,418.60201615833967,193,9.700000000000001,0.09917848,0.9592645264596641
7,418.60201615833967,194,9.75,0.10222871,0.956886574358326
7,418.60201615833967,195,9.8,0.09341185,0.956959355135568
7,418.60201615833967,196,9.850000000000001,0.10648481,0.960038629862709
7,418.60201615833967,197,9.9,0.10629738,0.9603943273375876
7,418.60201615833967,198,9.950000000000001,0.10517241,0.9620461792857065
7,418.60201615833967,199,10.0,0.09631177,0.9601464781941237
7,418.60201615833967,200,10.05,0.09730227,0.9585601677696827
7,418.60201615833967,201,10.100000000000001,0.09743227,0.9580804007613782
7,418.60201615833967,202,10.15,0.09706229,0.9515547820921408
7,418.60201615833967,203,10.200000000000001,0.09867367,0.9587623895960653
7,418.60201615833967,204,10.25,0.09818924,0.9531400299329964
7,418.60201615833967,205,10.3,0.104854554,0.9495572944449414
7,418.60201615833967,206,10.350000000000001,0.10238803,0.9583967219359272
7,418.60201615833967,207,10.4,0.09724255,0.9555160411215884
7,418.60201615833967,208,10.450000000000001,0.100915946,0.9609139363457416
7,418.60201615833967,209,10.5,0.09710337,0.9573219112564039
7,418.60201615833967,210,10.55,0.10412773,0.9639937616424477
7,418.60201615833967,211,10.600000000000001,0.09411273,0.9537752754834954
7,418.60201615833967,212,10.65,0.09489162,0.9637476818593416
7,418.60201615833967,213,10.700000000000001,0.100450955,0.9613281995677933
7,418.60201615833967,214,10.75,0.09677066,0.9628323887605673
7,418.60201615833967,215,10.8,0.10020554,0.9613060626324605
7,418.60201615833967,216,10.850000000000001,0.09931563,0.9561100846415448
7,418.60201615833967,217,10.9,0.09650421,0.9557373536428617
7,418.60201615833967,218,10.950000000000001,0.09996733,0.9639417164310302
7,418.60201615833967,219,11.0,0.09322604,0.9510359930243381
7,418.60201615833967,220,11.05,0.0988817,0.9670098823941828
7,418.60201615833967,221,11.100000000000001,0.102904096,0.9556047295768896
7,418.60201615833967,222,11.15,0.100533776,0.9544650176767566
7,418.60201615833967,223,11.200000000000001,0.09916274,0.9572554469526424
7,418.60201615833967,224,11.25,0.097555876,0.954432584356584
7,418.60201615833967,225,11.3,0.10393605,0.9557949616752985
7,418.60201615833967,226,11.350000000000001,0.10038361,0.9553582355094076
7,418.60201615833967,227,11.4,0.10217527,0.9609282368588431
7,418.60201615833967,228,11.450000000000001,0.09732722,0.9559521728574999
7,418.60201615833967,229,11.5,0.10295632,0.9630078000578393
7,418.60201615833967,230,11.55,0.09857082,0.9594156040782627
7,418.60201615833967,231,11.600000000000001,0.10358345,0.9491021874821751
7,418.60201615833967,232,11.65,0.09971898,0.9628659777921394
7,418.60201615833967,233,11.700000000000001,0.09484775,0.9545062433807239
7,418.60201615833967,234,11.75,0.10443534,0.9560792358249609
7,418.60201615833967,235,11.8,0.09218517,0.9539106309677948
7,418.60201615833967,236,11.850000000000001,0.10403193,0.9626716123946586
7,418.60201615833967,237,11.9,0.10753078,0.9536171632826829
7,418.60201615833967,238,11.950000000000001,0.09417996,0.9611994228345028
7,418.60201615833967,239,12.0,0.102845944,0.9579795930009176
7,418.60201615833967,240,12.05,0.10001588,0.9614559869265079
7,418.60201615833967,241,12.100000000000001,0.09812742,0.9593996639498353
7,418.60201615833967,242,12.15,0.10353572,0.9554642645697798
7,418.60201615833967,243,12.200000000000001,0.104407944,0.9543915069766334
7,418.60201615833967,244,12.25,0.10045182,0.9569274872976475
7,418.60201615833967,245,12.3,0.104016095,0.9610747656756045
7,418.60201615833967,246,12.350000000000001,0.09535644,0.9498205022720083
7,418.60201615833967,247,12.4,0.09469223,0.9572131608947982
7,418.60201615833967,248,12.450000000000001,0.099913545,0.9621877706755211
7,418.60201615833967,249,12.5,0.10153689,0.9489319477648904
7,418.60201615833967,250,12.55,0.09837449,0.9566099416732887
7,418.60201615833967,251,12.600000000000001,0.10091337,0.9561428897890704
7,418.60201615833967,252,12.65,0.1039519,0.953738076161093
7,418.60201615833967,253,12.700000000000001,0.09868685,0.957031656321866
7,418.60201615833967,254,12.75,0.103957735,0.9591297422966795
7,418.60201615833967,255,12.8,0.10290915,0.9573263910223195
7,418.60201615833967,256,12.850000000000001,0.09984497,0.9647858289713919
7,418.60201615833967,257,12.9,0.10708398,0.955591998251315
7,418.60201615833967,258,12.950000000000001,0.106283516,0.9623893570726646
7,418.60201615833967,259,13.0,0.09277858,0.9563127712617804
7,418.60201615833967,260,13.05,0.103554145,0.9616545822864117
7,418.60201615833967,261,13.100000000000001,0.09923528,0.9638129182444152
7,418.60201615833967,262,13.15,0.09758165,0.9527330387229469
7,418.60201615833967,263,13.200000000000001,0.10362445,0.959445258471388
7,418.60201615833967,264,13.25,0.10672554,0.9589389688414794
7,418.60201615833967,265,13.3,0.090453476,0.9517559301758872
7,418.60201615833967,266,13.350000000000001,0.09503769,0.9563507916352154
7,418.60201615833967,267,13.4,0.095471844,0.956050151806471
7,418.60201615833967,268,13.450000000000001,0.103418425,0.9508753421520031
7,418.60201615833967,269,13.5,0.09757009,0.9533294535443502
7,418.60201615833967,270,13.55,0.099276334,0.9572405835194749
7,418.60201615833967,271,13.600000000000001,0.09776716,0.9545242092885026
7,418.60201615833967,272,13.65,0.10560594,0.9581879759947378
7,418.60201615833967,273,13.700000000000001,0.09563334,0.9562232527759651
7,418.60201615833967,274,13.75,0.099381946,0.9521160097370204
7,418.60201615833967,275,13.8,0.10755818,0.9560156806148304
7,418.60201615833967,276,13.850000000000001,0.11175019,0.9590363191015032
7,418.60201615833967,277,13.9,0.095116116,0.9592101260323594
7,418.60201615833967,278,13.950000000000001,0.10385928,0.9587815416831748
7,418.60201615833967,279,14.0,0.09323162,0.9521981622760302
7,418.60201615833967,280,14.05,0.105335504,0.958028811447324
7,418.60201615833967,281,14.100000000000001,0.10293947,0.9642632012074416
7,418.60201615833967,282,14.15,0.1040236,0.9528240020387189
7,418.60201615833967,283,14.200000000000001,0.092896245,0.9551015753742341
7,418.60201615833967,284,14.25,0.10601317,0.9579443228770254
7,418.60201615833967,285,14.3,0.10206405,0.9565503306263683
7,418.60201615833967,286,14.350000000000001,0.09588955,0.9608563512011918
7,418.60201615833967,287,14.4,0.101443775,0.9622933959269458
7,418.60201615833967,288,14.450000000000001,0.08980128,0.9516220714419221
7,418.60201615833967,289,14.5,0.099105895,0.9471045349272107
7,418.60201615833967,290,14.55,0.09912339,0.9577930402040558
7,418.60201615833967,291,14.600000000000001,0.09612796,0.9507327186969639
7,418.60201615833967,292,14.65,0.09824485,0.9570723370238516
7,418.60201615833967,293,14.700000000000001,0.099313006,0.9543417876830887
7,418.60201615833967,294,14.75,0.095543556,0.9597427284103552
7,418.60201615833967,295,14.8,0.10101641,0.9577557215603868
7,418.60201615833967,296,14.850000000000001,0.10025225,0.9502870012703665
7,418.60201615833967,297,14.9,0.09362322,0.9533308132090748
7,418.60201615833967,298,14.950000000000001,0.104807414,0.9561203947058381
7,418.60201615833967,299,15.0,0.09765625,0.9524560186467241
7,418.60201615833967,300,15.05,0.099486575,0.956690275503793
7,418.60201615833967,301,15.100000000000001,0.09757365,0.9501638202358867
7,418.60201615833967,302,15.15,0.09813537,0.9545065028014834
7,418.60201615833967,303,15.200000000000001,0.104964465,0.9591909052549125
7,418.60201615833967,304,15.25,0.10098379,0.9603579773835059
7,418.60201615833967,305,15.3,0.099119894,0.9517464771023093
7,418.60201615833967,306,15.350000000000001,0.101467706,0.9594213453519281
7,418.60201615833967,307,15.4,0.0994055,0.9586507515447292
7,418.60201615833967,308,15.450000000000001,0.10732094,0.9582636797107489
7,418.60201615833967,309,15.5,0.101003535,0.9537966378074343
7,418.60201615833967,310,15.55,0.100080006,0.9499610648012956
7,418.60201615833967,311,15.600000000000001,0.09396061,0.9558780641036118
7,418.60201615833967,312,15.65,0.10240666,0.9605865973506236
7,418.60201615833967,313,15.700000000000001,0.09827485,0.959972531964242
7,418.60201615833967,314,15.75,0.097022094,0.9557139779905165
7,418.60201615833967,315,15.8,0.10585522,0.9528499595391179
7,418.60201615833967,316,15.850000000000001,0.0998415,0.9540471585118562
7,418.60201615833967,317,15.9,0.09815745,0.9520887295456216
7,418.60201615833967,318,15.950000000000001,0.09199971,0.9537643056441039
7,418.60201615833967,319,16.0,0.10108505,0.9557845036595934
7,418.60201615833967,320,16.05,0.10033697,0.9591000412640467
7,418.60201615833967,321,16.1,0.09408786,0.9581536437021908
7,418.60201615833967,322,16.150000000000002,0.09908839,0.9623731528984547
7,418.60201615833967,323,16.2,0.09507691,0.9564068459672277
7,418.60201615833967,324,16.25,0.10121105,0.9578566331515515
7,418.60201615833967,325,16.3,0.1026164,0.9602582574002233
7,418.60201615833967,326,16.35,0.097352155,0.9574637345434829
7,418.60201615833967,327,16.400000000000002,0.090135664,0.9533197232435282
7,418.60201615833967,328,16.45,0.09603231,0.9571051583281496
7,418.60201615833967,329,16.5,0.093932,0.9500688468340208
7,418.60201615833967,330,16.55,0.1030632,0.9454059937784731
7,418.60201615833967,331,16.6,0.089966215,0.9562376564289115
7,418.60201615833967,332,16.650000000000002,0.102240585,0.9645145166054432
7,418.60201615833967,333,16.7,0.101911895,0.9630467028187089
7,418.60201615833967,334,16.75,0.09866928,0.9584219663734401
7,418.60201615833967,335,16.8,0.095590726,0.9544089894742109
7,418.60201615833967,336,16.85,0.10531821,0.9489126170080011
7,418.60201615833967,337,16.900000000000002,0.09378791,0.9516105498380867
7,418.60201615833967,338,16.95,0.09255497,0.9548163712250546
7,418.60201615833967,339,17.0,0.10143779,0.9596641239869922
7,418.60201615833967,340,17.05,0.094294034,0.9585917405541857
7,418.60201615833967,341,17.1,0.09216353,0.9545840373836126
7,418.60201615833967,342,17.150000000000002,0.0915633,0.9521117888527575
7,418.60201615833967,343,17.2,0.097829215,0.9548029160092563
7,418.60201615833967,344,17.25,0.100787856,0.9540026909177808
7,418.60201615833967,345,17.3,0.10255555,0.9638806309220272
7,418.60201615833967,346,17.35,0.10687976,0.9597321126682533
7,418.60201615833967,347,17.400000000000002,0.10013024,0.9608779167325322
7,418.60201615833967,348,17.45,0.10174757,0.9553559994988552
7,418.60201615833967,349,17.5,0.10348798,0.95601459815622
7,418.60201615833967,350,17.55,0.0972996,0.9589501104161932
7,418.60201615833967,351,17.6,0.106365055,0.9601710112517353
7,418.60201615833967,352,17.650000000000002,0.10690572,0.9479008103637746
7,418.60201615833967,353,17.7,0.10288303,0.952964002981581
7,418.60201615833967,354,17.75,0.10815222,0.9502485690890887
7,418.60201615833967,355,17.8,0.103053115,0.9574238321671423
7,418.60201615833967,356,17.85,0.10234145,0.9522663160474845
7,418.60201615833967,357,17.900000000000002,0.09465652,0.9538612456714238
7,418.60201615833967,358,17.95,0.1011922,0.9611131960347264
7,418.60201615833967,359,18.0,0.097272865,0.9475468704987907
7,418.60201615833967,360,18.05,0.10338824,0.9516913602007528
7,418.60201615833967,361,18.1,0.10012851,0.9559317065563973
7,418.60201615833967,362,18.150000000000002,0.10260288,0.9592283151517043
7,418.60201615833967,363,18.2,0.097051576,0.9619498036022527
7,418.60201615833967,364,18.25,0.09959196,0.9593121068816052
7,418.60201615833967,365,18.3,0.10375572,0.9589002272726741
7,418.60201615833967,366,18.35,0.10253864,0.9528377827242775
7,418.60201615833967,367,18.400000000000002,0.100359425,0.9568486089501574
7,418.60201615833967,368,18.45,0.10326742,0.9537488691974845
7,418.60201615833967,369,18.5,0.10439631,0.9627538693412809
7,418.60201615833967,370,18.55,0.10483637,0.9661624207549254
7,418.60201615833967,371,18.6,0.102013074,0.9508486873568689
7,418.60201615833967,372,18.650000000000002,0.10692761,0.9613931966632582
7,418.60201615833967,373,18.7,0.09583168,0.9585800727123258
7,418.60201615833967,374,18.75,0.104661725,0.9649243835797544
7,418.60201615833967,375,18.8,0.09381748,0.954215265213437
7,418.60201615833967,376,18.85,0.09606119,0.958595210550304
7,418.60201615833967,377,18.900000000000002,0.095363714,0.9535656401969246
7,418.60201615833967,378,18.95,0.099949114,0.9551488010440856
7,418.60201615833967,379,19.0,0.10900579,0.9575571773681488
7,418.60201615833967,380,19.05,0.10481155,0.9546373819538504
7,418.60201615833967,381,19.1,0.10081538,0.9505515714028325
7,418.60201615833967,382,19.150000000000002,0.10179528,0.9612869555201791
7,418.60201615833967,383,19.200000000000003,0.106584094,0.9493350321588641
7,418.60201615833967,384,19.25,0.09622351,0.9585851954081783
7,418.60201615833967,385,19.3,0.09810179,0.958676164221197
7,418.60201615833967,386,19.35,0.10471969,0.9585843430424804
7,418.60201615833967,387,19.400000000000002,0.096783206,0.9569008910741954
7,418.60201615833967,388,19.450000000000003,0.09196295,0.9562184801807991
7,418.60201615833967,389,19.5,0.09713997,0.9526702414434753
7,418.60201615833967,390,19.55,0.10588469,0.9625441223280846
7,418.60201615833967,391,19.6,0.10502227,0.9634077510715482
7,418.60201615833967,392,19.650000000000002,0.09751766,0.9566552385013395
7,418.60201615833967,393,19.700000000000003,0.10264343,0.9540507295550519
7,418.60201615833967,394,19.75,0.09270473,0.9506403469349974
7,418.60201615833967,395,19.8,0.09592391,0.9540248847537959
7,418.60201615833967,396,19.85,0.09886591,0.9578364281932196
7,418.60201615833967,397,19.900000000000002,0.09818571,0.9561053121599913
7,418.60201615833967,398,19.950000000000003,0.096735716,0.954047340877362
7,418.60201615833967,399,20.0,0.09101246,0.9509907661177002
8,439.89221865449224,0,0.05,0.101055026,0.9547399661061975
8,439.89221865449224,1,0.1,0.10093742,0.9643375736035148
8,439.89221865449224,2,0.15000000000000002,0.104107745,0.9590658636715397
8,439.89221865449224,3,0.2,0.1033161,0.9676362725789265
8,439.89221865449224,4,0.25,0.10548683,0.967251849278181
8,439.89221865449224,5,0.30000000000000004,0.0938489,0.9588138785638421
8,439.89221865449224,6,0.35000000000000003,0.093224175,0.959621018485673
8,439.89221865449224,7,0.4,0.0987694,0.9584562114013845
8,439.89221865449224,8,0.45,0.10280632,0.9616144285087705
8,439.89221865449224,9,0.5,0.099551044,0.9602161072194252
8,439.89221865449224,10,0.55,0.09834892,0.9644983847950358
8,439.89221865449224,11,0.6000000000000001,0.09836479,0.957525272385048
8,439.89221865449224,12,0.65,0.10259696,0.9591594994513438
8,439.89221865449224,13,0.7000000000000001,0.10526963,0.958719811862251
8,439.89221865449224,14,0.75,0.09831807,0.9582121761138891
8,439.89221865449224,15,0.8,0.09773701,0.9535695559704895
8,439.89221865449224,16,0.8500000000000001,0.10243967,0.9625795794441535
8,439.89221865449224,17,0.9,0.10037929,0.964310219811165
8,439.89221865449224,18,0.9500000000000001,0.0973575,0.9609203156317595
8,439.89221865449224,19,1.0,0.099238776,0.9561851273563897
8,439.89221865449224,20,1.05,0.09918984,0.9582847839950459
8,439.89221865449224,21,1.1,0.09693179,0.9551843340948902
8,439.89221865449224,22,1.1500000000000001,0.09951272,0.9557602122056763
8,439.89221865449224,23,1.2000000000000002,0.097988605,0.9544729000692714
8,439.89221865449224,24,1.25,0.10280379,0.9564262281423186
8,439.89221865449224,25,1.3,0.09632167,0.9570735525423272
8,439.89221865449224,26,1.35,0.09849779,0.9579340220644321
8,439.89221865449224,27,1.4000000000000001,0.10206661,0.9613613543721452
8,439.89221865449224,28,1.4500000000000002,0.09932785,0.9559492619221234
8,439.89221865449224,29,1.5,0.10003755,0.9614106265177368
8,439.89221865449224,30,1.55,0.09877642,0.9630850477829517
8,439.89221865449224,31,1.6,0.10450671,0.9573418739965034
8,439.89221865449224,32,1.6500000000000001,0.10663289,0.962076783715425
8,439.89221865449224,33,1.7000000000000002,0.10034474,0.9539733639136531
8,439.89221865449224,34,1.75,0.094044544,0.9540737048426721
8,439.89221865449224,35,1.8,0.096646056,0.9537390518152896
8,439.89221865449224,36,1.85,0.09881591,0.9561836111252805
8,439.89221865449224,37,1.9000000000000001,0.0974723,0.9547103470640332
8,439.89221865449224,38,1.9500000000000002,0.103863455,0.9599329081885353
8,439.89221865449224,39,2.0,0.0993645,0.9608213452979258
8,439.89221865449224,40,2.0500000000000003,0.09924314,0.9595848336086413
8,439.89221865449224,41,2.1,0.09954321,0.9611835340168023
8,439.89221865449224,42,2.15,0.09640354,0.9618420887785598
8,439.89221865449224,43,2.2,0.093740754,0.9551979486854391
8,439.89221865449224,44,2.25,0.09786643,0.9572712499214304
8,439.89221865449224,45,2.3000000000000003,0.1028392,0.9578895933037604
8,439.89221865449224,46,2.35,0.09976939,0.9577414268595421
8,439.89221865449224,47,2.4000000000000004,0.09851804,0.9587185376413626
8,439.89221865449224,48,2.45,0.093146026,0.9525019955016053
8,439.89221865449224,49,2.5,0.09494368,0.9552430781187938
8,439.89221865449224,50,2.5500000000000003,0.10158213,0.9603601464253366
8,439.89221865449224,51,2.6,0.09829867,0.9582558497588843
8,439.89221865449224,52,2.6500000000000004,0.10805919,0.957093695392498
8,439.89221865449224,53,2.7,0.09489345,0.9510016726238715
8,439.89221865449224,54,2.75,0.096099995,0.9588287140101168
8,439.89221865449224,55,2.8000000000000003,0.09758698,0.9538732382620543
8,439.89221865449224,56,2.85,0.093621366,0.9507471038905487
8,439.89221865449224,57,2.9000000000000004,0.09619647,0.9575337291009007
8,439.89221865449224,58,2.95,0.091235094,0.9577143657045588
8,439.89221865449224,59,3.0,0.09640174,0.9606641678422664
8,439.89221865449224,60,3.0500000000000003,0.098795734,0.955407890343409
8,439.89221865449224,61,3.1,0.092044935,0.9552391008216982
8,439.89221865449224,62,3.1500000000000004,0.09884311,0.9549462790045798
8,439.89221865449224,63,3.2,0.09818218,0.9579718490134824
8,439.89221865449224,64,3.25,0.10154287,0.9635379779361456
8,439.89221865449224,65,3.3000000000000003,0.1023389,0.9567483625620108
8,439.89221865449224,66,3.35,0.10121705,0.9566169635732148
8,439.89221865449224,67,3.4000000000000004,0.10775146,0.9490398538074111
8,439.89221865449224,68,3.45,0.09302681,0.9519467264852036
8,439.89221865449224,69,3.5,0.09818218,0.9560000295560801
8,439.89221865449224,70,3.5500000000000003,0.0974972,0.9565408408259857
8,439.89221865449224,71,3.6,0.09689243,0.9557829087348917
8,439.89221865449224,72,3.6500000000000004,0.10623701,0.9586579518348014
8,439.89221865449224,73,3.7,0.10141557,0.9562798360120865
8,439.89221865449224,74,3.75,0.09856291,0.9523841963889943
8,439.89221865449224,75,3.8000000000000003,0.096772455,0.9525859996509032
8,439.89221865449224,76,3.85,0.098551475,0.9533635860995777
8,439.89221865449224,77,3.9000000000000004,0.10148735,0.9530903625131484
8,439.89221865449224,78,3.95,0.10376157,0.957226871209177
8,439.89221865449224,79,4.0,0.09547093,0.9544299959283674
8,439.89221865449224,80,4.05,0.096716896,0.9561370082505988
8,439.89221865449224,81,4.1000000000000005,0.09782478,0.9584515311937787
8,439.89221865449224,82,4.15,0.09739489,0.9562598242860597
8,439.89221865449224,83,4.2,0.101062745,0.9578802813758598
8,439.89221865449224,84,4.25,0.1046319,0.9603280075264593
8,439.89221865449224,85,4.3,0.10388683,0.9580422295828072
8,439.89221865449224,86,4.3500000000000005,0.09793462,0.9577489932816192
8,439.89221865449224,87,4.4,0.10218036,0.9514270225713661
8,439.89221865449224,88,4.45,0.09930951,0.9603492812855302
8,439.89221865449224,89,4.5,0.09813537,0.9566560566324326
8,439.89221865449224,90,4.55,0.099174105,0.9505916835088325
8,439.89221865449224,91,4.6000000000000005,0.10196547,0.956990698268045
8,439.89221865449224,92,4.65,0.09689423,0.9561037081118795
8,439.89221865449224,93,4.7,0.09658863,0.9623059588628086
8,439.89221865449224,94,4.75,0.093670435,0.9499750732353635
8,439.89221865449224,95,4.800000000000001,0.0994613,0.9603836189275907
8,439.89221865449224,96,4.8500000000000005,0.09654822,0.9541153733198582
8,439.89221865449224,97,4.9,0.09826691,0.9524113547631937
8,439.89221865449224,98,4.95,0.09520449,0.9459253859334418
8,439.89221865449224,99,5.0,0.09611443,0.9577770904204496
8,439.89221865449224,100,5.050000000000001,0.097513214,0.9494783761564275
8,439.89221865449224,101,5.1000000000000005,0.098743066,0.9552531909339798
8,439.89221865449224,102,5.15,0.10260795,0.9534638182644809
8,439.89221865449224,103,5.2,0.09685842,0.9642943852498709
8,439.89221865449224,104,5.25,0.10143181,0.9604715692336758
8,439.89221865449224,105,5.300000000000001,0.091796875,0.9602130933455266
8,439.89221865449224,106,5.3500000000000005,0.09485781,0.9559264861602157
8,439.89221865449224,107,5.4,0.10033351,0.9595082803079796
8,439.89221865449224,108,5.45,0.10005748,0.956003928629118
8,439.89221865449224,109,5.5,0.100682,0.9608068902368039
8,439.89221865449224,110,5.550000000000001,0.09821749,0.9516139253859457
8,439.89221865449224,111,5.6000000000000005,0.1003767,0.9618652648118642
8,439.89221865449224,112,5.65,0.09542461,0.953619606878131
8,439.89221865449224,113,5.7,0.09541915,0.9538578023056743
8,439.89221865449224,114,5.75,0.09977374,0.9567438922253516
8,439.89221865449224,115,5.800000000000001,0.099230915,0.9571199287676639
8,439.89221865449224,116,5.8500000000000005,0.09555172,0.9527788387774438
8,439.89221865449224,117,5.9,0.1003361,0.9569226536312377
8,439.89221865449224,118,5.95,0.09820072,0.9556221499013127
8,439.89221865449224,119,6.0,0.10283246,0.9594737693643247
8,439.89221865449224,120,6.050000000000001,0.103447765,0.9506637894851732
8,439.89221865449224,121,6.1000000000000005,0.106537715,0.9551721081853065
8,439.89221865449224,122,6.15,0.09603231,0.9629065248883759
8,439.89221865449224,123,6.2,0.09622171,0.9529302575547156
8,439.89221865449224,124,6.25,0.101019844,0.9537970963103142
8,439.89221865449224,125,6.300000000000001,0.09895882,0.9592832520234094
8,439.89221865449224,126,6.3500000000000005,0.106273726,0.9660965419637484
8,439.89221865449224,127,6.4,0.1007827,0.9584991500171379
8,439.89221865449224,128,6.45,0.1089501,0.953179383168629
8,439.89221865449224,129,6.5,0.10523833,0.9632365379850129
8,439.89221865449224,130,6.550000000000001,0.09369449,0.9526029718902391
8,439.89221865449224,131,6.6000000000000005,0.100602746,0.9600889185501965
8,439.89221865449224,132,6.65,0.09770862,0.948090570378374
8,439.89221865449224,133,6.7,0.102132834,0.9551439160294057
8,439.89221865449224,134,6.75,0.102724485,0.9564084355118652
8,439.89221865449224,135,6.800000000000001,0.10380334,0.9549939203251313
8,439.89221865449224,136,6.8500000000000005,0.098694764,0.9542726928883807
8,439.89221865449224,137,6.9,0.095240906,0.9549049539697864
8,439.89221865449224,138,6.95,0.09576742,0.9558440815450676
8,439.89221865449224,139,7.0,0.09811062,0.9423156089001105
8,439.89221865449224,140,7.050000000000001,0.09821396,0.9569591889271776
8,439.89221865449224,141,7.1000000000000005,0.10573885,0.9547989587031543
8,439.89221865449224,142,7.15,0.09821484,0.958205890064154
8,439.89221865449224,143,7.2,0.09857874,0.962017806289232
8,439.89221865449224,144,7.25,0.107137404,0.9564144712631757
8,439.89221865449224,145,7.300000000000001,0.10222024,0.9517454758765913
8,439.89221865449224,146,7.3500000000000005,0.09599438,0.9614608827725584
8,439.89221865449224,147,7.4,0.10196973,0.9617687526010521
8,439.89221865449224,148,7.45,0.10254371,0.962489194457305
8,439.89221865449224,149,7.5,0.09931563,0.9601713346177526
8,439.89221865449224,150,7.550000000000001,0.100368924,0.9554723676659576
8,439.89221865449224,151,7.6000000000000005,0.09816893,0.9577103187630959
8,439.89221865449224,152,7.65,0.098167166,0.9526841648406353
8,439.89221865449224,153,7.7,0.10449592,0.9610940452814839
8,439.89221865449224,154,7.75,0.10120848,0.9534742685086631
8,439.89221865449224,155,7.800000000000001,0.10076377,0.9630755921581126
8,439.89221865449224,156,7.8500000000000005,0.09890186,0.9590369538743619
8,439.89221865449224,157,7.9,0.08902266,0.9478478531689111
8,439.89221865449224,158,7.95,0.10680673,0.9520187941375765
8,439.89221865449224,159,8.0,0.09397445,0.9514193980875697
8,439.89221865449224,160,8.05,0.09511884,0.9519872421904284
8,439.89221865449224,161,8.1,0.10020813,0.9549061315700939
8,439.89221865449224,162,8.15,0.093847975,0.9553066978322732
8,439.89221865449224,163,8.200000000000001,0.09917498,0.9565187806418439
8,439.89221865449224,164,8.25,0.10261386,0.9569447798490579
8,439.89221865449224,165,8.3,0.099955186,0.9570317480663088
8,439.89221865449224,166,8.35,0.10636832,0.9580756146698708
8,439.89221865449224,167,8.4,0.10094515,0.9663324321160567
8,439.89221865449224,168,8.450000000000001,0.106058955,0.958242919950075
8,439.89221865449224,169,8.5,0.10345698,0.9568886509490576
8,439.89221865449224,170,8.55,0.09714354,0.9596765375370077
8,439.89221865449224,171,8.6,0.10108848,0.9538236149214456
8,439.89221865449224,172,8.65,0.09981979,0.950011717762615
8,439.89221865449224,173,8.700000000000001,0.09653206,0.9572247136123521
8,439.89221865449224,174,8.75,0.10196632,0.9576064744289102
8,439.89221865449224,175,8.8,0.10479335,0.9595262702379986
8,439.89221865449224,176,8.85,0.10400776,0.9540882536612786
8,439.89221865449224,177,8.9,0.10489919,0.9573202346561381
8,439.89221865449224,178,8.950000000000001,0.096361265,0.959133481443609
8,439.89221865449224,179,9.0,0.09797356,0.9552476685324309
8,439.89221865449224,180,9.05,0.09882118,0.96359790489885
8,439.89221865449224,181,9.1,0.09875974,0.9615097066060392
8,439.89221865449224,182,9.15,0.09768288,0.9650902321465364
8,439.89221865449224,183,9.200000000000001,0.09699349,0.9532070586312149
8,439.89221865449224,184,9.25,0.101714335,0.9624416685469037
8,439.89221865449224,185,9.3,0.09703549,0.9632524976238073
8,439.89221865449224,186,9.35,0.09536645,0.9570804340717843
8,439.89221865449224,187,9.4,0.09534098,0.9570359881053045
8,439.89221865449224,188,9.450000000000001,0.09869915,0.9654157007169826
8,439.89221865449224,189,9.5,0.1067101,0.9598524003717565
8,439.89221865449224,190,9.55,0.10032314,0.9573304907464844
8,439.89221865449224,191,9.600000000000001,0.10095288,0.9559858325601304
8,439.89221865449224,192,9.65,0.100915946,0.9552173929617375
8,439.89221865449224,193,9.700000000000001,0.099551916,0.955353070069106
8,439.89221865449224,194,9.75,0.09818306,0.9548477702692763
8,439.89221865449224,195,9.8,0.105813436,0.9623517782355338
8,439.89221865449224,196,9.850000000000001,0.096466474,0.958560555342251
8,439.89221865449224,197,9.9,0.09765802,0.9561387652168174
8,439.89221865449224,198,9.950000000000001,0.09932959,0.9516576496747848
8,439.89221865449224,199,10.0,0.09154625,0.9506230673022037
8,439.89221865449224,200,10.05,0.10665158,0.9594612417863827
8,439.89221865449224,201,10.100000000000001,0.104107745,0.9622368105505151
8,439.89221865449224,202,10.15,0.1003862,0.9612557215618841
8,439.89221865449224,203,10.200000000000001,0.099855386,0.9548282656974849
8,439.89221865449224,204,10.25,0.09906915,0.9546491493695556
8,439.89221865449224,205,10.3,0.10458963,0.9540408337687446
8,439.89221865449224,206,10.350000000000001,0.10108591,0.9608828682130592
8,439.89221865449224,207,10.4,0.09756388,0.9544353210531692
8,439.89221865449224,208,10.450000000000001,0.09656349,0.9553400538405642
8,439.89221865449224,209,10.5,0.10193996,0.9591061769413886
8,439.89221865449224,210,10.55,0.10082656,0.9567603274985356
8,439.89221865449224,211,10.600000000000001,0.08860094,0.9483537055542255
8,439.89221865449224,212,10.65,0.09836744,0.9578675568860807
8,439.89221865449224,213,10.700000000000001,0.09591306,0.964431771026125
8,439.89221865449224,214,10.75,0.10084719,0.9539107604474721
8,439.89221865449224,215,10.8,0.10294285,0.9640532765706831
8,439.89221865449224,216,10.850000000000001,0.09282249,0.9592524251798644
8,439.89221865449224,217,10.9,0.10084204,0.9534474261299212
8,439.89221865449224,218,10.950000000000001,0.09762606,0.955451574827158
8,439.89221865449224,219,11.0,0.10502557,0.9565100036976663
8,439.89221865449224,220,11.05,0.1014583,0.9528047291818998
8,439.89221865449224,221,11.100000000000001,0.10378162,0.9612207171497089
8,439.89221865449224,222,11.15,0.106019706,0.958602676480817
8,439.89221865449224,223,11.200000000000001,0.10745738,0.953904993310344
8,439.89221865449224,224,11.25,0.095512696,0.9637891192275914
8,439.89221865449224,225,11.3,0.10276161,0.9563171173943141
8,439.89221865449224,226,11.350000000000001,0.10289483,0.9593140091196622
8,439.89221865449224,227,11.4,0.09339236,0.9525147909879745
8,439.89221865449224,228,11.450000000000001,0.101395905,0.957476722533413
8,439.89221865449224,229,11.5,0.098218374,0.9547227502050093
8,439.89221865449224,230,11.55,0.09451353,0.9570018049539339
8,439.89221865449224,231,11.600000000000001,0.09870091,0.9623900967136308
8,439.89221865449224,232,11.65,0.098932534,0.9604484029647619
8,439.89221865449224,233,11.700000000000001,0.10406193,0.9570769401616983
8,439.89221865449224,234,11.75,0.09975462,0.9660180880247761
8,439.89221865449224,235,11.8,0.09959284,0.9587336238870418
8,439.89221865449224,236,11.850000000000001,0.10251158,0.9558244413926624
8,439.89221865449224,237,11.9,0.100392245,0.9587789017983394
8,439.89221865449224,238,11.950000000000001,0.09888257,0.9559771997770362
8,439.89221865449224,239,12.0,0.101356566,0.9619544553250663
8,439.89221865449224,240,12.05,0.09214378,0.9551190927156478
8,439.89221865449224,241,12.100000000000001,0.10064152,0.959203664614838
8,439.89221865449224,242,12.15,0.095044985,0.9564169603102174
8,439.89221865449224,243,12.200000000000001,0.09477277,0.9490572979177111
8,439.89221865449224,244,12.25,0.10231094,0.9576624902084261
8,439.89221865449224,245,12.3,0.09528277,0.9564457118300173
8,439.89221865449224,246,12.350000000000001,0.10171774,0.958360913527114
8,439.89221865449224,247,12.4,0.09815833,0.9554316509531965
8,439.89221865449224,248,12.450000000000001,0.095668696,0.9521446487297696
8,439.89221865449224,249,12.5,0.09713818,0.9558050149675705
8,439.89221865449224,250,12.55,0.10184977,0.9525387778559969
8,439.89221865449224,251,12.600000000000001,0.09829955,0.950896471618451
8,439.89221865449224,252,12.65,0.09907177,0.9594872993208753
8,439.89221865449224,253,12.700000000000001,0.099388056,0.9501098531880754
8,439.89221865449224,254,12.75,0.10371811,0.956813353991295
8,439.89221865449224,255,12.8,0.1018072,0.9547122543424662
8,439.89221865449224,256,12.850000000000001,0.103297636,0.9563386256862566
8,439.89221865449224,257,12.9,0.102133684,0.9613126249200823
8,439.89221865449224,258,12.950000000000001,0.0946556,0.9545648922111282
8,439.89221865449224,259,13.0,0.09881328,0.9602276621431178
8,439.89221865449224,260,13.05,0.10204791,0.9594421665760611
8,439.89221865449224,261,13.100000000000001,0.10829321,0.9621837125690191
8,439.89221865449224,262,13.15,0.10532891,0.9604740434379578
8,439.89221865449224,263,13.200000000000001,0.106223136,0.9517587499698283
8,439.89221865449224,264,13.25,0.10313889,0.960224840921608
8,439.89221865449224,265,13.3,0.10321535,0.9604916919061371
8,439.89221865449224,266,13.350000000000001,0.09969377,0.9583314654010698
8,439.89221865449224,267,13.4,0.10389433,0.958282023340589
8,439.89221865449224,268,13.450000000000001,0.10078356,0.9547327476879898
8,439.89221865449224,269,13.5,0.09973984,0.9575667054590625
8,439.89221865449224,270,13.55,0.101041295,0.9573986832940069
8,439.89221865449224,271,13.600000000000001,0.099533625,0.9581392546438745
8,439.89221865449224,272,13.65,0.108720675,0.9615497638625903
8,439.89221865449224,273,13.700000000000001,0.1034729,0.9568159270807437
8,439.89221865449224,274,13.75,0.102893144,0.9605964630042362
8,439.89221865449224,275,13.8,0.09964244,0.9599053990097814
8,439.89221865449224,276,13.850000000000001,0.10154201,0.9590979697175174
8,439.89221865449224,277,13.9,0.100760326,0.9586040283584963
8,439.89221865449224,278,13.950000000000001,0.09770418,0.9525312845963396
8,439.89221865449224,279,14.0,0.10255048,0.958864404428392
8,439.89221865449224,280,14.05,0.09914701,0.9537221144410983
8,439.89221865449224,281,14.100000000000001,0.09876501,0.9588381714718996
8,439.89221865449224,282,14.15,0.100438006,0.9621301599095108
8,439.89221865449224,283,14.200000000000001,0.101265855,0.9583114082600603
8,439.89221865449224,284,14.25,0.10073193,0.959214308495564
8,439.89221865449224,285,14.3,0.09753544,0.951515717561066
8,439.89221865449224,286,14.350000000000001,0.09754166,0.9571894991332814
8,439.89221865449224,287,14.4,0.09542279,0.9508103506390337
8,439.89221865449224,288,14.450000000000001,0.098204255,0.9603960452538269
8,439.89221865449224,289,14.5,0.10230501,0.9605609635426517
8,439.89221865449224,290,14.55,0.10461118,0.9521404828229082
8,439.89221865449224,291,14.600000000000001,0.09952752,0.9573888989697151
8,439.89221865449224,292,14.65,0.09661106,0.9532146297243917
8,439.89221865449224,293,14.700000000000001,0.10118963,0.9594180749432367
8,439.89221865449224,294,14.75,0.09888783,0.953113081788685
8,439.89221865449224,295,14.8,0.1033765,0.9552723938006459
8,439.89221865449224,296,14.850000000000001,0.09650331,0.954536781200322
8,439.89221865449224,297,14.9,0.099193335,0.9523900474926732
8,439.89221865449224,298,14.950000000000001,0.10240496,0.9603596129245626
8,439.89221865449224,299,15.0,0.1074025,0.95343007346335
8,439.89221865449224,300,15.05,0.10313889,0.9528892754088952
8,439.89221865449224,301,15.100000000000001,0.10131208,0.9588152049276932
8,439.89221865449224,302,15.15,0.10507509,0.9580178860015294
8,439.89221865449224,303,15.200000000000001,0.09803371,0.9572611360796972
8,439.89221865449224,304,15.25,0.09765358,0.9517189049606856
8,439.89221865449224,305,15.3,0.104146875,0.9633647473982343
8,439.89221865449224,306,15.350000000000001,0.10095374,0.9587641475768941
8,439.89221865449224,307,15.4,0.10236855,0.9540112055827649
8,439.89221865449224,308,15.450000000000001,0.09813713,0.9488763847517926
8,439.89221865449224,309,15.5,0.11089038,0.9546504716122534
8,439.89221865449224,310,15.55,0.09813095,0.9523552636162246
8,439.89221865449224,311,15.600000000000001,0.09896057,0.9547759148955312
8,439.89221865449224,312,15.65,0.103834234,0.9576553157914306
8,439.89221865449224,313,15.700000000000001,0.09942207,0.9484022228522884
8,439.89221865449224,314,15.75,0.10561907,0.9605019216716605
8,439.89221865449224,315,15.8,0.099696375,0.9588944393983081
8,439.89221865449224,316,15.850000000000001,0.10404693,0.9559091915627991
8,439.89221865449224,317,15.9,0.10896124,0.9555564369845015
8,439.89221865449224,318,15.950000000000001,0.08664682,0.9517465105405128
8,439.89221865449224,319,16.0,0.09742426,0.9532263121525695
8,439.89221865449224,320,16.05,0.103810854,0.963184394638147
8,439.89221865449224,321,16.1,0.098496035,0.9481099853630093
8,439.89221865449224,322,16.150000000000002,0.09744206,0.9508967040396225
8,439.89221865449224,323,16.2,0.102968946,0.9609423345475931
8,439.89221865449224,324,16.25,0.095593445,0.9553511759739616
8,439.89221865449224,325,16.3,0.10316578,0.9495375941229244
8,439.89221865449224,326,16.35,0.09272343,0.9570330215725487
8,439.89221865449224,327,16.400000000000002,0.10560101,0.9578085176205993
8,439.89221865449224,328,16.45,0.09854004,0.9567089377451917
8,439.89221865449224,329,16.5,0.099276334,0.9556989717598406
8,439.89221865449224,330,16.55,0.10379164,0.9605285172248988
8,439.89221865449224,331,16.6,0.10068975,0.9571580728425306
8,439.89221865449224,332,16.650000000000002,0.10237956,0.9580753132543626
8,439.89221865449224,333,16.7,0.1064449,0.9569183812321173
8,439.89221865449224,334,16.75,0.10279789,0.9596754739360271
8,439.89221865449224,335,16.8,0.10668003,0.9595869656761413
8,439.89221865449224,336,16.85,0.10297568,0.9618824930616555
8,439.89221865449224,337,16.900000000000002,0.09533371,0.9583032771774296
8,439.89221865449224,338,16.95,0.098392114,0.9594257095028037
8,439.89221865449224,339,17.0,0.108938165,0.9549998943795122
8,439.89221865449224,340,17.05,0.09943253,0.9578019645773795
8,439.89221865449224,341,17.1,0.10182508,0.9600723249908081
8,439.89221865449224,342,17.150000000000002,0.10120334,0.95450539610505
8,439.89221865449224,343,17.2,0.09970072,0.959716665702677
8,439.89221865449224,344,17.25,0.10293526,0.9569048962757735
8,439.89221865449224,345,17.3,0.10008521,0.9534371634680838
8,439.89221865449224,346,17.35,0.1060426,0.9632704739332076
8,439.89221865449224,347,17.400000000000002,0.10625822,0.9536421453465354
8,439.89221865449224,348,17.45,0.1022338,0.9509201344995611
8,439.89221865449224,349,17.5,0.097999215,0.95961081818869
8,439.89221865449224,350,17.55,0.10092367,0.9554863281660799
8,439.89221865449224,351,17.6,0.107604116,0.9571230732444125
8,439.89221865449224,352,17.650000000000002,0.10128126,0.9614852853014143
8,439.89221865449224,353,17.7,0.10524081,0.9561880739970267
8,439.89221865449224,354,17.75,0.10154714,0.9561697188765584
8,439.89221865449224,355,17.8,0.10620028,0.9570860193337986
8,439.89221865449224,356,17.85,0.106785625,0.9609324641288784
8,439.89221865449224,357,17.900000000000002,0.10102756,0.9564163176424402
8,439.89221865449224,358,17.95,0.097467855,0.9603876416265582
8,439.89221865449224,359,18.0,0.10452744,0.9502348980674318
8,439.89221865449224,360,18.05,0.101072185,0.9588988221200849
8,439.89221865449224,361,18.1,0.10569538,0.9554452289114629
8,439.89221865449224,362,18.150000000000002,0.100682855,0.9609684732768997
8,439.89221865449224,363,18.2,0.108028695,0.9583790539808451
8,439.89221865449224,364,18.25,0.09370468,0.9550030481448287
8,439.89221865449224,365,18.3,0.100295484,0.9555131061260889
8,439.89221865449224,366,18.35,0.09795321,0.948376497413782
8,439.89221865449224,367,18.400000000000002,0.10534702,0.9653105169405062
8,439.89221865449224,368,18.45,0.097111404,0.9590365619821527
8,439.89221865449224,369,18.5,0.09915137,0.9647243623639925
8,439.89221865449224,370,18.55,0.10591662,0.9617613008440309
8,439.89221865449224,371,18.6,0.10270338,0.9575154813909307
8,439.89221865449224,372,18.650000000000002,0.09623162,0.9579136479935023
8,439.89221865449224,373,18.7,0.10002455,0.9576265577996049
8,439.89221865449224,374,18.75,0.095363714,0.9586608505466336
8,439.89221865449224,375,18.8,0.10422177,0.9568204838580869
8,439.89221865449224,376,18.85,0.09827044,0.9519743984237423
8,439.89221865449224,377,18.900000000000002,0.100525156,0.9516799373121683
8,439.89221865449224,378,18.95,0.09343968,0.953196391202119
8,439.89221865449224,379,19.0,0.094090626,0.9616777416351796
8,439.89221865449224,380,19.05,0.10674909,0.9591075008282888
8,439.89221865449224,381,19.1,0.1029201,0.9687319508818519
8,439.89221865449224,382,19.150000000000002,0.09807439,0.9564257383857182
8,439.89221865449224,383,19.200000000000003,0.09563425,0.962053897784775
8,439.89221865449224,384,19.25,0.10475115,0.9579887314107215
8,439.89221865449224,385,19.3,0.10898113,0.9613181474214119
8,439.89221865449224,386,19.35,0.10115449,0.9511633054763873
8,439.89221865449224,387,19.400000000000002,0.102171876,0.9596069123709531
8,439.89221865449224,388,19.450000000000003,0.097720146,0.9575498636870815
8,439.89221865449224,389,19.5,0.098453775,0.9523571308619629
8,439.89221865449224,390,19.55,0.102421045,0.9563309799462593
8,439.89221865449224,391,19.6,0.094715126,0.952119682052775
8,439.89221865449224,392,19.650000000000002,0.09563425,0.9546860742186851
8,439.89221865449224,393,19.700000000000003,0.10686354,0.9604706163217495
8,439.89221865449224,394,19.75,0.10160347,0.9569095954599711
8,439.89221865449224,395,19.8,0.10226009,0.9543172742617146
8,439.89221865449224,396,19.85,0.10592972,0.9605700563687976
8,439.89221865449224,397,19.900000000000002,0.10198843,0.9584072157284266
8,439.89221865449224,398,19.950000000000003,0.09775209,0.9550008160294414
8,439.89221865449224,399,20.0,0.10193231,0.9610762395578795
9,462.4723532515061,0,0.05,0.10071471,0.9564337657674503
9,462.4723532515061,1,0.1,0.09583349,0.9617106407657774
9,462.4723532515061,2,0.15000000000000002,0.098109744,0.9545630125821004
9,462.4723532515061,3,0.2,0.098843984,0.9627963011291167
9,462.4723532515061,4,0.25,0.11424757,0.9590868663863427
9,462.4723532515061,5,0.30000000000000004,0.09995779,0.9604690742893129
9,462.4723532515061,6,0.35000000000000003,0.1046816,0.9599452755644732
9,462.4723532515061,7,0.4,0.10027386,0.9600968625589869
9,462.4723532515061,8,0.45,0.09459422,0.955114358176016
9,462.4723532515061,9,0.5,0.10130951,0.9604675580436536
9,462.4723532515061,10,0.55,0.101348005,0.9627879434724286
9,462.4723532515061,11,0.6000000000000001,0.10446273,0.9626954139206659
9,462.4723532515061,12,0.65,0.09249781,0.954511435206501
9,462.4723532515061,13,0.7000000000000001,0.09877905,0.959961936991796
9,462.4723532515061,14,0.75,0.09236744,0.9576166995219066
9,462.4723532515061,15,0.8,0.10525893,0.9619624703027074
9,462.4723532515061,16,0.8500000000000001,0.09678142,0.9545917452764482
9,462.4723532515061,17,0.9,0.10174928,0.9594470497052082
9,462.4723532515061,18,0.9500000000000001,0.09798153,0.960252591662385
9,462.4723532515061,19,1.0,0.10181997,0.9578538504779248
9,462.4723532515061,20,1.05,0.09978851,0.958419201868266
9,462.4723532515061,21,1.1,0.100089535,0.9584133169410592
9,462.4723532515061,22,1.1500000000000001,0.100501,0.9554686379348204
9,462.4723532515061,23,1.2000000000000002,0.10060877,0.9579433953322755
9,462.4723532515061,24,1.25,0.10285016,0.9550006018700515
9,462.4723532515061,25,1.3,0.0993645,0.9581951272664759
9,462.4723532515061,26,1.35,0.09780617,0.946743056832209
9,462.4723532515061,27,1.4000000000000001,0.097534545,0.9551071894434876
9,462.4723532515061,28,1.4500000000000002,0.09652308,0.9567692227482464
9,462.4723532515061,29,1.5,0.098709695,0.960441146190789
9,462.4723532515061,30,1.55,0.09158886,0.9551344363440927
9,462.4723532515061,31,1.6,0.098272204,0.9618246782422607
9,462.4723532515061,32,1.6500000000000001,0.098712325,0.960073881307777
9,462.4723532515061,33,1.7000000000000002,0.09295502,0.9575813905137558
9,462.4723532515061,34,1.75,0.09878783,0.9602355651848683
9,462.4723532515061,35,1.8,0.10362612,0.9574681532824143
9,462.4723532515061,36,1.85,0.09299139,0.9556855120796816
9,462.4723532515061,37,1.9000000000000001,0.10141899,0.9597309030619564
9,462.4723532515061,38,1.9500000000000002,0.10175268,0.9606450459291782
9,462.4723532515061,39,2.0,0.094231494,0.9510490288465954
9,462.4723532515061,40,2.0500000000000003,0.091341466,0.9542512035477745
9,462.4723532515061,41,2.1,0.09271782,0.9599350310686275
9,462.4723532515061,42,2.15,0.10102671,0.9636131334430073
9,462.4723532515061,43,2.2,0.099564105,0.9522351479409729
9,462.4723532515061,44,2.25,0.09405376,0.9521654270386283
9,462.4723532515061,45,2.3000000000000003,0.103570886,0.9575087912231938
9,462.4723532515061,46,2.35,0.09617394,0.9587957690290908
9,462.4723532515061,47,2.4000000000000004,0.10094,0.9590395947707178
9,462.4723532515061,48,2.45,0.10343351,0.9553151760138677
9,462.4723532515061,49,2.5,0.105491765,0.9613815262855466
9,462.4723532515061,50,2.5500000000000003,0.09612074,0.954465078868599
9,462.4723532515061,51,2.6,0.098831706,0.9562587694379053
9,462.4723532515061,52,2.6500000000000004,0.09695594,0.9526174562890579
9,462.4723532515061,53,2.7,0.109487504,0.957586181880243
9,462.4723532515061,54,2.75,0.10267637,0.9669005217286204
9,462.4723532515061,55,2.8000000000000003,0.10340501,0.9595872634721571
9,462.4723532515061,56,2.85,0.09972681,0.9608050251387429
9,462.4723532515061,57,2.9000000000000004,0.098833464,0.9537633148404996
9,462.4723532515061,58,2.95,0.09332363,0.9525883334949118
9,462.4723532515061,59,3.0,0.10084117,0.9615450649659142
9,462.4723532515061,60,3.0500000000000003,0.1002116,0.9577821754398966
9,462.4723532515061,61,3.1,0.10464847,0.9592846856000944
9,462.4723532515061,62,3.1500000000000004,0.09942992,0.9508166520596496
9,462.4723532515061,63,3.2,0.10242782,0.957960145358548
9,462.4723532515061,64,3.25,0.10299336,0.9619226641458335
9,462.4723532515061,65,3.3000000000000003,0.102058955,0.9508132834298257
9,462.4723532515061,66,3.35,0.10578967,0.9590577185208927
9,462.4723532515061,67,3.4000000000000004,0.10620028,0.9578966875902936
9,462.4723532515061,68,3.45,0.10692113,0.9520597312764252
9,462.4723532515061,69,3.5,0.10394105,0.9569146540863216
9,462.4723532515061,70,3.5500000000000003,0.109705836,0.9621539143543012
9,462.4723532515061,71,3.6,0.10513035,0.9655025904859827
9,462.4723532515061,72,3.6500000000000004,0.10020121,0.9509589957781975
9,462.4723532515061,73,3.7,0.100754306,0.9543252264422081
9,462.4723532515061,74,3.75,0.10605078,0.9574917868925004
9,462.4723532515061,75,3.8000000000000003,0.10023409,0.9548692929258523
9,462.4723532515061,76,3.85,0.09266357,0.9568439636748857
9,462.4723532515061,77,3.9000000000000004,0.09817688,0.9489203385702941
9,462.4723532515061,78,3.95,0.10439133,0.9563261546222094
9,462.4723532515061,79,4.0,0.09784782,0.9590501515985388
9,462.4723532515061,80,4.05,0.10556899,0.960666638388911
9,462.4723532515061,81,4.1000000000000005,0.10317166,0.9536269334189754
9,462.4723532515061,82,4.15,0.101991825,0.9574818308652403
9,462.4723532515061,83,4.2,0.10836924,0.9550643857460906
9,462.4723532515061,84,4.25,0.10429245,0.9578550237088415
9,462.4723532515061,85,4.3,0.10744528,0.9593726155692475
9,462.4723532515061,86,4.3500000000000005,0.10331862,0.9599353880126746
9,462.4723532515061,87,4.4,0.09180726,0.9529026597892302
9,462.4723532515061,88,4.45,0.097407356,0.9566297153244053
9,462.4723532515061,89,4.5,0.10286196,0.9650356074124841
9,462.4723532515061,90,4.55,0.10284173,0.9608248421646273
9,462.4723532515061,91,4.6000000000000005,0.09790806,0.9611749424585255
9,462.4723532515061,92,4.65,0.10648318,0.9582696596522793
9,462.4723532515061,93,4.7,0.10134373,0.9562388126547295
9,462.4723532515061,94,4.75,0.098607756,0.9583861530259926
9,462.4723532515061,95,4.800000000000001,0.10663857,0.9629775652325294
9,462.4723532515061,96,4.8500000000000005,0.10088931,0.9524468948826186
9,462.4723532515061,97,4.9,0.101624794,0.9605166361982385
9,462.4723532515061,98,4.95,0.09849251,0.963229248390158
9,462.4723532515061,99,5.0,0.09836656,0.9562506920164904
9,462.4723532515061,100,5.050000000000001,0.09420205,0.9638020274392503
9,462.4723532515061,101,5.1000000000000005,0.10706455,0.9547192749573528
9,462.4723532515061,102,5.15,0.096757226,0.9602305785723673
9,462.4723532515061,103,5.2,0.10231687,0.9548616340168247
9,462.4723532515061,104,5.25,0.091788374,0.950645825820371
9,462.4723532515061,105,5.300000000000001,0.09226977,0.9533138365260395
9,462.4723532515061,106,5.3500000000000005,0.09936886,0.9495972861538601
9,462.4723532515061,107,5.4,0.10202923,0.9517683089964998
9,462.4723532515061,108,5.45,0.10144121,0.9615452665304325
9,462.4723532515061,109,5.5,0.10280885,0.95939222598501
9,462.4723532515061,110,5.550000000000001,0.10491077,0.9645837928573733
9,462.4723532515061,111,5.6000000000000005,0.10740573,0.957001063058886
9,462.4723532515061,112,5.65,0.102347374,0.9619092965588186
9,462.4723532515061,113,5.7,0.1022338,0.9574048814283361
9,462.4723532515061,114,5.75,0.0948249,0.9557334710122549
9,462.4723532515061,115,5.800000000000001,0.10511634,0.9545760228407891
9,462.4723532515061,116,5.8500000000000005,0.09574479,0.9557267254809655
9,462.4723532515061,117,5.9,0.09559889,0.9597112224733021
9,462.4723532515061,118,5.95,0.11084737,0.9657091955127468
9,462.4723532515061,119,6.0,0.09838242,0.9527363515314845
9,462.4723532515061,120,6.050000000000001,0.102807164,0.9575955057880795
9,462.4723532515061,121,6.1000000000000005,0.1047917,0.9626175089882617
9,462.4723532515061,122,6.15,0.10470396,0.9593473929839019
9,462.4723532515061,123,6.2,0.10000808,0.9574873071484558
9,462.4723532515061,124,6.25,0.101602614,0.9533183004442123
9,462.4723532515061,125,6.300000000000001,0.09915225,0.9603686580844474
9,462.4723532515061,126,6.3500000000000005,0.095363714,0.961035217489174
9,462.4723532515061,127,6.4,0.101817414,0.961837698654047
9,462.4723532515061,128,6.45,0.10685299,0.9651254881521631
9,462.4723532515061,129,6.5,0.09468582,0.9583803955870859
9,462.4723532515061,130,6.550000000000001,0.094673924,0.9566030344775305
9,462.4723532515061,131,6.6000000000000005,0.10012591,0.9580611066678751
9,462.4723532515061,132,6.65,0.09849339,0.9446064591271363
9,462.4723532515061,133,6.7,0.09800895,0.9584714255453881
9,462.4723532515061,134,6.75,0.098915,0.9519880186012224
9,462.4723532515061,135,6.800000000000001,0.09949965,0.9569666660960947
9,462.4723532515061,136,6.8500000000000005,0.09725147,0.949624447532531
9,462.4723532515061,137,6.9,0.09898773,0.9597156483292236
9,462.4723532515061,138,6.95,0.09699796,0.9577304697040775
9,462.4723532515061,139,7.0,0.09504317,0.9572991948892335
9,462.4723532515061,140,7.050000000000001,0.10388265,0.9525506625268767
9,462.4723532515061,141,7.1000000000000005,0.09593837,0.9515938461067057
9,462.4723532515061,142,7.15,0.093444325,0.9571509410361514
9,462.4723532515061,143,7.2,0.105117984,0.9617061758316333
9,462.4723532515061,144,7.25,0.10600253,0.9509469170770857
9,462.4723532515061,145,7.300000000000001,0.09656708,0.9589635691136842
9,462.4723532515061,146,7.3500000000000005,0.09613427,0.9590777894885079
9,462.4723532515061,147,7.4,0.110053,0.9574042541973122
9,462.4723532515061,148,7.45,0.10253187,0.96078607369059
9,462.4723532515061,149,7.5,0.10081624,0.9568977581834691
9,462.4723532515061,150,7.550000000000001,0.09715693,0.948117717323769
9,462.4723532515061,151,7.6000000000000005,0.099167116,0.9568865455013481
9,462.4723532515061,152,7.65,0.09600341,0.9548861614456279
9,462.4723532515061,153,7.7,0.1001666,0.9578546261329225
9,462.4723532515061,154,7.75,0.10588715,0.9606715535463524
9,462.4723532515061,155,7.800000000000001,0.106027886,0.9537266473289625
9,462.4723532515061,156,7.8500000000000005,0.10220242,0.958192738539114
9,462.4723532515061,157,7.9,0.099640705,0.9510169665576111
9,462.4723532515061,158,7.95,0.09605758,0.9516871258473877
9,462.4723532515061,159,8.0,0.1032691,0.9601526133881396
9,462.4723532515061,160,8.05,0.09565148,0.9556518898397806
9,462.4723532515061,161,8.1,0.10825157,0.9663721355096963
9,462.4723532515061,162,8.15,0.1047437,0.9588894004829349
9,462.4723532515061,163,8.200000000000001,0.096743785,0.9499771462167705
9,462.4723532515061,164,8.25,0.10362696,0.9619646884664291
9,462.4723532515061,165,8.3,0.0998302,0.9604657351920701
9,462.4723532515061,166,8.35,0.098248385,0.9623009551245361
9,462.4723532515061,167,8.4,0.092925176,0.9509410625230501
9,462.4723532515061,168,8.450000000000001,0.10286617,0.956074604653959
9,462.4723532515061,169,8.5,0.1019187,0.9595987929212296
9,462.4723532515061,170,8.55,0.09950836,0.9625895940101453
9,462.4723532515061,171,8.6,0.0998797,0.9573364466675084
9,462.4723532515061,172,8.65,0.10523174,0.9649988087021095
9,462.4723532515061,173,8.700000000000001,0.10878047,0.9611747075118423
9,462.4723532515061,174,8.75,0.09378329,0.9523538905682759
9,462.4723532515061,175,8.8,0.097395785,0.9540337083241501
9,462.4723532515061,176,8.85,0.10001068,0.9606064582387875
9,462.4723532515061,177,8.9,0.09918809,0.9631804911192807
9,462.4723532515061,178,8.950000000000001,0.104192644,0.9628230531446521
9,462.4723532515061,179,9.0,0.105026394,0.9625416058759035
9,462.4723532515061,180,9.05,0.10234653,0.9561693313089056
9,462.4723532515061,181,9.1,0.103674635,0.9596557981128674
9,462.4723532515061,182,9.15,0.10622721,0.9523219018072291
9,462.4723532515061,183,9.200000000000001,0.10629983,0.9551255020223546
9,462.4723532515061,184,9.25,0.09823338,0.9606378032030286
9,462.4723532515061,185,9.3,0.097525656,0.959882601210408
9,462.4723532515061,186,9.35,0.103611894,0.9563594439963093
9,462.4723532515061,187,9.4,0.09721402,0.957249020876465
9,462.4723532515061,188,9.450000000000001,0.097697966,0.9581134625482025
9,462.4723532515061,189,9.5,0.10545477,0.9597392333182797
9,462.4723532515061,190,9.55,0.09801603,0.9543586059140794
9,462.4723532515061,191,9.600000000000001,0.09642692,0.9474125866542531
9,462.4723532515061,192,9.65,0.10315066,0.9576201852887101
9,462.4723532515061,193,9.700000000000001,0.09837537,0.9503334802780453
9,462.4723532515061,194,9.75,0.10297652,0.9628386870963115
9,462.4723532515061,195,9.8,0.09801957,0.9648024081201569
9,462.4723532515061,196,9.850000000000001,0.1014113,0.9634204022482712
9,462.4723532515061,197,9.9,0.10117592,0.9579529178476907
9,462.4723532515061,198,9.950000000000001,0.10318427,0.9591580350799299
9,462.4723532515061,199,10.0,0.098252796,0.9627217560721844
9,462.4723532515061,200,10.05,0.10102843,0.9670434242506274
9,462.4723532515061,201,10.100000000000001,0.09887994,0.9576287919111002
9,462.4723532515061,202,10.15,0.103120394,0.9600427573890552
9,462.4723532515061,203,10.200000000000001,0.107937165,0.9609429570552361
9,462.4723532515061,204,10.25,0.09880538,0.9564737018300932
9,462.4723532515061,205,10.3,0.10196037,0.9580496532206823
9,462.4723532515061,206,10.350000000000001,0.095986255,0.9528820529278926
9,462.4723532515061,207,10.4,0.10289567,0.9576630052127147
9,462.4723532515061,208,10.450000000000001,0.10307834,0.9549094407511451
9,462.4723532515061,209,10.5,0.10348715,0.9602592422264915
9,462.4723532515061,210,10.55,0.09571762,0.9586362824686935
9,462.4723532515061,211,10.600000000000001,0.10184296,0.9593019314515663
9,462.4723532515061,212,10.65,0.101280406,0.9602292822444923
9,462.4723532515061,213,10.700000000000001,0.09240498,0.9520497317310261
9,462.4723532515061,214,10.75,0.103937715,0.9529250952223479
9,462.4723532515061,215,10.8,0.096414335,0.9579995145876956
9,462.4723532515061,216,10.850000000000001,0.09384705,0.952136870847479
9,462.4723532515061,217,10.9,0.10355163,0.9543088845510505
9,462.4723532515061,218,10.950000000000001,0.11072529,0.9546123335463716
9,462.4723532515061,219,11.0,0.099717245,0.9572964231347092
9,462.4723532515061,220,11.05,0.10456559,0.9637667313722988
9,462.4723532515061,221,11.100000000000001,0.09660837,0.9590705422494457
9,462.4723532515061,222,11.15,0.10218461,0.9685971704020624
9,462.4723532515061,223,11.200000000000001,0.099298164,0.9579241638803336
9,462.4723532515061,224,11.25,0.09886503,0.9676930504229179
9,462.4723532515061,225,11.3,0.10007568,0.9592955574081159
9,462.4723532515061,226,11.350000000000001,0.09867456,0.9592451679169139
9,462.4723532515061,227,11.4,0.10296642,0.9656249791527521
9,462.4723532515061,228,11.450000000000001,0.1067832,0.9579545986146298
9,462.4723532515061,229,11.5,0.09847931,0.9530372868874598
9,462.4723532515061,230,11.55,0.099978596,0.9554541891925835
9,462.4723532515061,231,11.600000000000001,0.103711426,0.9549837868810107
9,462.4723532515061,232,11.65,0.100285105,0.959428081283646
9,462.4723532515061,233,11.700000000000001,0.104167685,0.9562732795907413
9,462.4723532515061,234,11.75,0.10204027,0.9541241139088628
9,462.4723532515061,235,11.8,0.1041294,0.9596583339751668
9,462.4723532515061,236,11.850000000000001,0.108313225,0.9568192924726414
9,462.4723532515061,237,11.9,0.1073799,0.9597173508864726
9,462.4723532515061,238,11.950000000000001,0.11124321,0.9609709400570537
9,462.4723532515061,239,12.0,0.09727375,0.959463219622901
9,462.4723532515061,240,12.05,0.11113483,0.9624070167988503
9,462.4723532515061,241,12.100000000000001,0.10259443,0.9538481132348616
9,462.4723532515061,242,12.15,0.106814854,0.9624765215657958
9,462.4723532515061,243,12.200000000000001,0.09519356,0.9564969223614801
9,462.4723532515061,244,12.25,0.096572466,0.954783904437686
9,462.4723532515061,245,12.3,0.098587535,0.9638489679170629
9,462.4723532515061,246,12.350000000000001,0.09604224,0.9567207469394479
9,462.4723532515061,247,12.4,0.096126154,0.9573946290660366
9,462.4723532515061,248,12.450000000000001,0.10128897,0.9641589783816108
9,462.4723532515061,249,12.5,0.10980694,0.9541593847741688
9,462.4723532515061,250,12.55,0.10539639,0.9547828255987062
9,462.4723532515061,251,12.600000000000001,0.10297484,0.9624596211541766
9,462.4723532515061,252,12.65,0.09631267,0.9562137966350058
9,462.4723532515061,253,12.700000000000001,0.10541531,0.9557392094652485
9,462.4723532515061,254,12.75,0.1061374,0.9578813803532621
9,462.4723532515061,255,12.8,0.1013463,0.9552383073148495
9,462.4723532515061,256,12.850000000000001,0.10375989,0.9644808819931868
9,462.4723532515061,257,12.9,0.104647644,0.9554291329767829
9,462.4723532515061,258,12.950000000000001,0.09364359,0.9512642804407879
9,462.4723532515061,259,13.0,0.101876155,0.9577116116164648
9,462.4723532515061,260,13.05,0.10126072,0.955798504191277
9,462.4723532515061,261,13.100000000000001,0.09698366,0.9522215022225572
9,462.4723532515061,262,13.15,0.10232619,0.9603459364827687
9,462.4723532515061,263,13.200000000000001,0.10469734,0.960013970212571
9,462.4723532515061,264,13.25,0.09506049,0.9586017060997568
9,462.4723532515061,265,13.3,0.09444379,0.9520961609024466
9,462.4723532515061,266,13.350000000000001,0.10122389,0.9592100736612462
9,462.4723532515061,267,13.4,0.105952635,0.9554714759312646
9,462.4723532515061,268,13.450000000000001,0.096833356,0.9547704817260266
9,462.4723532515061,269,13.5,0.09821573,0.9539483143583254
9,462.4723532515061,270,13.55,0.10380334,0.9578394570442653
9,462.4723532515061,271,13.600000000000001,0.09444838,0.9560793895897743
9,462.4723532515061,272,13.65,0.0934536,0.953892465353623
9,462.4723532515061,273,13.700000000000001,0.11801686,0.9573921359361666
9,462.4723532515061,274,13.75,0.09882469,0.955822940292389
9,462.4723532515061,275,13.8,0.094592385,0.9578618744931777
9,462.4723532515061,276,13.850000000000001,0.09579457,0.9496233095699537
9,462.4723532515061,277,13.9,0.10520702,0.9630635543890924
9,462.4723532515061,278,13.950000000000001,0.10307162,0.9553183866190729
9,462.4723532515061,279,14.0,0.10517241,0.9580815034744576
9,462.4723532515061,280,14.05,0.09915575,0.965299892859267
9,462.4723532515061,281,14.100000000000001,0.10257837,0.9582324673534943
9,462.4723532515061,282,14.15,0.0922021,0.9623819310637325
9,462.4723532515061,283,14.200000000000001,0.10093742,0.9614456148887142
9,462.4723532515061,284,14.25,0.10422094,0.9568697866406906
9,462.4723532515061,285,14.3,0.104348965,0.960609142820102
9,462.4723532515061,286,14.350000000000001,0.09639994,0.9535396439557688
9,462.4723532515061,287,14.4,0.10180124,0.959997383886656
9,462.4723532515061,288,14.450000000000001,0.11084815,0.9590862520847283
9,462.4723532515061,289,14.5,0.10039311,0.9535505869063777
9,462.4723532515061,290,14.55,0.102021575,0.9543675046243484
9,462.4723532515061,291,14.600000000000001,0.09773523,0.9576891717627781
9,462.4723532515061,292,14.65,0.1073904,0.96036025808123
9,462.4723532515061,293,14.700000000000001,0.09957804,0.9600681582005374
9,462.4723532515061,294,14.75,0.09819013,0.9532657088064129
9,462.4723532515061,295,14.8,0.10396774,0.9597179435912363
9,462.4723532515061,296,14.850000000000001,0.10608593,0.9636167616604944
9,462.4723532515061,297,14.9,0.10501154,0.9562457314215221
9,462.4723532515061,298,14.950000000000001,0.09450803,0.9532052138029096
9,462.4723532515061,299,15.0,0.10070783,0.9620096818918833
9,462.4723532515061,300,15.05,0.10151896,0.9540898878063955
9,462.4723532515061,301,15.100000000000001,0.095954634,0.9573642177881897
9,462.4723532515061,302,15.15,0.10506601,0.9567918021108639
9,462.4723532515061,303,15.200000000000001,0.095877804,0.9594043716149732
9,462.4723532515061,304,15.25,0.09574298,0.9547285358217337
9,462.4723532515061,305,15.3,0.100159675,0.9573553470943659
9,462.4723532515061,306,15.350000000000001,0.093633406,0.9543400065700431
9,462.4723532515061,307,15.4,0.1048281,0.9537049455343836
9,462.4723532515061,308,15.450000000000001,0.09652488,0.9566972380202026
9,462.4723532515061,309,15.5,0.10482974,0.9576794582617078
9,462.4723532515061,310,15.55,0.104186825,0.9599898931305068
9,462.4723532515061,311,15.600000000000001,0.10425421,0.9581018674870543
9,462.4723532515061,312,15.65,0.09978591,0.9575878747615775
9,462.4723532515061,313,15.700000000000001,0.10298831,0.9570274914985125
9,462.4723532515061,314,15.75,0.09924052,0.957696535540675
9,462.4723532515061,315,15.8,0.10350725,0.9606771798286347
9,462.4723532515061,316,15.850000000000001,0.11052388,0.9659741574322549
9,462.4723532515061,317,15.9,0.10666459,0.9575971834101394
9,462.4723532515061,318,15.950000000000001,0.100793876,0.9593831162659031
9,462.4723532515061,319,16.0,0.098353334,0.9584776873616974
9,462.4723532515061,320,16.05,0.0983974,0.9574587886334354
9,462.4723532515061,321,16.1,0.101382226,0.958148549597969
9,462.4723532515061,322,16.150000000000002,0.097080156,0.9531414190033003
9,462.4723532515061,323,16.2,0.10277427,0.9586039916963022
9,462.4723532515061,324,16.25,0.10041642,0.957235069456703
9,462.4723532515061,325,16.3,0.09351203,0.9544597252369285
9,462.4723532515061,326,16.35,0.10413938,0.9609399236404289
9,462.4723532515061,327,16.400000000000002,0.09904814,0.9628243781558468
9,462.4723532515061,328,16.45,0.10522351,0.9611613970987731
9,462.4723532515061,329,16.5,0.103696376,0.955605838373948
9,462.4723532515061,330,16.55,0.08979066,0.9538189126936285
9,462.4723532515061,331,16.6,0.10425421,0.9515509986434822
9,462.4723532515061,332,16.650000000000002,0.10225755,0.958718015437812
9,462.4723532515061,333,16.7,0.1058118,0.9567049353063274
9,462.4723532515061,334,16.75,0.09850836,0.9592692910470314
9,462.4723532515061,335,16.8,0.10020987,0.962340674460741
9,462.4723532515061,336,16.85,0.10314057,0.9599994127853823
9,462.4723532515061,337,16.900000000000002,0.10366878,0.9581645782969872
9,462.4723532515061,338,16.95,0.09947438,0.954748839238156
9,462.4723532515061,339,17.0,0.0982872,0.9557952171083611
9,462.4723532515061,340,17.05,0.10243205,0.9505237410637913
9,462.4723532515061,341,17.1,0.106051594,0.9621039123982396
9,462.4723532515061,342,17.150000000000002,0.100741394,0.9550118476355238
9,462.4723532515061,343,17.2,0.10595918,0.962926477162306
9,462.4723532515061,344,17.25,0.09608917,0.9564172650077766
9,462.4723532515061,345,17.3,0.100260034,0.9534476627668304
9,462.4723532515061,346,17.35,0.09636756,0.9589179709646382
9,462.4723532515061,347,17.400000000000002,0.09601786,0.9613340959702372
9,462.4723532515061,348,17.45,0.1081939,0.961586526338868
9,462.4723532515061,349,17.5,0.104106076,0.9462627142519143
9,462.4723532515061,350,17.55,0.1121498,0.9550273570717942
9,462.4723532515061,351,17.6,0.09619828,0.964255333523301
9,462.4723532515061,352,17.650000000000002,0.1032926,0.9566103175517546
9,462.4723532515061,353,17.7,0.09611623,0.9596600810478855
9,462.4723532515061,354,17.75,0.096402645,0.9585687966659283
9,462.4723532515061,355,17.8,0.09952752,0.9544310594402722
9,462.4723532515061,356,17.85,0.10552874,0.9622676215947581
9,462.4723532515061,357,17.900000000000002,0.09889309,0.9584561685136926
9,462.4723532515061,358,17.95,0.09545277,0.9502208878391262
9,462.4723532515061,359,18.0,0.10115107,0.9557578978542032
9,462.4723532515061,360,18.05,0.09858137,0.9577237613482869
9,462.4723532515061,361,18.1,0.10298494,0.9521986040671132
9,462.4723532515061,362,18.150000000000002,0.10390184,0.9538689406092588
9,462.4723532515061,363,18.2,0.09514983,0.9545374764017694
9,462.4723532515061,364,18.25,0.10010946,0.9573104828432152
9,462.4723532515061,365,18.3,0.10629086,0.9546551268401519
9,462.4723532515061,366,18.35,0.10562892,0.9586855055722867
9,462.4723532515061,367,18.400000000000002,0.09195918,0.954349083484742
9,462.4723532515061,368,18.45,0.100884154,0.9584657250351529
9,462.4723532515061,369,18.5,0.09513069,0.9558310766896692
9,462.4723532515061,370,18.55,0.107646815,0.9596241548616482
9,462.4723532515061,371,18.6,0.096429616,0.959655554367253
9,462.4723532515061,372,18.650000000000002,0.097080156,0.9594229567824764
9,462.4723532515061,373,18.7,0.10135485,0.9629450201029436
9,462.4723532515061,374,18.75,0.101982474,0.9594819433500708
9,462.4723532515061,375,18.8,0.105326444,0.9614423486539361
9,462.4723532515061,376,18.85,0.09829514,0.9599808990141769
9,462.4723532515061,377,18.900000000000002,0.103229634,0.9572936868139013
9,462.4723532515061,378,18.95,0.103926875,0.9544512563097828
9,462.4723532515061,379,19.0,0.10284004,0.9609937000654603
9,462.4723532515061,380,19.05,0.10711475,0.9609802700330058
9,462.4723532515061,381,19.1,0.10127527,0.9539876051004363
9,462.4723532515061,382,19.150000000000002,0.10118963,0.9609025316788389
9,462.4723532515061,383,19.200000000000003,0.095664166,0.9604627292882324
9,462.4723532515061,384,19.25,0.105382405,0.9599706035262291
9,462.4723532515061,385,19.3,0.099442996,0.9580507742492768
9,462.4723532515061,386,19.35,0.10017871,0.9574082400453586
9,462.4723532515061,387,19.400000000000002,0.10595509,0.9589016293634169
9,462.4723532515061,388,19.450000000000003,0.09927983,0.9492242715238968
9,462.4723532515061,389,19.5,0.10373399,0.9564221657866511
9,462.4723532515061,390,19.55,0.0955372,0.9519519926711317
9,462.4723532515061,391,19.6,0.10141899,0.9501857744728012
9,462.4723532515061,392,19.650000000000002,0.10798294,0.9554453289251736
9,462.4723532515061,393,19.700000000000003,0.1026637,0.9652508655781742
9,462.4723532515061,394,19.75,0.10400359,0.9560651023411777
9,462.4723532515061,395,19.8,0.10418765,0.960579947443875
9,462.4723532515061,396,19.85,0.100285105,0.9575752110464038
9,462.4723532515061,397,19.900000000000002,0.099652015,0.9491644029590769
9,462.4723532515061,398,19.950000000000003,0.10257161,0.9658223952692757
9,462.4723532515061,399,20.0,0.10228552,0.9560889703513578
10,486.4205744350011,0,0.05,0.095217235,0.9578022323954478
10,486.4205744350011,1,0.1,0.093391426,0.9564827089688358
10,486.4205744350011,2,0.15000000000000002,0.101598345,0.9625768472462248
10,486.4205744350011,3,0.2,0.10082656,0.9630955799466826
10,486.4205744350011,4,0.25,0.09758698,0.9612646713691718
10,486.4205744350011,5,0.30000000000000004,0.100465626,0.9545924701158622
10,486.4205744350011,6,0.35000000000000003,0.105573095,0.9554507448884694
10,486.4205744350011,7,0.4,0.10066133,0.9604174173574089
10,486.4205744350011,8,0.45,0.1028333,0.9659770654612936
10,486.4205744350011,9,0.5,0.10078441,0.959033270052575
10,486.4205744350011,10,0.55,0.10011119,0.9566278822725753
10,486.4205744350011,11,0.6000000000000001,0.09414681,0.9549173908644204
10,486.4205744350011,12,0.65,0.10619048,0.9626685440752996
10,486.4205744350011,13,0.7000000000000001,0.099989876,0.9649347537573217
10,486.4205744350011,14,0.75,0.09977982,0.9580161870443189
10,486.4205744350011,15,0.8,0.10414271,0.9577895710064798
10,486.4205744350011,16,0.8500000000000001,0.09775386,0.9657561500985667
10,486.4205744350011,17,0.9,0.09954495,0.9559300690510726
10,486.4205744350011,18,0.9500000000000001,0.10291589,0.9610401063070388
10,486.4205744350011,19,1.0,0.09738599,0.9591390773650956
10,486.4205744350011,20,1.05,0.10416851,0.9582490495527792
10,486.4205744350011,21,1.1,0.09841238,0.9514142593619795
10,486.4205744350011,22,1.1500000000000001,0.09282155,0.9573938084065102
10,486.4205744350011,23,1.2000000000000002,0.10296137,0.9583053830921696
10,486.4205744350011,24,1.25,0.09880187,0.9555582286419027
10,486.4205744350011,25,1.3,0.10163162,0.9572444204503404
10,486.4205744350011,26,1.35,0.09932174,0.958435799163421
10,486.4205744350011,27,1.4000000000000001,0.102010526,0.9585426892980619
10,486.4205744350011,28,1.4500000000000002,0.10286533,0.9658311601597176
10,486.4205744350011,29,1.5,0.10508664,0.9564898776838775
10,486.4205744350011,30,1.55,0.108881645,0.9579842284858116
10,486.4205744350011,31,1.6,0.10571261,0.9550278568444422
10,486.4205744350011,32,1.6500000000000001,0.099760704,0.9592235961960927
10,486.4205744350011,33,1.7000000000000002,0.09333107,0.9554949374289753
10,486.4205744350011,34,1.75,0.09704175,0.9588581224597442
10,486.4205744350011,35,1.8,0.10849398,0.9590842335576858
10,486.4205744350011,36,1.85,0.10117506,0.9548902431719883
10,486.4205744350011,37,1.9000000000000001,0.09749365,0.9607856474188508
10,486.4205744350011,38,1.9500000000000002,0.10116821,0.9613029046069452
10,486.4205744350011,39,2.0,0.093547255,0.9517944846789465
10,486.4205744350011,40,2.0500000000000003,0.10327749,0.9586408447146091
10,486.4205744350011,41,2.1,0.099777214,0.9600749462513636
10,486.4205744350011,42,2.15,0.09791248,0.9602844051948561
10,486.4205744350011,43,2.2,0.10700704,0.9609948138778552
10,486.4205744350011,44,2.25,0.10915442,0.9605807112124094
10,486.4205744350011,45,2.3000000000000003,0.100439735,0.9543212934118745
10,486.4205744350011,46,2.35,0.09679485,0.9575028669320766
10,486.4205744350011,47,2.4000000000000004,0.10454569,0.962313573851257
10,486.4205744350011,48,2.45,0.101447195,0.9585518491211784
10,486.4205744350011,49,2.5,0.10209633,0.9571799552368812
10,486.4205744350011,50,2.5500000000000003,0.107730545,0.9678611992776334
10,486.4205744350011,51,2.6,0.103355534,0.9505014588668801
10,486.4205744350011,52,2.6500000000000004,0.09887293,0.9629748926688141
10,486.4205744350011,53,2.7,0.09967811,0.961651733739046
10,486.4205744350011,54,2.75,0.09707659,0.9507297226616694
10,486.4205744350011,55,2.8000000000000003,0.11062894,0.9618685590308217
10,486.4205744350011,56,2.85,0.10191104,0.953090346522775
10,486.4205744350011,57,2.9000000000000004,0.10086439,0.9566488616573434
10,486.4205744350011,58,2.95,0.09608105,0.9567868062617204
10,486.4205744350011,59,3.0,0.11090289,0.9601864638960171
10,486.4205744350011,60,3.0500000000000003,0.09513434,0.957827914078538
10,486.4205744350011,61,3.1,0.10011465,0.9581897400559349
10,486.4205744350011,62,3.1500000000000004,0.093952306,0.9543833198936397
10,486.4205744350011,63,3.2,0.09768732,0.9617401896598681
10,486.4205744350011,64,3.25,0.098923765,0.9527054627320951
10,486.4205744350011,65,3.3000000000000003,0.10807443,0.956084556433984
10,486.4205744350011,66,3.35,0.098427355,0.9500005139840765
10,486.4205744350011,67,3.4000000000000004,0.09271502,0.9540813523194631
10,486.4205744350011,68,3.45,0.10206575,0.961353742648249
10,486.4205744350011,69,3.5,0.09762251,0.9534048964648075
10,486.4205744350011,70,3.5500000000000003,0.10339831,0.9672417940904898
10,486.4205744350011,71,3.6,0.10326574,0.9645568759595027
10,486.4205744350011,72,3.6500000000000004,0.09688527,0.9556080692432657
10,486.4205744350011,73,3.7,0.10546382,0.9616868397623114
10,486.4205744350011,74,3.75,0.10549587,0.9502420498021189
10,486.4205744350011,75,3.8000000000000003,0.095996186,0.9581503466771848
10,486.4205744350011,76,3.85,0.10348463,0.9554803275386708
10,486.4205744350011,77,3.9000000000000004,0.0953519,0.9594309992802887
10,486.4205744350011,78,3.95,0.0978868,0.9518982037060377
10,486.4205744350011,79,4.0,0.09962417,0.9534468649056793
10,486.4205744350011,80,4.05,0.098005414,0.9547877831417443
10,486.4205744350011,81,4.1000000000000005,0.09257183,0.9548013102080888
10,486.4205744350011,82,4.15,0.11461956,0.9623935215241248
10,486.4205744350011,83,4.2,0.094313346,0.9608911364333171
10,486.4205744350011,84,4.25,0.0965114,0.9562278404963851
10,486.4205744350011,85,4.3,0.098620065,0.9510235771095958
10,486.4205744350011,86,4.3500000000000005,0.10071385,0.9553451689520362
10,486.4205744350011,87,4.4,0.09885889,0.9578973889599192
10,486.4205744350011,88,4.45,0.10095889,0.9612676146864968
10,486.4205744350011,89,4.5,0.10306489,0.9569040966877107
10,486.4205744350011,90,4.55,0.1066337,0.9635969778080672
10,486.4205744350011,91,4.6000000000000005,0.10131293,0.9579958429775101
10,486.4205744350011,92,4.65,0.09701226,0.9520391875367592
10,486.4205744350011,93,4.7,0.10638217,0.9586349284268929
10,486.4205744350011,94,4.75,0.10845881,0.9604492732487439
10,486.4205744350011,95,4.800000000000001,0.101875305,0.9625025130446967
10,486.4205744350011,96,4.8500000000000005,0.108213924,0.9597924737719858
10,486.4205744350011,97,4.9,0.09799302,0.9579640690180884
10,486.4205744350011,98,4.95,0.10081624,0.9478890367471313
10,486.4205744350011,99,5.0,0.09804963,0.9553074478725668
10,486.4205744350011,100,5.050000000000001,0.10033869,0.9580224366719478
10,486.4205744350011,101,5.1000000000000005,0.10724579,0.9609871193344485
10,486.4205744350011,102,5.15,0.10514685,0.9591306180557512
10,486.4205744350011,103,5.2,0.10482478,0.9528874093683942
10,486.4205744350011,104,5.25,0.09729782,0.9530850057952142
10,486.4205744350011,105,5.300000000000001,0.09972333,0.9538887412796411
10,486.4205744350011,106,5.3500000000000005,0.098163635,0.9540723707564341
10,486.4205744350011,107,5.4,0.09802929,0.96063137113886
10,486.4205744350011,108,5.45,0.09995779,0.9584602818571215
10,486.4205744350011,109,5.5,0.09527185,0.958359218467737
10,486.4205744350011,110,5.550000000000001,0.098654345,0.9625985048334467
10,486.4205744350011,111,5.6000000000000005,0.10359014,0.9541388431066935
10,486.4205744350011,112,5.65,0.10590435,0.96015653531563
10,486.4205744350011,113,5.7,0.104698166,0.9569675869354555
10,486.4205744350011,114,5.75,0.10055447,0.9587100889288186
10,486.4205744350011,115,5.800000000000001,0.09815303,0.9599524753498934
10,486.4205744350011,116,5.8500000000000005,0.10232958,0.9608068614080548
10,486.4205744350011,117,5.9,0.10631288,0.9587153821242204
10,486.4205744350011,118,5.95,0.10704674,0.9481589009646813
10,486.4205744350011,119,6.0,0.10547697,0.9578598637913222
10,486.4205744350011,120,6.050000000000001,0.105471216,0.960003965090002
10,486.4205744350011,121,6.1000000000000005,0.10079818,0.9592030763444894
10,486.4205744350011,122,6.15,0.104011096,0.9582424103785638
10,486.4205744350011,123,6.2,0.10505116,0.9517760124179595
10,486.4205744350011,124,6.25,0.09782744,0.9545272457226214
10,486.4205744350011,125,6.300000000000001,0.10573147,0.9539666684972857
10,486.4205744350011,126,6.3500000000000005,0.1008171,0.9611482556158295
10,486.4205744350011,127,6.4,0.09761185,0.9579530552306814
10,486.4205744350011,128,6.45,0.09977982,0.9522657961014522
10,486.4205744350011,129,6.5,0.10443534,0.9577888201313671
10,486.4205744350011,130,6.550000000000001,0.10518148,0.9557719669901092
10,486.4205744350011,131,6.6000000000000005,0.10218206,0.9606014854902997
10,486.4205744350011,132,6.65,0.10004882,0.9592457598298271
10,486.4205744350011,133,6.7,0.09904114,0.9534770603171145
10,486.4205744350011,134,6.75,0.103468716,0.9569760346210093
10,486.4205744350011,135,6.800000000000001,0.10675721,0.9598090740001053
10,486.4205744350011,136,6.8500000000000005,0.10060792,0.9505705111330318
10,486.4205744350011,137,6.9,0.10496943,0.9592181213229636
10,486.4205744350011,138,6.95,0.10273545,0.9550145664181103
10,486.4205744350011,139,7.0,0.101606876,0.9591088934514584
10,486.4205744350011,140,7.050000000000001,0.09860336,0.9559613392208859
10,486.4205744350011,141,7.1000000000000005,0.10113649,0.9632653613120404
10,486.4205744350011,142,7.15,0.10124958,0.9625030392380403
10,486.4205744350011,143,7.2,0.10683758,0.966920545765058
10,486.4205744350011,144,7.25,0.10560512,0.9639062394825926
10,486.4205744350011,145,7.300000000000001,0.1017808,0.9543496433029643
10,486.4205744350011,146,7.3500000000000005,0.09675275,0.9584841044184391
10,486.4205744350011,147,7.4,0.09862182,0.9509251785976574
10,486.4205744350011,148,7.45,0.09888257,0.9571250810525085
10,486.4205744350011,149,7.5,0.09939852,0.9539210992436636
10,486.4205744350011,150,7.550000000000001,0.09134811,0.9516624053984192
10,486.4205744350011,151,7.6000000000000005,0.1070038,0.9538968700447936
10,486.4205744350011,152,7.65,0.10160091,0.9491879828518495
10,486.4205744350011,153,7.7,0.10069663,0.9611585043942482
10,486.4205744350011,154,7.75,0.09971898,0.9573208460764049
10,486.4205744350011,155,7.800000000000001,0.0945438,0.9538528584340082
10,486.4205744350011,156,7.8500000000000005,0.09999074,0.9544466951699667
10,486.4205744350011,157,7.9,0.1061521,0.9553440858185804
10,486.4205744350011,158,7.95,0.099255376,0.9566248812579592
10,486.4205744350011,159,8.0,0.10357507,0.9568066380856738
10,486.4205744350011,160,8.05,0.0965985,0.9597735616448932
10,486.4205744350011,161,8.1,0.09570856,0.9566567455726277
10,486.4205744350011,162,8.15,0.10106618,0.9586563046600102
10,486.4205744350011,163,8.200000000000001,0.10230925,0.9639995640879773
10,486.4205744350011,164,8.25,0.09679485,0.9524668303311418
10,486.4205744350011,165,8.3,0.09727643,0.9534804741468552
10,486.4205744350011,166,8.35,0.10689193,0.9603422335962657
10,486.4205744350011,167,8.4,0.10399609,0.9587868632223792
10,486.4205744350011,168,8.450000000000001,0.10325734,0.9569993613182086
10,486.4205744350011,169,8.5,0.09623252,0.9542015190542542
10,486.4205744350011,170,8.55,0.10192636,0.958357287639768
10,486.4205744350011,171,8.6,0.099094525,0.9565279849555021
10,486.4205744350011,172,8.65,0.099025376,0.9580048770842179
10,486.4205744350011,173,8.700000000000001,0.09826074,0.9566351380269434
10,486.4205744350011,174,8.75,0.10141813,0.952602230142062
10,486.4205744350011,175,8.8,0.10354828,0.9596915419957199
10,486.4205744350011,176,8.85,0.10027819,0.9592201085143055
10,486.4205744350011,177,8.9,0.10773135,0.9633610065587622
10,486.4205744350011,178,8.950000000000001,0.107143074,0.9590984595135984
10,486.4205744350011,179,9.0,0.09520358,0.9541949129630255
10,486.4205744350011,180,9.05,0.1115685,0.9535898753766371
10,486.4205744350011,181,9.1,0.09358061,0.9551404260442223
10,486.4205744350011,182,9.15,0.101834446,0.9626867488461528
10,486.4205744350011,183,9.200000000000001,0.11099198,0.9620442173366238
10,486.4205744350011,184,9.25,0.101841256,0.9583177803695667
10,486.4205744350011,185,9.3,0.098171584,0.9586244786486746
10,486.4205744350011,186,9.35,0.10470562,0.9612976369348363
10,486.4205744350011,187,9.4,0.10237872,0.9544360402390677
10,486.4205744350011,188,9.450000000000001,0.09255778,0.9549370212554233
10,486.4205744350011,189,9.5,0.10105159,0.9569761271154441
10,486.4205744350011,190,9.55,0.10285438,0.96003895100807
10,486.4205744350011,191,9.600000000000001,0.09824044,0.9579835003719912
10,486.4205744350011,192,9.65,0.11024977,0.9578449052972532
10,486.4205744350011,193,9.700000000000001,0.096053064,0.9613454398271798
10,486.4205744350011,194,9.75,0.09733167,0.9503076905127985
10,486.4205744350011,195,9.8,0.104164355,0.960045163960855
10,486.4205744350011,196,9.850000000000001,0.102021575,0.9523214225809682
10,486.4205744350011,197,9.9,0.10269747,0.9652092801899868
10,486.4205744350011,198,9.950000000000001,0.09865698,0.9523818283037419
10,486.4205744350011,199,10.0,0.09796117,0.9555777377088374
10,486.4205744350011,200,10.05,0.09642333,0.9548030808583717
10,486.4205744350011,201,10.100000000000001,0.10351814,0.951489725309037
10,486.4205744350011,202,10.15,0.10497025,0.9570988701015706
10,486.4205744350011,203,10.200000000000001,0.09429496,0.9529484257297025
10,486.4205744350011,204,10.25,0.09857698,0.9622617576267536
10,486.4205744350011,205,10.3,0.09495738,0.9610507752439993
10,486.4205744350011,206,10.350000000000001,0.10646852,0.9519380281278794
10,486.4205744350011,207,10.4,0.10250481,0.9649348491458046
10,486.4205744350011,208,10.450000000000001,0.10071385,0.9604218715114139
10,486.4205744350011,209,10.5,0.103693865,0.9620305284728529
10,486.4205744350011,210,10.55,0.10582163,0.9602785857179459
10,486.4205744350011,211,10.600000000000001,0.09901663,0.9594006121599784
10,486.4205744350011,212,10.65,0.109582484,0.9618603536211321
10,486.4205744350011,213,10.700000000000001,0.108234756,0.9581979703333047
10,486.4205744350011,214,10.75,0.107189186,0.9589211205797642
10,486.4205744350011,215,10.8,0.1041527,0.9641625041663551
10,486.4205744350011,216,10.850000000000001,0.10506106,0.9576386653628985
10,486.4205744350011,217,10.9,0.09921606,0.9568505080577269
10,486.4205744350011,218,10.950000000000001,0.099778086,0.952723460312735
10,486.4205744350011,219,11.0,0.09803725,0.9482743509540769
10,486.4205744350011,220,11.05,0.099363625,0.9565264130478964
10,486.4205744350011,221,11.100000000000001,0.100512214,0.9643228186479111
10,486.4205744350011,222,11.15,0.10565108,0.9577121618076311
10,486.4205744350011,223,11.200000000000001,0.10052946,0.9615404464302107
10,486.4205744350011,224,11.25,0.09294943,0.9521500108593736
10,486.4205744350011,225,11.3,0.09543188,0.9567403064003147
10,486.4205744350011,226,11.350000000000001,0.09549091,0.9607688177874268
10,486.4205744350011,227,11.4,0.09331713,0.9543461559851891
10,486.4205744350011,228,11.450000000000001,0.09854795,0.9651912831775252
10,486.4205744350011,229,11.5,0.104671665,0.9597078661675692
10,486.4205744350011,230,11.55,0.101139925,0.9535433950552774
10,486.4205744350011,231,11.600000000000001,0.099410735,0.9626799155427249
10,486.4205744350011,232,11.65,0.10771766,0.9612286668928872
10,486.4205744350011,233,11.700000000000001,0.101206765,0.9618115376769355
10,486.4205744350011,234,11.75,0.10385845,0.961595536452817
10,486.4205744350011,235,11.8,0.10627046,0.9664189402934732
10,486.4205744350011,236,11.850000000000001,0.097475864,0.9508164927064989
10,486.4205744350011,237,11.9,0.098919384,0.9643465352663086
10,486.4205744350011,238,11.950000000000001,0.097152464,0.9577383721410583
10,486.4205744350011,239,12.0,0.10470231,0.9589059259276627
10,486.4205744350011,240,12.05,0.09709623,0.9570756385866631
10,486.4205744350011,241,12.100000000000001,0.1095263,0.9576592762743705
10,486.4205744350011,242,12.15,0.101041295,0.9564131460174258
10,486.4205744350011,243,12.200000000000001,0.11030559,0.959195031036417
10,486.4205744350011,244,12.25,0.10177228,0.9586495264424654
10,486.4205744350011,245,12.3,0.105345376,0.9555160681040279
10,486.4205744350011,246,12.350000000000001,0.09672317,0.9569495472555526
10,486.4205744350011,247,12.4,0.10934884,0.9590943915459843
10,486.4205744350011,248,12.450000000000001,0.10139761,0.9605139973802426
10,486.4205744350011,249,12.5,0.105448194,0.9535455119950935
10,486.4205744350011,250,12.55,0.100590676,0.9579023714236093
10,486.4205744350011,251,12.600000000000001,0.09706854,0.9580489488846268
10,486.4205744350011,252,12.65,0.105873235,0.9598222617449794
10,486.4205744350011,253,12.700000000000001,0.10479997,0.9588835800189159
10,486.4205744350011,254,12.75,0.10200543,0.9577885128016612
10,486.4205744350011,255,12.8,0.09951185,0.9586830298330711
10,486.4205744350011,256,12.850000000000001,0.10870393,0.9641879359251774
10,486.4205744350011,257,12.9,0.10577902,0.9603424876023422
10,486.4205744350011,258,12.950000000000001,0.09951881,0.9577295826427895
10,486.4205744350011,259,13.0,0.10781179,0.9615804573476971
10,486.4205744350011,260,13.05,0.09275708,0.9524829163866093
10,486.4205744350011,261,13.100000000000001,0.10314813,0.9611315143574959
10,486.4205744350011,262,13.15,0.10169046,0.9535509942243489
10,486.4205744350011,263,13.200000000000001,0.1004242,0.9603568344994478
10,486.4205744350011,264,13.25,0.094787404,0.9565321269626764
10,486.4205744350011,265,13.3,0.10693978,0.9593813416562875
10,486.4205744350011,266,13.350000000000001,0.10288135,0.9547372916631597
10,486.4205744350011,267,13.4,0.098352455,0.9506959606056186
10,486.4205744350011,268,13.450000000000001,0.103206955,0.9600877473938837
10,486.4205744350011,269,13.5,0.09616493,0.9512506199401943
10,486.4205744350011,270,13.55,0.10521114,0.956435294594657
10,486.4205744350011,271,13.600000000000001,0.09887906,0.9596688058423193
10,486.4205744350011,272,13.65,0.09887117,0.9530721259005583
10,486.4205744350011,273,13.700000000000001,0.1028864,0.9629581187840701
10,486.4205744350011,274,13.75,0.10315066,0.9561637286570336
10,486.4205744350011,275,13.8,0.097206,0.955424455481622
10,486.4205744350011,276,13.850000000000001,0.10226178,0.9579866335468291
10,486.4205744350011,277,13.9,0.104040265,0.9601987217671736
10,486.4205744350011,278,13.950000000000001,0.1074364,0.9635346775173338
10,486.4205744350011,279,14.0,0.101889774,0.9587739451496113
10,486.4205744350011,280,14.05,0.1063512,0.9572091209657263
10,486.4205744350011,281,14.100000000000001,0.10320611,0.9620413361243804
10,486.4205744350011,282,14.15,0.098221906,0.9579341233497376
10,486.4205744350011,283,14.200000000000001,0.108289205,0.9582671277773566
10,486.4205744350011,284,14.25,0.10709856,0.9590523967140929
10,486.4205744350011,285,14.3,0.10585522,0.9613099467306974
10,486.4205744350011,286,14.350000000000001,0.107941985,0.963846165152806
10,486.4205744350011,287,14.4,0.107002996,0.959302432381095
10,486.4205744350011,288,14.450000000000001,0.10801425,0.957725731309029
10,486.4205744350011,289,14.5,0.10020121,0.9595621852974605
10,486.4205744350011,290,14.55,0.10802308,0.9582697768060554
10,486.4205744350011,291,14.600000000000001,0.105928086,0.9605300228316132
10,486.4205744350011,292,14.65,0.107463025,0.9643542252860613
10,486.4205744350011,293,14.700000000000001,0.11030952,0.9622302477880139
10,486.4205744350011,294,14.75,0.11005537,0.9626906788562046
10,486.4205744350011,295,14.8,0.10196717,0.9582819966770741
10,486.4205744350011,296,14.850000000000001,0.101585545,0.9598259975719743
10,486.4205744350011,297,14.9,0.11053094,0.9604480735720738
10,486.4205744350011,298,14.950000000000001,0.108277194,0.9580940380337964
10,486.4205744350011,299,15.0,0.10034906,0.9619502620022522
10,486.4205744350011,300,15.05,0.104299106,0.9607829675865942
10,486.4205744350011,301,15.100000000000001,0.10502062,0.9580630799079679
10,486.4205744350011,302,15.15,0.09948396,0.9566049698404352
10,486.4205744350011,303,15.200000000000001,0.1082788,0.9610404451211038
10,486.4205744350011,304,15.25,0.101945065,0.9608806504290157
10,486.4205744350011,305,15.3,0.09991094,0.955004809096188
10,486.4205744350011,306,15.350000000000001,0.101623945,0.9570540211593523
10,486.4205744350011,307,15.4,0.09769353,0.9607618389692879
10,486.4205744350011,308,15.450000000000001,0.10289483,0.9550871793416551
10,486.4205744350011,309,15.5,0.10534208,0.9592854373587386
10,486.4205744350011,310,15.55,0.10647504,0.9616029317798597
10,486.4205744350011,311,15.600000000000001,0.10381336,0.9604096829585325
10,486.4205744350011,312,15.65,0.09438869,0.9571941900914989
10,486.4205744350011,313,15.700000000000001,0.09451536,0.9551847409374292
10,486.4205744350011,314,15.75,0.103098534,0.9567781036096964
10,486.4205744350011,315,15.8,0.09743939,0.959225513450011
10,486.4205744350011,316,15.850000000000001,0.095352806,0.9524924097656013
10,486.4205744350011,317,15.9,0.09830661,0.953948597145193
10,486.4205744350011,318,15.950000000000001,0.10869596,0.9648372854966895
10,486.4205744350011,319,16.0,0.10056913,0.9583390796653526
10,486.4205744350011,320,16.05,0.10635202,0.9568624679727041
10,486.4205744350011,321,16.1,0.10564452,0.9571861249768986
10,486.4205744350011,322,16.150000000000002,0.105813436,0.9622776788892461
10,486.4205744350011,323,16.2,0.101209335,0.9578957646914003
10,486.4205744350011,324,16.25,0.10111506,0.9513148504199883
10,486.4205744350011,325,16.3,0.10181827,0.9549036769872571
10,486.4205744350011,326,16.35,0.111335136,0.9625698815698371
10,486.4205744350011,327,16.400000000000002,0.10194421,0.9602912586535102
10,486.4205744350011,328,16.45,0.10274727,0.9533637860301963
10,486.4205744350011,329,16.5,0.10519054,0.9537705415643973
10,486.4205744350011,330,16.55,0.09943951,0.9589353893591379
10,486.4205744350011,331,16.6,0.100844614,0.963176962114836
10,486.4205744350011,332,16.650000000000002,0.099346176,0.9545836605579703
10,486.4205744350011,333,16.7,0.10428497,0.9548240618472053
10,486.4205744350011,334,16.75,0.10128212,0.9527627388723791
10,486.4205744350011,335,16.8,0.10729913,0.9544659238192045
10,486.4205744350011,336,16.85,0.09391908,0.9605692429578534
10,486.4205744350011,337,16.900000000000002,0.104492605,0.9571965691961645
10,486.4205744350011,338,16.95,0.10815382,0.9591047654342123
10,486.4205744350011,339,17.0,0.1032926,0.9523933678311155
10,486.4205744350011,340,17.05,0.10985588,0.9569593279447431
10,486.4205744350011,341,17.1,0.10469237,0.9605273989550391
10,486.4205744350011,342,17.150000000000002,0.096976504,0.9628627042097051
10,486.4205744350011,343,17.2,0.10033437,0.9524805944795403
10,486.4205744350011,344,17.25,0.104794174,0.9589281229214076
10,486.4205744350011,345,17.3,0.10384843,0.9601531492202809
10,486.4205744350011,346,17.35,0.10668572,0.951130487577838
10,486.4205744350011,347,17.400000000000002,0.10994975,0.960883846062042
10,486.4205744350011,348,17.45,0.089891024,0.9557472346402197
10,486.4205744350011,349,17.5,0.09605668,0.958302125506674
10,486.4205744350011,350,17.55,0.10219139,0.9582629666568125
10,486.4205744350011,351,17.6,0.09818924,0.9575806726431583
10,486.4205744350011,352,17.650000000000002,0.10006961,0.9575936229132781
10,486.4205744350011,353,17.7,0.09402334,0.955193434289404
10,486.4205744350011,354,17.75,0.099153996,0.9636130701213265
10,486.4205744350011,355,17.8,0.10294874,0.9563851133714213
10,486.4205744350011,356,17.85,0.1060426,0.9594725010364463
10,486.4205744350011,357,17.900000000000002,0.10112878,0.9584107369177954
10,486.4205744350011,358,17.95,0.099674635,0.9575570869828273
10,486.4205744350011,359,18.0,0.09479015,0.9573038406738764
10,486.4205744350011,360,18.05,0.10373733,0.9509134332659958
10,486.4205744350011,361,18.1,0.09362785,0.9611927755901427
10,486.4205744350011,362,18.150000000000002,0.10788816,0.963078620514886
10,486.4205744350011,363,18.2,0.10241512,0.9582469917400872
10,486.4205744350011,364,18.25,0.10150956,0.9503123632287638
10,486.4205744350011,365,18.3,0.102133684,0.9606479272594872
10,486.4205744350011,366,18.35,0.09249876,0.9544607993821045
10,486.4205744350011,367,18.400000000000002,0.10852114,0.9598743348552516
10,486.4205744350011,368,18.45,0.10960305,0.9686572033270872
10,486.4205744350011,369,18.5,0.10284004,0.9610865056519327
10,486.4205744350011,370,18.55,0.10609492,0.9603053126040837
10,486.4205744350011,371,18.6,0.09820072,0.9588434866588758
10,486.4205744350011,372,18.650000000000002,0.10105417,0.9625378127950867
10,486.4205744350011,373,18.7,0.10497273,0.9568950081111509
10,486.4205744350011,374,18.75,0.103710584,0.9540354069218848
10,486.4205744350011,375,18.8,0.104368076,0.9573176757154819
10,486.4205744350011,376,18.85,0.09904902,0.9617290106537828
10,486.4205744350011,377,18.900000000000002,0.10652958,0.9614429178880404
10,486.4205744350011,378,18.95,0.101611145,0.9520337584352215
10,486.4205744350011,379,19.0,0.10181402,0.9505118656478816
10,486.4205744350011,380,19.05,0.102360085,0.9553721899198389
10,486.4205744350011,381,19.1,0.09972333,0.9593604276402643
10,486.4205744350011,382,19.150000000000002,0.101363406,0.9553089272060048
10,486.4205744350011,383,19.200000000000003,0.10065961,0.9570105943242446
10,486.4205744350011,384,19.25,0.10243289,0.957303676861187
10,486.4205744350011,385,19.3,0.10060533,0.9578273752934148
10,486.4205744350011,386,19.35,0.1007913,0.9585627931832882
10,486.4205744350011,387,19.400000000000002,0.097107835,0.96247640503896
10,486.4205744350011,388,19.450000000000003,0.11289179,0.9639296328055758
10,486.4205744350011,389,19.5,0.10194251,0.9614794945971895
10,486.4205744350011,390,19.55,0.10244728,0.9623742824186421
10,486.4205744350011,391,19.6,0.10046476,0.9547869913264777
10,486.4205744350011,392,19.650000000000002,0.10359767,0.9586234200120293
10,486.4205744350011,393,19.700000000000003,0.100985505,0.9521722894262763
10,486.4205744350011,394,19.75,0.10071902,0.9695161118024405
10,486.4205744350011,395,19.8,0.10022284,0.9658070001776958
10,486.4205744350011,396,19.85,0.09968681,0.9579675429166492
10,486.4205744350011,397,19.900000000000002,0.10296558,0.963810423722047
10,486.4205744350011,398,19.950000000000003,0.110117584,0.9661056776601474
10,486.4205744350011,399,20.0,0.10741703,0.9597362934199664
11,511.81977191938824,0,0.05,0.10143437,0.9641151149208916
11,511.81977191938824,1,0.1,0.094026096,0.9551942359706069
11,511.81977191938824,2,0.15000000000000002,0.10277764,0.9677455255869303
11,511.81977191938824,3,0.2,0.09460888,0.9564600115393094
11,511.81977191938824,4,0.25,0.098346286,0.9632764659405345
11,511.81977191938824,5,0.30000000000000004,0.09752654,0.9581131657842237
11,511.81977191938824,6,0.35000000000000003,0.10738716,0.9602189338765751
11,511.81977191938824,7,0.4,0.0975541,0.9605920743573569
11,511.81977191938824,8,0.45,0.10174331,0.9577723727171639
11,511.81977191938824,9,0.5,0.098005414,0.9597344263796254
11,511.81977191938824,10,0.55,0.0969917,0.9633318495725935
11,511.81977191938824,11,0.6000000000000001,0.09717298,0.9558561567150637
11,511.81977191938824,12,0.65,0.1040561,0.9562238261705878
11,511.81977191938824,13,0.7000000000000001,0.10162224,0.9653974545482759
11,511.81977191938824,14,0.75,0.10145574,0.9664799042971952
11,511.81977191938824,15,0.8,0.101569325,0.9621392987934085
11,511.81977191938824,16,0.8500000000000001,0.10216509,0.9650442686378977
11,511.81977191938824,17,0.9,0.10397191,0.9651705661396166
11,511.81977191938824,18,0.9500000000000001,0.10470479,0.9646997228351104
11,511.81977191938824,19,1.0,0.09329948,0.9541894076657852
11,511.81977191938824,20,1.05,0.097613625,0.9489523810111239
11,511.81977191938824,21,1.1,0.09563244,0.9599724078892885
11,511.81977191938824,22,1.1500000000000001,0.09757809,0.9593310016148413
11,511.81977191938824,23,1.2000000000000002,0.10782305,0.956975978727877
11,511.81977191938824,24,1.25,0.09619647,0.9576728783220432
11,511.81977191938824,25,1.3,0.10524657,0.9603955466115657
11,511.81977191938824,26,1.35,0.098798364,0.9560004090030343
11,511.81977191938824,27,1.4000000000000001,0.096466474,0.9613008706602502
11,511.81977191938824,28,1.4500000000000002,0.108245164,0.9624423946360925
11,511.81977191938824,29,1.5,0.098743066,0.9587058977913598
11,511.81977191938824,30,1.55,0.10128811,0.9592471317713815
11,511.81977191938824,31,1.6,0.09584434,0.9584251905207631
11,511.81977191938824,32,1.6500000000000001,0.09715603,0.9546079440773916
11,511.81977191938824,33,1.7000000000000002,0.10770962,0.9628747676241718
11,511.81977191938824,34,1.75,0.093695424,0.9584604621625699
11,511.81977191938824,35,1.8,0.10228637,0.9577207141913046
11,511.81977191938824,36,1.85,0.10335134,0.9679006213035853
11,511.81977191938824,37,1.9000000000000001,0.09786111,0.9510683881478132
11,511.81977191938824,38,1.9500000000000002,0.09911377,0.9550445498262293
11,511.81977191938824,39,2.0,0.0996085,0.9600862225322898
11,511.81977191938824,40,2.0500000000000003,0.10710423,0.961866223569477
11,511.81977191938824,41,2.1,0.102480285,0.9653984402586785
11,511.81977191938824,42,2.15,0.10644165,0.9618607751424898
11,511.81977191938824,43,2.2,0.10443284,0.9587690609796848
11,511.81977191938824,44,2.25,0.10935677,0.9649127588064287
11,511.81977191938824,45,2.3000000000000003,0.1088904,0.9544158710626561
11,511.81977191938824,46,2.35,0.10320275,0.9560290679825535
11,511.81977191938824,47,2.4000000000000004,0.10937341,0.9489031197734007
11,511.81977191938824,48,2.45,0.10688869,0.9622273001242097
11,511.81977191938824,49,2.5,0.095681384,0.9561901152960005
11,511.81977191938824,50,2.5500000000000003,0.096152306,0.9509262309070157
11,511.81977191938824,51,2.6,0.104430355,0.959880227227175
11,511.81977191938824,52,2.6500000000000004,0.11048936,0.9505001680883681
11,511.81977191938824,53,2.7,0.105351955,0.961731379002806
11,511.81977191938824,54,2.75,0.10855389,0.9599969144765684
11,511.81977191938824,55,2.8000000000000003,0.09527003,0.9494848160860718
11,511.81977191938824,56,2.85,0.10106446,0.9602105468205401
11,511.81977191938824,57,2.9000000000000004,0.10218715,0.9579815026406014
11,511.81977191938824,58,2.95,0.09729514,0.9579416762882329
11,511.81977191938824,59,3.0,0.099255376,0.9491610375990813
11,511.81977191938824,60,3.0500000000000003,0.10508664,0.9563545271066842
11,511.81977191938824,61,3.1,0.105132006,0.9587482776890611
11,511.81977191938824,62,3.1500000000000004,0.10301104,0.9614984928408822
11,511.81977191938824,63,3.2,0.099655494,0.9605465172238655
11,511.81977191938824,64,3.25,0.09851363,0.9578576383845397
11,511.81977191938824,65,3.3000000000000003,0.10461201,0.9517012791491039
11,511.81977191938824,66,3.35,0.10318091,0.9648496256083565
11,511.81977191938824,67,3.4000000000000004,0.10221175,0.9549555766004396
11,511.81977191938824,68,3.45,0.10170326,0.9590469615213854
11,511.81977191938824,69,3.5,0.09559979,0.9625450970112506
11,511.81977191938824,70,3.5500000000000003,0.10140531,0.9602185917784678
11,511.81977191938824,71,3.6,0.10657758,0.9562784716339094
11,511.81977191938824,72,3.6500000000000004,0.09391908,0.9576367571180335
11,511.81977191938824,73,3.7,0.102354154,0.9483545752045804
11,511.81977191938824,74,3.75,0.09890448,0.9563066734759599
11,511.81977191938824,75,3.8000000000000003,0.100787856,0.9571252911370572
11,511.81977191938824,76,3.85,0.09624874,0.9611829073955241
11,511.81977191938824,77,3.9000000000000004,0.09557168,0.9561743157329943
11,511.81977191938824,78,3.95,0.10293358,0.9543498941791411
11,511.81977191938824,79,4.0,0.10925921,0.9646621908805886
11,511.81977191938824,80,4.05,0.098124765,0.9532224511595465
11,511.81977191938824,81,4.1000000000000005,0.10398191,0.9584633701168352
11,511.81977191938824,82,4.15,0.0965958,0.963458087862565
11,511.81977191938824,83,4.2,0.09838947,0.9558311118977054
11,511.81977191938824,84,4.25,0.10390936,0.9606974372184185
11,511.81977191938824,85,4.3,0.09288505,0.9549765261553567
11,511.81977191938824,86,4.3500000000000005,0.10621579,0.962929050422384
11,511.81977191938824,87,4.4,0.10288724,0.9658963564760242
11,511.81977191938824,88,4.45,0.103276655,0.9620897260449591
11,511.81977191938824,89,4.5,0.09845818,0.9553998550828954
11,511.81977191938824,90,4.55,0.10146001,0.9553610405915691
11,511.81977191938824,91,4.6000000000000005,0.09670076,0.9547755513950776
11,511.81977191938824,92,4.65,0.09514527,0.952637469153875
11,511.81977191938824,93,4.7,0.0946437,0.9519564313307213
11,511.81977191938824,94,4.75,0.10532562,0.9595994918073757
11,511.81977191938824,95,4.800000000000001,0.10566913,0.9655773224892851
11,511.81977191938824,96,4.8500000000000005,0.09998814,0.955338414783524
11,511.81977191938824,97,4.9,0.104859516,0.9585924528252349
11,511.81977191938824,98,4.95,0.10350641,0.9588669285859168
11,511.81977191938824,99,5.0,0.10868639,0.9607743875005936
11,511.81977191938824,100,5.050000000000001,0.0977095,0.9636557127342533
11,511.81977191938824,101,5.1000000000000005,0.100810215,0.9585800818614404
11,511.81977191938824,102,5.15,0.10708237,0.9626827916198685
11,511.81977191938824,103,5.2,0.0978106,0.955626987250398
11,511.81977191938824,104,5.25,0.10354075,0.9567250961424116
11,511.81977191938824,105,5.300000000000001,0.10100439,0.9554420079355916
11,511.81977191938824,106,5.3500000000000005,0.10086696,0.957847621397643
11,511.81977191938824,107,5.4,0.106522255,0.9602009499067786
11,511.81977191938824,108,5.45,0.09991528,0.9559754328180303
11,511.81977191938824,109,5.5,0.10201902,0.9598931570996746
11,511.81977191938824,110,5.550000000000001,0.09839299,0.9539189768905004
11,511.81977191938824,111,5.6000000000000005,0.09973463,0.9553452595852103
11,511.81977191938824,112,5.65,0.09825897,0.9584352696602796
11,511.81977191938824,113,5.7,0.098838724,0.9563553738155989
11,511.81977191938824,114,5.75,0.09869564,0.9560069564898215
11,511.81977191938824,115,5.800000000000001,0.10417351,0.9619359044300205
11,511.81977191938824,116,5.8500000000000005,0.09818041,0.9571122115658149
11,511.81977191938824,117,5.9,0.10607448,0.9547663599216477
11,511.81977191938824,118,5.95,0.09361488,0.9482178907062064
11,511.81977191938824,119,6.0,0.10442704,0.9600961854677047
11,511.81977191938824,120,6.050000000000001,0.10896442,0.9665193623182964
11,511.81977191938824,121,6.1000000000000005,0.09860072,0.9534537787059293
11,511.81977191938824,122,6.15,0.0989264,0.9579112804743204
11,511.81977191938824,123,6.2,0.10199693,0.9607439233374018
11,511.81977191938824,124,6.25,0.10202327,0.9562231984629536
11,511.81977191938824,125,6.300000000000001,0.10272533,0.9597438400515942
11,511.81977191938824,126,6.3500000000000005,0.098099135,0.9639145181554003
11,511.81977191938824,127,6.4,0.10671822,0.9612795790434319
11,511.81977191938824,128,6.45,0.09964505,0.9654331104920834
11,511.81977191938824,129,6.5,0.09622261,0.9576920085005768
11,511.81977191938824,130,6.550000000000001,0.099633746,0.9602670049777501
11,511.81977191938824,131,6.6000000000000005,0.1038359,0.9573079819860146
11,511.81977191938824,132,6.65,0.10085579,0.9596710149990423
11,511.81977191938824,133,6.7,0.099245764,0.9573673043422805
11,511.81977191938824,134,6.75,0.09810886,0.955346622387028
11,511.81977191938824,135,6.800000000000001,0.1065605,0.9574102789763739
11,511.81977191938824,136,6.8500000000000005,0.10797492,0.9678433523716946
11,511.81977191938824,137,6.9,0.099312134,0.958163720927996
11,511.81977191938824,138,6.95,0.09973724,0.9585452046534187
11,511.81977191938824,139,7.0,0.10494134,0.9592331956664867
11,511.81977191938824,140,7.050000000000001,0.10563303,0.9584273443664565
11,511.81977191938824,141,7.1000000000000005,0.098453775,0.9568199122463811
11,511.81977191938824,142,7.15,0.10384175,0.9581220202493685
11,511.81977191938824,143,7.2,0.1099466,0.9493871132035441
11,511.81977191938824,144,7.25,0.09747498,0.954519376030465
11,511.81977191938824,145,7.300000000000001,0.10060447,0.9545038558429594
11,511.81977191938824,146,7.3500000000000005,0.09697382,0.9574744835116303
11,511.81977191938824,147,7.4,0.09988925,0.9572825916877468
11,511.81977191938824,148,7.45,0.108492374,0.9553688278720341
11,511.81977191938824,149,7.5,0.10169303,0.9490128832457183
11,511.81977191938824,150,7.550000000000001,0.10782788,0.9633605622879293
11,511.81977191938824,151,7.6000000000000005,0.09814332,0.9569534476520124
11,511.81977191938824,152,7.65,0.095075086,0.96182044195832
11,511.81977191938824,153,7.7,0.0972051,0.9603044638634524
11,511.81977191938824,154,7.75,0.102230415,0.9595829344631502
11,511.81977191938824,155,7.800000000000001,0.1032649,0.9649094155205437
11,511.81977191938824,156,7.8500000000000005,0.101555675,0.9557530519606655
11,511.81977191938824,157,7.9,0.10353656,0.960475503078209
11,511.81977191938824,158,7.95,0.10176461,0.9525598895142481
11,511.81977191938824,159,8.0,0.09456122,0.9596659608005765
11,511.81977191938824,160,8.05,0.095416434,0.9517169711283087
11,511.81977191938824,161,8.1,0.11218844,0.9591907548991728
11,511.81977191938824,162,8.15,0.10527375,0.9674329047177739
11,511.81977191938824,163,8.200000000000001,0.092589624,0.963294241542893
11,511.81977191938824,164,8.25,0.10221175,0.9614466984479064
11,511.81977191938824,165,8.3,0.10259443,0.9591543485027949
11,511.81977191938824,166,8.35,0.10475363,0.9621401516415519
11,511.81977191938824,167,8.4,0.111804485,0.9631661278014619
11,511.81977191938824,168,8.450000000000001,0.10422343,0.9490751683351275
11,511.81977191938824,169,8.5,0.107635535,0.965218439750358
11,511.81977191938824,170,8.55,0.093978144,0.9560675942717122
11,511.81977191938824,171,8.6,0.10522268,0.9621217195584412
11,511.81977191938824,172,8.65,0.09827309,0.9620250402069767
11,511.81977191938824,173,8.700000000000001,0.10965446,0.9631318446741748
11,511.81977191938824,174,8.75,0.092955954,0.9584284609510343
11,511.81977191938824,175,8.8,0.099253625,0.9635180238440799
11,511.81977191938824,176,8.85,0.104837194,0.9679860221021306
11,511.81977191938824,177,8.9,0.10093313,0.961334338040301
11,511.81977191938824,178,8.950000000000001,0.09708908,0.9589956390006492
11,511.81977191938824,179,9.0,0.10821873,0.9623261864653727
11,511.81977191938824,180,9.05,0.09149036,0.956182191389846
11,511.81977191938824,181,9.1,0.100368924,0.9572714247469638
11,511.81977191938824,182,9.15,0.10869755,0.9534148375176096
11,511.81977191938824,183,9.200000000000001,0.10279282,0.9566550079723967
11,511.81977191938824,184,9.25,0.09350647,0.9614400197073111
11,511.81977191938824,185,9.3,0.1026637,0.964701328518104
11,511.81977191938824,186,9.35,0.107165724,0.9548649048800086
11,511.81977191938824,187,9.4,0.100115515,0.9554745221858801
11,511.81977191938824,188,9.450000000000001,0.10485869,0.9623240360320755
11,511.81977191938824,189,9.5,0.09787174,0.9550295074290125
11,511.81977191938824,190,9.55,0.10349217,0.9629698227879605
11,511.81977191938824,191,9.600000000000001,0.1056962,0.9574718735384836
11,511.81977191938824,192,9.65,0.103483796,0.959178448677201
11,511.81977191938824,193,9.700000000000001,0.11352589,0.9598532393818244
11,511.81977191938824,194,9.75,0.1044096,0.964026060984141
11,511.81977191938824,195,9.8,0.10046822,0.9578560463191966
11,511.81977191938824,196,9.850000000000001,0.10116307,0.956775105526725
11,511.81977191938824,197,9.9,0.102999255,0.9606853862328931
11,511.81977191938824,198,9.950000000000001,0.10214133,0.9582057538175828
11,511.81977191938824,199,10.0,0.11137328,0.9600618428384042
11,511.81977191938824,200,10.05,0.10203092,0.9512021920859988
11,511.81977191938824,201,10.100000000000001,0.108455606,0.960207000792101
11,511.81977191938824,202,10.15,0.09052342,0.9573048452321141
11,511.81977191938824,203,10.200000000000001,0.103099376,0.9589129844141924
11,511.81977191938824,204,10.25,0.10963627,0.9669388671513728
11,511.81977191938824,205,10.3,0.10069147,0.9595903428885518
11,511.81977191938824,206,10.350000000000001,0.10562892,0.961228865604308
11,511.81977191938824,207,10.4,0.09894568,0.9589648399673399
11,511.81977191938824,208,10.450000000000001,0.10329344,0.955194535923331
11,511.81977191938824,209,10.5,0.103372306,0.9564310262720601
11,511.81977191938824,210,10.55,0.10379415,0.9620155797420321
11,511.81977191938824,211,10.600000000000001,0.109263174,0.9623046827562781
11,511.81977191938824,212,10.65,0.10995133,0.9579617096319161
11,511.81977191938824,213,10.700000000000001,0.10360269,0.9497969075248884
11,511.81977191938824,214,10.75,0.100396566,0.9657272034663722
11,511.81977191938824,215,10.8,0.10185658,0.9593395444540513
11,511.81977191938824,216,10.850000000000001,0.10776273,0.9553422399031982
11,511.81977191938824,217,10.9,0.10345866,0.9586675403028629
11,511.81977191938824,218,10.950000000000001,0.09741002,0.9597789413250067
11,511.81977191938824,219,11.0,0.09623793,0.9566590077355593
11,511.81977191938824,220,11.05,0.098851,0.9613984577234335
11,511.81977191938824,221,11.100000000000001,0.10384509,0.9631776166201282
11,511.81977191938824,222,11.15,0.108711906,0.9628171008737236
11,511.81977191938824,223,11.200000000000001,0.10013976,0.9649362265185886
11,511.81977191938824,224,11.25,0.09985018,0.9588422290144764
11,511.81977191938824,225,11.3,0.09393662,0.958514880694955
11,511.81977191938824,226,11.350000000000001,0.10592153,0.9614382489658643
11,511.81977191938824,227,11.4,0.10545149,0.9631592233243528
11,511.81977191938824,228,11.450000000000001,0.108695164,0.9603384880709718
11,511.81977191938824,229,11.5,0.11018213,0.9618305254787108
11,511.81977191938824,230,11.55,0.09596457,0.9637642006724411
11,511.81977191938824,231,11.600000000000001,0.10142497,0.9557448820790607
11,511.81977191938824,232,11.65,0.0980514,0.9558800135026886
11,511.81977191938824,233,11.700000000000001,0.10632429,0.9603296895177302
11,511.81977191938824,234,11.75,0.10413938,0.9621838798541891
11,511.81977191938824,235,11.8,0.10350055,0.950994890557784
11,511.81977191938824,236,11.850000000000001,0.10279451,0.9613886030219406
11,511.81977191938824,237,11.9,0.11392612,0.9595932601536251
11,511.81977191938824,238,11.950000000000001,0.10976983,0.9632068313268649
11,511.81977191938824,239,12.0,0.09236275,0.9520485174771569
11,511.81977191938824,240,12.05,0.10579705,0.9657028689432491
11,511.81977191938824,241,12.100000000000001,0.10604587,0.9575503593998387
11,511.81977191938824,242,12.15,0.10639114,0.958131263830525
11,511.81977191938824,243,12.200000000000001,0.10426003,0.9575533288644176
11,511.81977191938824,244,12.25,0.11328431,0.9631178009409685
11,511.81977191938824,245,12.3,0.099805884,0.9602351281304664
11,511.81977191938824,246,12.350000000000001,0.107335486,0.9623613378209478
11,511.81977191938824,247,12.4,0.1067499,0.9609361456693061
11,511.81977191938824,248,12.450000000000001,0.10778847,0.96106647551967
11,511.81977191938824,249,12.5,0.112886414,0.9669889945980432
11,511.81977191938824,250,12.55,0.104348965,0.9547995904071815
11,511.81977191938824,251,12.600000000000001,0.10213538,0.9571469504735883
11,511.81977191938824,252,12.65,0.10398859,0.9606215834191036
11,511.81977191938824,253,12.700000000000001,0.09657606,0.9590496999705367
11,511.81977191938824,254,12.75,0.09981718,0.9596554335135504
11,511.81977191938824,255,12.8,0.10772973,0.9627678393599516
11,511.81977191938824,256,12.850000000000001,0.10425587,0.9669312539529193
11,511.81977191938824,257,12.9,0.10179698,0.9543487987154575
11,511.81977191938824,258,12.950000000000001,0.10511468,0.9618936271050494
11,511.81977191938824,259,13.0,0.10390768,0.9571231021558765
11,511.81977191938824,260,13.05,0.10370139,0.9560811417450933
11,511.81977191938824,261,13.100000000000001,0.09670076,0.9587825543221786
11,511.81977191938824,262,13.15,0.09583168,0.9622398835587616
11,511.81977191938824,263,13.200000000000001,0.097662464,0.9614590561916624
11,511.81977191938824,264,13.25,0.10367379,0.9663502369079375
11,511.81977191938824,265,13.3,0.111060694,0.9598046935504536
11,511.81977191938824,266,13.350000000000001,0.09825897,0.9611147176536705
11,511.81977191938824,267,13.4,0.1046551,0.95712075824742
11,511.81977191938824,268,13.450000000000001,0.11222398,0.9663996538528296
11,511.81977191938824,269,13.5,0.10172371,0.9626933008441251
11,511.81977191938824,270,13.55,0.10623048,0.9595820537673336
11,511.81977191938824,271,13.600000000000001,0.103556655,0.9557902512185428
11,511.81977191938824,272,13.65,0.09831895,0.967327562398025
11,511.81977191938824,273,13.700000000000001,0.11305065,0.9601021223558875
11,511.81977191938824,274,13.75,0.098708816,0.9596818595084472
11,511.81977191938824,275,13.8,0.10830602,0.9599492577887558
11,511.81977191938824,276,13.850000000000001,0.10302198,0.962473002886231
11,511.81977191938824,277,13.9,0.10147368,0.9612238552748974
11,511.81977191938824,278,13.950000000000001,0.107461415,0.957367034287547
11,511.81977191938824,279,14.0,0.10344022,0.9680103033929232
11,511.81977191938824,280,14.05,0.10485869,0.9655974819925057
11,511.81977191938824,281,14.100000000000001,0.102770895,0.9512846922236406
11,511.81977191938824,282,14.15,0.101187915,0.960981439684788
11,511.81977191938824,283,14.200000000000001,0.108157024,0.95562863038189
11,511.81977191938824,284,14.25,0.10467829,0.9633689969427647
11,511.81977191938824,285,14.3,0.103865124,0.9606629465994052
11,511.81977191938824,286,14.350000000000001,0.10834364,0.9609436029582088
11,511.81977191938824,287,14.4,0.10323719,0.9556258019575586
11,511.81977191938824,288,14.450000000000001,0.0986561,0.9633710770865157
11,511.81977191938824,289,14.5,0.100935705,0.9591201222270319
11,511.81977191938824,290,14.55,0.102523424,0.9603250578979149
11,511.81977191938824,291,14.600000000000001,0.11087474,0.9650520682543443
11,511.81977191938824,292,14.65,0.10422759,0.9565731500741913
11,511.81977191938824,293,14.700000000000001,0.10795243,0.9586855044265303
11,511.81977191938824,294,14.75,0.10936311,0.9612726532140462
11,511.81977191938824,295,14.8,0.10593954,0.9579818817618665
11,511.81977191938824,296,14.850000000000001,0.10667597,0.9573662861020924
11,511.81977191938824,297,14.9,0.104976855,0.9653191330529025
11,511.81977191938824,298,14.950000000000001,0.101413004,0.9601763467105544
11,511.81977191938824,299,15.0,0.09690138,0.9572752874756711
11,511.81977191938824,300,15.05,0.10596654,0.9581484079215735
11,511.81977191938824,301,15.100000000000001,0.10150102,0.9569615809853215
11,511.81977191938824,302,15.15,0.103482954,0.9633109438124686
11,511.81977191938824,303,15.200000000000001,0.09888081,0.9633676952344169
11,511.81977191938824,304,15.25,0.10368634,0.9616381153659763
11,511.81977191938824,305,15.3,0.09929467,0.9618064573945658
11,511.81977191938824,306,15.350000000000001,0.10103529,0.9577154571030779
11,511.81977191938824,307,15.4,0.10205471,0.9607330023974222
11,511.81977191938824,308,15.450000000000001,0.10086009,0.9573738683893834
11,511.81977191938824,309,15.5,0.09221808,0.9543673439510081
11,511.81977191938824,310,15.55,0.109083705,0.9602227835044859
11,511.81977191938824,311,15.600000000000001,0.11492173,0.9651509758314686
11,511.81977191938824,312,15.65,0.10529928,0.9614493170681008
11,511.81977191938824,313,15.700000000000001,0.10265779,0.9645651374998049
11,511.81977191938824,314,15.75,0.10591908,0.9656648022344568
11,511.81977191938824,315,15.8,0.108898364,0.9652696788680146
11,511.81977191938824,316,15.850000000000001,0.10989849,0.962110782903873
11,511.81977191938824,317,15.9,0.10431323,0.96462978984951
11,511.81977191938824,318,15.950000000000001,0.10704188,0.9639530922098536
11,511.81977191938824,319,16.0,0.10593054,0.9594884151892884
11,511.81977191938824,320,16.05,0.100556195,0.9601699890083031
11,511.81977191938824,321,16.1,0.098693006,0.9596420389460518
11,511.81977191938824,322,16.150000000000002,0.10719323,0.9603856494283105
11,511.81977191938824,323,16.2,0.11025685,0.9612068317879169
11,511.81977191938824,324,16.25,0.11055839,0.9589716017704653
11,511.81977191938824,325,16.3,0.10152664,0.9605218646954329
11,511.81977191938824,326,16.35,0.10375322,0.9457539419884595
11,511.81977191938824,327,16.400000000000002,0.10298663,0.9611743687911233
11,511.81977191938824,328,16.45,0.10144121,0.9619174051199251
11,511.81977191938824,329,16.5,0.104790874,0.9633509287579871
11,511.81977191938824,330,16.55,0.10270592,0.9625014062439653
11,511.81977191938824,331,16.6,0.108400434,0.9674011965310872
11,511.81977191938824,332,16.650000000000002,0.10055706,0.9574532737099545
11,511.81977191938824,333,16.7,0.10861218,0.9629007964430044
11,511.81977191938824,334,16.75,0.11207324,0.9576720853332704
11,511.81977191938824,335,16.8,0.09331434,0.9560989686891482
11,511.81977191938824,336,16.85,0.10288135,0.953406224108494
11,511.81977191938824,337,16.900000000000002,0.1109662,0.9616776921811023
11,511.81977191938824,338,16.95,0.10198502,0.964489278119179
11,511.81977191938824,339,17.0,0.10194336,0.9647822232927622
11,511.81977191938824,340,17.05,0.10668003,0.9622058946832748
11,511.81977191938824,341,17.1,0.10188041,0.9628435133049906
11,511.81977191938824,342,17.150000000000002,0.10604342,0.9638309324431013
11,511.81977191938824,343,17.2,0.095846154,0.9627149263227044
11,511.81977191938824,344,17.25,0.10238718,0.9655880574197008
11,511.81977191938824,345,17.3,0.10680268,0.9577983772386118
11,511.81977191938824,346,17.35,0.100766346,0.9531948478838528
11,511.81977191938824,347,17.400000000000002,0.102883875,0.9561771739728369
11,511.81977191938824,348,17.45,0.101305224,0.9605873682075886
11,511.81977191938824,349,17.5,0.10472052,0.9585031220802719
11,511.81977191938824,350,17.55,0.1021184,0.9578442113418721
11,511.81977191938824,351,17.6,0.104082756,0.9618785020668712
11,511.81977191938824,352,17.650000000000002,0.10089361,0.9580279634523595
11,511.81977191938824,353,17.7,0.100585505,0.9615477085341664
11,511.81977191938824,354,17.75,0.10273545,0.9575115915526982
11,511.81977191938824,355,17.8,0.1021863,0.9650034930274056
11,511.81977191938824,356,17.85,0.10528611,0.9596299488951254
11,511.81977191938824,357,17.900000000000002,0.09801603,0.9519225962339334
11,511.81977191938824,358,17.95,0.100325726,0.9590348885793248
11,511.81977191938824,359,18.0,0.10010339,0.9577553857330644
11,511.81977191938824,360,18.05,0.10454984,0.959066298483927
11,511.81977191938824,361,18.1,0.09927546,0.9580660551907488
11,511.81977191938824,362,18.150000000000002,0.10501401,0.9620384994756913
11,511.81977191938824,363,18.2,0.10010686,0.9544171058088919
11,511.81977191938824,364,18.25,0.099143505,0.9509443182333532
11,511.81977191938824,365,18.3,0.10129924,0.9630301036178373
11,511.81977191938824,366,18.35,0.106789686,0.9515731535658657
11,511.81977191938824,367,18.400000000000002,0.103447765,0.9560920288387109
11,511.81977191938824,368,18.45,0.09919946,0.9595928903142182
11,511.81977191938824,369,18.5,0.10339831,0.9548225874604652
11,511.81977191938824,370,18.55,0.10599844,0.9571319826015715
11,511.81977191938824,371,18.6,0.09507782,0.9646513116378215
11,511.81977191938824,372,18.650000000000002,0.10222193,0.9656334262221575
11,511.81977191938824,373,18.7,0.09868246,0.9686660531589704
11,511.81977191938824,374,18.75,0.10190339,0.9592487065188904
11,511.81977191938824,375,18.8,0.09669807,0.9601754166564879
11,511.81977191938824,376,18.85,0.096845,0.9571243492453136
11,511.81977191938824,377,18.900000000000002,0.10221599,0.9599536897889691
11,511.81977191938824,378,18.95,0.09879047,0.957030568580432
11,511.81977191938824,379,19.0,0.10699894,0.9629090473410029
11,511.81977191938824,380,19.05,0.09774499,0.9530297579221321
11,511.81977191938824,381,19.1,0.10137025,0.9632468404593801
11,511.81977191938824,382,19.150000000000002,0.10885855,0.966209456482575
11,511.81977191938824,383,19.200000000000003,0.1064221,0.9667270363594156
11,511.81977191938824,384,19.25,0.10513943,0.9556044573680192
11,511.81977191938824,385,19.3,0.10746868,0.958759500910181
11,511.81977191938824,386,19.35,0.10636179,0.9585083760110595
11,511.81977191938824,387,19.400000000000002,0.105960816,0.9689082099341595
11,511.81977191938824,388,19.450000000000003,0.10501979,0.9612115950049777
11,511.81977191938824,389,19.5,0.10362027,0.9645290758924205
11,511.81977191938824,390,19.55,0.10373901,0.967836124166954
11,511.81977191938824,391,19.6,0.106818095,0.9628454590577724
11,511.81977191938824,392,19.650000000000002,0.09465103,0.9606525894225445
11,511.81977191938824,393,19.700000000000003,0.103341274,0.9610207321024538
11,511.81977191938824,394,19.75,0.10006181,0.9623529764148624
11,511.81977191938824,395,19.8,0.107560605,0.9598223039443866
11,511.81977191938824,396,19.85,0.102789454,0.9668076072166935
11,511.81977191938824,397,19.900000000000002,0.113070585,0.964757035736809
11,511.81977191938824,398,19.950000000000003,0.10620681,0.9578439120701078
11,511.81977191938824,399,20.0,0.1068392,0.9613823008989245
12,538.7578575462035,0,0.05,0.10749368,0.9620713754706367
12,538.7578575462035,1,0.1,0.103226274,0.9558832825482751
12,538.7578575462035,2,0.15000000000000002,0.10198843,0.9680361900341037
12,538.7578575462035,3,0.2,0.09994304,0.9620646232704678
12,538.7578575462035,4,0.25,0.10417934,0.9621890134250908
12,538.7578575462035,5,0.30000000000000004,0.100112915,0.9694020870991392
12,538.7578575462035,6,0.35000000000000003,0.09172129,0.9618047070694711
12,538.7578575462035,7,0.4,0.10275993,0.9569190645881978
12,538.7578575462035,8,0.45,0.099978596,0.9584061080827034
12,538.7578575462035,9,0.5,0.10559198,0.9672902052682198
12,538.7578575462035,10,0.55,0.10012677,0.9617900298885288
12,538.7578575462035,11,0.6000000000000001,0.103101894,0.9618381883630417
12,538.7578575462035,12,0.65,0.093566716,0.9578749046622445
12,538.7578575462035,13,0.7000000000000001,0.09643052,0.9614579295194547
12,538.7578575462035,14,0.75,0.096170336,0.9538219457773289
12,538.7578575462035,15,0.8,0.10733145,0.9595196214493185
12,538.7578575462035,16,0.8500000000000001,0.10877569,0.9620883990105417
12,538.7578575462035,17,0.9,0.09943079,0.9670333558140597
12,538.7578575462035,18,0.9500000000000001,0.10402027,0.9705196620415644
12,538.7578575462035,19,1.0,0.101263285,0.9617710740984503
12,538.7578575462035,20,1.05,0.10367129,0.9572152526779598
12,538.7578575462035,21,1.1,0.09936188,0.9609892515203906
12,538.7578575462035,22,1.1500000000000001,0.10108419,0.9588412525278035
12,538.7578575462035,23,1.2000000000000002,0.09763139,0.9557066675828627
12,538.7578575462035,24,1.25,0.10326574,0.9589353014817634
12,538.7578575462035,25,1.3,0.099463046,0.9549600296021231
12,538.7578575462035,26,1.35,0.10054585,0.9607060757345056
12,538.7578575462035,27,1.4000000000000001,0.10308592,0.9547068074830434
12,538.7578575462035,28,1.4500000000000002,0.101265855,0.9659667175954072
12,538.7578575462035,29,1.5,0.10228806,0.9612866820470964
12,538.7578575462035,30,1.55,0.09839652,0.963367416722479
12,538.7578575462035,31,1.6,0.10123075,0.9665724426123531
12,538.7578575462035,32,1.6500000000000001,0.10240496,0.9621866026306408
12,538.7578575462035,33,1.7000000000000002,0.10437638,0.9627490203319012
12,538.7578575462035,34,1.75,0.10288135,0.9533971349438687
12,538.7578575462035,35,1.8,0.0990709,0.9599886352371125
12,538.7578575462035,36,1.85,0.10088157,0.9593860317893009
12,538.7578575462035,37,1.9000000000000001,0.10164441,0.9613686526092511
12,538.7578575462035,38,1.9500000000000002,0.09543279,0.9514922150284296
12,538.7578575462035,39,2.0,0.10219309,0.9572631927258788
12,538.7578575462035,40,2.0500000000000003,0.10567652,0.9544394472582669
12,538.7578575462035,41,2.1,0.10553613,0.9545060765907062
12,538.7578575462035,42,2.15,0.09480753,0.9567158971309269
12,538.7578575462035,43,2.2,0.09918197,0.9534470614039173
12,538.7578575462035,44,2.25,0.104842156,0.9629504576334408
12,538.7578575462035,45,2.3000000000000003,0.1092481,0.9628562437985195
12,538.7578575462035,46,2.35,0.10095374,0.9633326335583102
12,538.7578575462035,47,2.4000000000000004,0.10387514,0.9644856715026121
12,538.7578575462035,48,2.45,0.10447684,0.9606778558556068
12,538.7578575462035,49,2.5,0.10434398,0.9595964502046517
12,538.7578575462035,50,2.5500000000000003,0.10114335,0.9621398878608163
12,538.7578575462035,51,2.6,0.10616925,0.9582579243849944
12,538.7578575462035,52,2.6500000000000004,0.1040611,0.9683038725981626
12,538.7578575462035,53,2.7,0.09977287,0.9571174945709443
12,538.7578575462035,54,2.75,0.099420324,0.9608198916024484
12,538.7578575462035,55,2.8000000000000003,0.105775736,0.9601660268555575
12,538.7578575462035,56,2.85,0.11388654,0.9560264286786873
12,538.7578575462035,57,2.9000000000000004,0.09840269,0.9604135245017044
12,538.7578575462035,58,2.95,0.102098025,0.9581550762094337
12,538.7578575462035,59,3.0,0.101174206,0.9573348813365328
12,538.7578575462035,60,3.0500000000000003,0.104348965,0.9537600529825373
12,538.7578575462035,61,3.1,0.09911202,0.9537776638892284
12,538.7578575462035,62,3.1500000000000004,0.10624027,0.9644043843021413
12,538.7578575462035,63,3.2,0.104143545,0.9642971778764149
12,538.7578575462035,64,3.25,0.10902011,0.9598375498290155
12,538.7578575462035,65,3.3000000000000003,0.10899942,0.9634764676458707
12,538.7578575462035,66,3.35,0.102856904,0.959883099087449
12,538.7578575462035,67,3.4000000000000004,0.10798133,0.9558630402451717
12,538.7578575462035,68,3.45,0.10143523,0.9567871080394844
12,538.7578575462035,69,3.5,0.102019876,0.952706317239126
12,538.7578575462035,70,3.5500000000000003,0.10243544,0.9557945657568733
12,538.7578575462035,71,3.6,0.10235754,0.9592780539367861
12,538.7578575462035,72,3.6500000000000004,0.10357256,0.9553179785473253
12,538.7578575462035,73,3.7,0.100258306,0.9562285760631631
12,538.7578575462035,74,3.75,0.11869736,0.965739857326499
12,538.7578575462035,75,3.8000000000000003,0.095483646,0.9629451349500794
12,538.7578575462035,76,3.85,0.09757365,0.9614292385075895
12,538.7578575462035,77,3.9000000000000004,0.10752836,0.9634675664601271
12,538.7578575462035,78,3.95,0.10448348,0.9554696453818435
12,538.7578575462035,79,4.0,0.093367286,0.9568573425435577
12,538.7578575462035,80,4.05,0.10483553,0.9542444924746083
12,538.7578575462035,81,4.1000000000000005,0.09956585,0.9574913075770112
12,538.7578575462035,82,4.15,0.107838325,0.9588241979230419
12,538.7578575462035,83,4.2,0.1104038,0.9662746679257003
12,538.7578575462035,84,4.25,0.09688885,0.9513065665418249
12,538.7578575462035,85,4.3,0.101889774,0.9576671993490689
12,538.7578575462035,86,4.3500000000000005,0.10204197,0.9539077678403023
12,538.7578575462035,87,4.4,0.10252088,0.9579374306153664
12,538.7578575462035,88,4.45,0.09630636,0.950354970473674
12,538.7578575462035,89,4.5,0.09292424,0.9510477601456769
12,538.7578575462035,90,4.55,0.099765055,0.9541993998768943
12,538.7578575462035,91,4.6000000000000005,0.10705565,0.9686894985998169
12,538.7578575462035,92,4.65,0.10563221,0.96093366037253
12,538.7578575462035,93,4.7,0.10077753,0.9664248031416438
12,538.7578575462035,94,4.75,0.10229399,0.9623343009566175
12,538.7578575462035,95,4.800000000000001,0.09654733,0.9640170443545486
12,538.7578575462035,96,4.8500000000000005,0.10200372,0.9614399236526079
12,538.7578575462035,97,4.9,0.102128595,0.9585353189307733
12,538.7578575462035,98,4.95,0.10917745,0.9668824530753111
12,538.7578575462035,99,5.0,0.10230332,0.9568861644720564
12,538.7578575462035,100,5.050000000000001,0.10202667,0.9617943038434289
12,538.7578575462035,101,5.1000000000000005,0.0992178,0.9530503264259943
12,538.7578575462035,102,5.15,0.09927371,0.9597626477342256
12,538.7578575462035,103,5.2,0.1047081,0.9590387843611966
12,538.7578575462035,104,5.25,0.10125387,0.9658792626760471
12,538.7578575462035,105,5.300000000000001,0.11032052,0.9589202213226442
12,538.7578575462035,106,5.3500000000000005,0.112842634,0.9646327951894926
12,538.7578575462035,107,5.4,0.11269348,0.9567062146055244
12,538.7578575462035,108,5.45,0.103219554,0.9568990002379908
12,538.7578575462035,109,5.5,0.101552255,0.9556200272477455
12,538.7578575462035,110,5.550000000000001,0.10265103,0.9594527547986743
12,538.7578575462035,111,5.6000000000000005,0.10113135,0.9619230381118076
12,538.7578575462035,112,5.65,0.10265779,0.9530308748873372
12,538.7578575462035,113,5.7,0.107156016,0.9583115754365397
12,538.7578575462035,114,5.75,0.1110763,0.9632342538982666
12,538.7578575462035,115,5.800000000000001,0.10075603,0.9602700993492889
12,538.7578575462035,116,5.8500000000000005,0.10946453,0.9540544959663837
12,538.7578575462035,117,5.9,0.1118231,0.9553330986229935
12,538.7578575462035,118,5.95,0.105167456,0.956718376234551
12,538.7578575462035,119,6.0,0.09600161,0.9538672687493216
12,538.7578575462035,120,6.050000000000001,0.103663765,0.9582312644065156
12,538.7578575462035,121,6.1000000000000005,0.10009733,0.9574012906895607
12,538.7578575462035,122,6.15,0.1117595,0.9626494806571733
12,538.7578575462035,123,6.2,0.101815715,0.9548641202855188
12,538.7578575462035,124,6.25,0.108147405,0.9586607821967891
12,538.7578575462035,125,6.300000000000001,0.10149504,0.9596370069009886
12,538.7578575462035,126,6.3500000000000005,0.10440462,0.9628550039186523
12,538.7578575462035,127,6.4,0.1012179,0.9559980953538573
12,538.7578575462035,128,6.45,0.1016717,0.9595701256002472
12,538.7578575462035,129,6.5,0.10626557,0.9591853838431396
12,538.7578575462035,130,6.550000000000001,0.10194166,0.9609670965510632
12,538.7578575462035,131,6.6000000000000005,0.09346845,0.9569115759074968
12,538.7578575462035,132,6.65,0.103016086,0.9524609511363635
12,538.7578575462035,133,6.7,0.10055878,0.9656800049885229
12,538.7578575462035,134,6.75,0.10402527,0.9606594240166837
12,538.7578575462035,135,6.800000000000001,0.09792665,0.9544904557565342
12,538.7578575462035,136,6.8500000000000005,0.09724345,0.9533498296861668
12,538.7578575462035,137,6.9,0.09757987,0.9587243685818965
12,538.7578575462035,138,6.95,0.10844282,0.9560169336161588
12,538.7578575462035,139,7.0,0.1055082,0.9540065644499004
12,538.7578575462035,140,7.050000000000001,0.104721345,0.9586990498241202
12,538.7578575462035,141,7.1000000000000005,0.10976193,0.9543794272512311
12,538.7578575462035,142,7.15,0.10588715,0.9541794806472248
12,538.7578575462035,143,7.2,0.10197823,0.960153649723629
12,538.7578575462035,144,7.25,0.09599167,0.9630320098820149
12,538.7578575462035,145,7.300000000000001,0.101468556,0.9547166023043908
12,538.7578575462035,146,7.3500000000000005,0.09421494,0.9603931526338464
12,538.7578575462035,147,7.4,0.1062566,0.9571684995355922
12,538.7578575462035,148,7.45,0.10642373,0.9691127427031255
12,538.7578575462035,149,7.5,0.09422874,0.963993664855704
12,538.7578575462035,150,7.550000000000001,0.10573065,0.9579600678729316
12,538.7578575462035,151,7.6000000000000005,0.10247097,0.9595488933217307
12,538.7578575462035,152,7.65,0.10594445,0.9632967557917013
12,538.7578575462035,153,7.7,0.09913476,0.9533879996721181
12,538.7578575462035,154,7.75,0.10818989,0.9648984266789761
12,538.7578575462035,155,7.800000000000001,0.107932344,0.9627865681972378
12,538.7578575462035,156,7.8500000000000005,0.096591316,0.9600590215250692
12,538.7578575462035,157,7.9,0.09743939,0.9591593983389888
12,538.7578575462035,158,7.95,0.10014755,0.9611861257969551
12,538.7578575462035,159,8.0,0.102171876,0.9646699152920502
12,538.7578575462035,160,8.05,0.10350222,0.9612521039966166
12,538.7578575462035,161,8.1,0.10170837,0.9608841777348271
12,538.7578575462035,162,8.15,0.10763071,0.9594344094897046
12,538.7578575462035,163,8.200000000000001,0.104721345,0.9618310650590988
12,538.7578575462035,164,8.25,0.10430658,0.9691464933044625
12,538.7578575462035,165,8.3,0.10621579,0.96484698547882
12,538.7578575462035,166,8.35,0.099319994,0.9602874583191109
12,538.7578575462035,167,8.4,0.10210907,0.9655463463017243
12,538.7578575462035,168,8.450000000000001,0.10256231,0.9593576475611045
12,538.7578575462035,169,8.5,0.10234653,0.962016739754269
12,538.7578575462035,170,8.55,0.10858503,0.9543095204908565
12,538.7578575462035,171,8.6,0.09936537,0.9611779203265091
12,538.7578575462035,172,8.65,0.10941621,0.9608065717496672
12,538.7578575462035,173,8.700000000000001,0.09758165,0.9553974293201586
12,538.7578575462035,174,8.75,0.10942414,0.9609122621641466
12,538.7578575462035,175,8.8,0.096609265,0.9652694581990646
12,538.7578575462035,176,8.85,0.10194166,0.952530102963635
12,538.7578575462035,177,8.9,0.10113821,0.9527521741568243
12,538.7578575462035,178,8.950000000000001,0.104671665,0.9614178123467902
12,538.7578575462035,179,9.0,0.10777077,0.9555014726326058
12,538.7578575462035,180,9.05,0.10680673,0.9590338004246959
12,538.7578575462035,181,9.1,0.10508004,0.9583083206953025
12,538.7578575462035,182,9.15,0.09749543,0.9555046925644906
12,538.7578575462035,183,9.200000000000001,0.11063521,0.9676963618393616
12,538.7578575462035,184,9.25,0.10072246,0.9643482014599564
12,538.7578575462035,185,9.3,0.10386846,0.9575177879835154
12,538.7578575462035,186,9.35,0.11141142,0.9578937284073626
12,538.7578575462035,187,9.4,0.10122389,0.9605005679727159
12,538.7578575462035,188,9.450000000000001,0.10315906,0.9617316928119165
12,538.7578575462035,189,9.5,0.10543093,0.9586278163641907
12,538.7578575462035,190,9.55,0.10802469,0.964141147582593
12,538.7578575462035,191,9.600000000000001,0.10971452,0.9616850687598708
12,538.7578575462035,192,9.65,0.09276456,0.9559518704305796
12,538.7578575462035,193,9.700000000000001,0.096330665,0.9629816307825704
12,538.7578575462035,194,9.75,0.105871595,0.9609814815826977
12,538.7578575462035,195,9.8,0.10188211,0.961105829300255
12,538.7578575462035,196,9.850000000000001,0.09807085,0.9626669184607893
12,538.7578575462035,197,9.9,0.10801746,0.954421895787228
12,538.7578575462035,198,9.950000000000001,0.09898247,0.9575588521908812
12,538.7578575462035,199,10.0,0.10668572,0.9641997314641662
12,538.7578575462035,200,10.05,0.10629819,0.9602874735908492
12,538.7578575462035,201,10.100000000000001,0.10649783,0.9643748362937378
12,538.7578575462035,202,10.15,0.09560887,0.9601308975451415
12,538.7578575462035,203,10.200000000000001,0.097047105,0.9577805565639443
12,538.7578575462035,204,10.25,0.104397975,0.9633662313495901
12,538.7578575462035,205,10.3,0.10441292,0.9644182485407927
12,538.7578575462035,206,10.350000000000001,0.09908752,0.9616844928236643
12,538.7578575462035,207,10.4,0.100735374,0.9610880662788541
12,538.7578575462035,208,10.450000000000001,0.10677589,0.9630729988084035
12,538.7578575462035,209,10.5,0.10251412,0.9592976224775195
12,538.7578575462035,210,10.55,0.10174842,0.9546326745500281
12,538.7578575462035,211,10.600000000000001,0.10425919,0.9543301313133483
12,538.7578575462035,212,10.65,0.099414214,0.9582529858821021
12,538.7578575462035,213,10.700000000000001,0.105839655,0.9590352840722192
12,538.7578575462035,214,10.75,0.09556079,0.9586271683241313
12,538.7578575462035,215,10.8,0.108450815,0.9570514838757425
12,538.7578575462035,216,10.850000000000001,0.09870267,0.9596559423117094
12,538.7578575462035,217,10.9,0.10429079,0.9586048826805308
12,538.7578575462035,218,10.950000000000001,0.10455232,0.960875912234552
12,538.7578575462035,219,11.0,0.10365373,0.9574454703518259
12,538.7578575462035,220,11.05,0.10363784,0.9614740297276826
12,538.7578575462035,221,11.100000000000001,0.11101697,0.9620654938931344
12,538.7578575462035,222,11.15,0.10335721,0.9604578786104757
12,538.7578575462035,223,11.200000000000001,0.09942904,0.9569115612187363
12,538.7578575462035,224,11.25,0.103820875,0.9613304583605256
12,538.7578575462035,225,11.3,0.106153734,0.963112122397847
12,538.7578575462035,226,11.350000000000001,0.104476005,0.9696035568579294
12,538.7578575462035,227,11.4,0.10568636,0.9639632119941974
12,538.7578575462035,228,11.450000000000001,0.099313006,0.9621939756679857
12,538.7578575462035,229,11.5,0.098743066,0.9575193037546762
12,538.7578575462035,230,11.55,0.10210142,0.9591166022175118
12,538.7578575462035,231,11.600000000000001,0.10080764,0.9570665738869281
12,538.7578575462035,232,11.65,0.09788503,0.9611857880185123
12,538.7578575462035,233,11.700000000000001,0.09872199,0.9575924252121603
12,538.7578575462035,234,11.75,0.10252511,0.951895070120768
12,538.7578575462035,235,11.8,0.09998814,0.9616528206638587
12,538.7578575462035,236,11.850000000000001,0.10491655,0.962166534051721
12,538.7578575462035,237,11.9,0.10463936,0.9605910579161757
12,538.7578575462035,238,11.950000000000001,0.10280547,0.9624990089385413
12,538.7578575462035,239,12.0,0.09891851,0.9648695541995124
12,538.7578575462035,240,12.05,0.10010513,0.9624570374399476
12,538.7578575462035,241,12.100000000000001,0.10649295,0.9566449016457651
12,538.7578575462035,242,12.15,0.10275908,0.9587600540010861
12,538.7578575462035,243,12.200000000000001,0.09799038,0.9618280842798909
12,538.7578575462035,244,12.25,0.10875337,0.9626505633411939
12,538.7578575462035,245,12.3,0.10949304,0.9627092332865076
12,538.7578575462035,246,12.350000000000001,0.107907444,0.9631121678414089
12,538.7578575462035,247,12.4,0.094285764,0.9585744262384328
12,538.7578575462035,248,12.450000000000001,0.0972791,0.9668109614963907
12,538.7578575462035,249,12.5,0.10972638,0.9589027577732341
12,538.7578575462035,250,12.55,0.10860419,0.9609649594190535
12,538.7578575462035,251,12.600000000000001,0.10479004,0.96113262955698
12,538.7578575462035,252,12.65,0.10558623,0.9653283631117652
12,538.7578575462035,253,12.700000000000001,0.10112106,0.9590682269902873
12,538.7578575462035,254,12.75,0.1098693,0.9589503397015233
12,538.7578575462035,255,12.8,0.11466191,0.9620363294069393
12,538.7578575462035,256,12.850000000000001,0.10652144,0.9653876398133842
12,538.7578575462035,257,12.9,0.107966885,0.9636358218579266
12,538.7578575462035,258,12.950000000000001,0.10358763,0.9618833106936996
12,538.7578575462035,259,13.0,0.10061309,0.9564520473617666
12,538.7578575462035,260,13.05,0.105625644,0.9585957185500086
12,538.7578575462035,261,13.100000000000001,0.105216905,0.9646444119803963
12,538.7578575462035,262,13.15,0.10336225,0.9588196235968873
12,538.7578575462035,263,13.200000000000001,0.10146941,0.959019636160936
12,538.7578575462035,264,13.25,0.10437887,0.958787604619817
12,538.7578575462035,265,13.3,0.10652551,0.9647873160500111
12,538.7578575462035,266,13.350000000000001,0.100301534,0.9522791848993623
12,538.7578575462035,267,13.4,0.101547986,0.9644620223627046
12,538.7578575462035,268,13.450000000000001,0.10184722,0.9617062696955211
12,538.7578575462035,269,13.5,0.11250407,0.9655715517906632
12,538.7578575462035,270,13.55,0.0984573,0.9554729486891804
12,538.7578575462035,271,13.600000000000001,0.10413605,0.9571809627773424
12,538.7578575462035,272,13.65,0.09676619,0.9661336505157332
12,538.7578575462035,273,13.700000000000001,0.104727976,0.9571210451239462
12,538.7578575462035,274,13.75,0.10372396,0.9639308900224297
12,538.7578575462035,275,13.8,0.107208595,0.9607092810821776
12,538.7578575462035,276,13.850000000000001,0.10018304,0.9558278923584501
12,538.7578575462035,277,13.9,0.1103551,0.9658335117329361
12,538.7578575462035,278,13.950000000000001,0.11112078,0.9639819466034013
12,538.7578575462035,279,14.0,0.10416935,0.9581701771816922
12,538.7578575462035,280,14.05,0.098767646,0.9576283965327332
12,538.7578575462035,281,14.100000000000001,0.104862,0.9625649023734899
12,538.7578575462035,282,14.15,0.11880979,0.9695779087167916
12,538.7578575462035,283,14.200000000000001,0.1040336,0.955915342199322
12,538.7578575462035,284,14.25,0.10407526,0.9578799444198337
12,538.7578575462035,285,14.3,0.1040386,0.9639400209679682
12,538.7578575462035,286,14.350000000000001,0.105291046,0.9582131769630461
12,538.7578575462035,287,14.4,0.092203036,0.959988331519512
12,538.7578575462035,288,14.450000000000001,0.09775209,0.9589109631750665
12,538.7578575462035,289,14.5,0.10182678,0.9639815124303482
12,538.7578575462035,290,14.55,0.11350222,0.9641473986745593
12,538.7578575462035,291,14.600000000000001,0.11003252,0.9596106837369343
12,538.7578575462035,292,14.65,0.10166318,0.9626013263710376
12,538.7578575462035,293,14.700000000000001,0.11664023,0.9677601416389552
12,538.7578575462035,294,14.75,0.09576199,0.9589513534204678
12,538.7578575462035,295,14.8,0.108762935,0.955259969430359
12,538.7578575462035,296,14.850000000000001,0.11203997,0.9636815241361438
12,538.7578575462035,297,14.9,0.10427583,0.9610830177171173
12,538.7578575462035,298,14.950000000000001,0.10280463,0.9568725925922198
12,538.7578575462035,299,15.0,0.104086086,0.9600257012839688
12,538.7578575462035,300,15.05,0.098474026,0.9579584055488204
12,538.7578575462035,301,15.100000000000001,0.10156591,0.9576811666352895
12,538.7578575462035,302,15.15,0.10244983,0.9547113102811458
12,538.7578575462035,303,15.200000000000001,0.10671416,0.9625723248060154
12,538.7578575462035,304,15.25,0.108754165,0.9641435620712802
12,538.7578575462035,305,15.3,0.107579134,0.9627091631833635
12,538.7578575462035,306,15.350000000000001,0.106476665,0.9657464505663681
12,538.7578575462035,307,15.4,0.11036531,0.9660532620829739
12,538.7578575462035,308,15.450000000000001,0.10807844,0.963556830849106
12,538.7578575462035,309,15.5,0.100547574,0.9607178473236964
12,538.7578575462035,310,15.55,0.10528117,0.9636570142600961
12,538.7578575462035,311,15.600000000000001,0.09621179,0.9628143025581761
12,538.7578575462035,312,15.65,0.11019,0.9609835678814957
12,538.7578575462035,313,15.700000000000001,0.107465446,0.9684538874346262
12,538.7578575462035,314,15.75,0.114006,0.9652654537751542
12,538.7578575462035,315,15.8,0.099182844,0.9639152462503873
12,538.7578575462035,316,15.850000000000001,0.106018074,0.9541967204009251
12,538.7578575462035,317,15.9,0.09619557,0.9458334215754841
12,538.7578575462035,318,15.950000000000001,0.10443368,0.9653429465153095
12,538.7578575462035,319,16.0,0.10545231,0.9586105834578234
12,538.7578575462035,320,16.05,0.10681323,0.9652837279544667
12,538.7578575462035,321,16.1,0.10273545,0.9609516824841002
12,538.7578575462035,322,16.150000000000002,0.108221136,0.9598383029979458
12,538.7578575462035,323,16.2,0.107920304,0.959646776695357
12,538.7578575462035,324,16.25,0.10714146,0.9639487313794756
12,538.7578575462035,325,16.3,0.104270004,0.9645822985866184
12,538.7578575462035,326,16.35,0.10895806,0.9664099823301429
12,538.7578575462035,327,16.400000000000002,0.106264755,0.9581551960239201
12,538.7578575462035,328,16.45,0.1124532,0.9633024667350198
12,538.7578575462035,329,16.5,0.106283516,0.9680577342133393
12,538.7578575462035,330,16.55,0.104258366,0.9582684736355307
12,538.7578575462035,331,16.6,0.10789379,0.9606433408184313
12,538.7578575462035,332,16.650000000000002,0.103773266,0.9636697463104639
12,538.7578575462035,333,16.7,0.103131324,0.9600725981084899
12,538.7578575462035,334,16.75,0.09950662,0.964694962665385
12,538.7578575462035,335,16.8,0.10145318,0.9665190412871463
12,538.7578575462035,336,16.85,0.10205386,0.9612927612928523
12,538.7578575462035,337,16.900000000000002,0.10200968,0.9668220141239169
12,538.7578575462035,338,16.95,0.10383757,0.9561899053940397
12,538.7578575462035,339,17.0,0.10718676,0.9600005473766067
12,538.7578575462035,340,17.05,0.10640336,0.9645657855960295
12,538.7578575462035,341,17.1,0.10464184,0.9626504265392569
12,538.7578575462035,342,17.150000000000002,0.10488349,0.9594647460816116
12,538.7578575462035,343,17.2,0.10337315,0.962233246857697
12,538.7578575462035,344,17.25,0.11432191,0.9714346577656874
12,538.7578575462035,345,17.3,0.10447269,0.968100719668076
12,538.7578575462035,346,17.35,0.10193486,0.9609231771772612
12,538.7578575462035,347,17.400000000000002,0.103210315,0.9596635699447917
12,538.7578575462035,348,17.45,0.10033523,0.9643570087138105
12,538.7578575462035,349,17.5,0.09486604,0.9584386623631881
12,538.7578575462035,350,17.55,0.11010656,0.9701889153174473
12,538.7578575462035,351,17.6,0.10864171,0.9624209120244352
12,538.7578575462035,352,17.650000000000002,0.100697495,0.9582350276055328
12,538.7578575462035,353,17.7,0.10381419,0.956731527427672
12,538.7578575462035,354,17.75,0.10484133,0.9597627879971391
12,538.7578575462035,355,17.8,0.10638951,0.9528547745528715
12,538.7578575462035,356,17.85,0.10721426,0.962762546530099
12,538.7578575462035,357,17.900000000000002,0.104846284,0.9621188673191999
12,538.7578575462035,358,17.95,0.10523833,0.9545282177898551
12,538.7578575462035,359,18.0,0.10590598,0.9597896805658237
12,538.7578575462035,360,18.05,0.10448513,0.9623710729596049
12,538.7578575462035,361,18.1,0.10396441,0.9605075685036162
12,538.7578575462035,362,18.150000000000002,0.10292853,0.9596093061181407
12,538.7578575462035,363,18.2,0.10146001,0.9627648529204633
12,538.7578575462035,364,18.25,0.108608186,0.9637147825206666
12,538.7578575462035,365,18.3,0.10103271,0.9612643921482172
12,538.7578575462035,366,18.35,0.10428414,0.9622507152055817
12,538.7578575462035,367,18.400000000000002,0.10653935,0.957191762481126
12,538.7578575462035,368,18.45,0.09233834,0.9579293821603807
12,538.7578575462035,369,18.5,0.10670929,0.9577437599533686
12,538.7578575462035,370,18.55,0.098857135,0.9558684770171777
12,538.7578575462035,371,18.6,0.10389767,0.957381639985514
12,538.7578575462035,372,18.650000000000002,0.10690491,0.9564915102101843
12,538.7578575462035,373,18.7,0.104066096,0.9595460894804095
12,538.7578575462035,374,18.75,0.10594363,0.9575055010062333
12,538.7578575462035,375,18.8,0.10880279,0.9559454584668902
12,538.7578575462035,376,18.85,0.11193856,0.9585762985861397
12,538.7578575462035,377,18.900000000000002,0.10003928,0.9556122457480585
12,538.7578575462035,378,18.95,0.10787289,0.9597920246925435
12,538.7578575462035,379,19.0,0.10366961,0.9563976937849418
12,538.7578575462035,380,19.05,0.101735644,0.9640631208438477
12,538.7578575462035,381,19.1,0.10512953,0.9625545625830411
12,538.7578575462035,382,19.150000000000002,0.110307954,0.9640573643455399
12,538.7578575462035,383,19.200000000000003,0.10447103,0.9618708282118206
12,538.7578575462035,384,19.25,0.10591908,0.9584727401923513
12,538.7578575462035,385,19.3,0.09819365,0.9603823049185257
12,538.7578575462035,386,19.35,0.10485869,0.9591068585337148
12,538.7578575462035,387,19.400000000000002,0.111198,0.9622947346090839
12,538.7578575462035,388,19.450000000000003,0.10423757,0.965690283572939
12,538.7578575462035,389,19.5,0.09886766,0.9605178845227804
12,538.7578575462035,390,19.55,0.09536553,0.9613591030748762
12,538.7578575462035,391,19.6,0.10634957,0.9616328456663985
12,538.7578575462035,392,19.650000000000002,0.10392187,0.9546139785298787
12,538.7578575462035,393,19.700000000000003,0.097893886,0.9548390467171551
12,538.7578575462035,394,19.75,0.10511964,0.9601691160808395
12,538.7578575462035,395,19.8,0.10852434,0.9630685012409819
12,538.7578575462035,396,19.85,0.105542704,0.9606989797053731
12,538.7578575462035,397,19.900000000000002,0.11403945,0.9602855261275031
12,538.7578575462035,398,19.950000000000003,0.10188041,0.9561685682288135
12,538.7578575462035,399,20.0,0.1001614,0.9581761058638648
13,567.3280695650553,0,0.05,0.10515262,0.9545053480634509
13,567.3280695650553,1,0.1,0.09869037,0.9570597921310535
13,567.3280695650553,2,0.15000000000000002,0.10841403,0.9648635512476754
13,567.3280695650553,3,0.2,0.109095626,0.9581380081778214
13,567.3280695650553,4,0.25,0.10421428,0.9627582399866464
13,567.3280695650553,5,0.30000000000000004,0.10145574,0.9545669203205117
13,567.3280695650553,6,0.35000000000000003,0.09942992,0.966628211795848
13,567.3280695650553,7,0.4,0.105978,0.9695502641581163
13,567.3280695650553,8,0.45,0.1052062,0.9548489174517069
13,567.3280695650553,9,0.5,0.11076913,0.9614760258864263
13,567.3280695650553,10,0.55,0.103190996,0.9595243585686838
13,567.3280695650553,11,0.6000000000000001,0.10458383,0.9592659483575365
13,567.3280695650553,12,0.65,0.09841678,0.9571847637594973
13,567.3280695650553,13,0.7000000000000001,0.097337015,0.9562085556575927
13,567.3280695650553,14,0.75,0.106558055,0.9652762001979773
13,567.3280695650553,15,0.8,0.10357674,0.9567011017341506
13,567.3280695650553,16,0.8500000000000001,0.09935927,0.9656046257642741
13,567.3280695650553,17,0.9,0.10083946,0.951148723732082
13,567.3280695650553,18,0.9500000000000001,0.09969464,0.9615718715106415
13,567.3280695650553,19,1.0,0.11020888,0.966941873939805
13,567.3280695650553,20,1.05,0.10926556,0.9651214739394061
13,567.3280695650553,21,1.1,0.11321618,0.9572102038371554
13,567.3280695650553,22,1.1500000000000001,0.10693734,0.9592566573731164
13,567.3280695650553,23,1.2000000000000002,0.09991267,0.9573960006983159
13,567.3280695650553,24,1.25,0.105013184,0.9663416048092367
13,567.3280695650553,25,1.3,0.10507344,0.9627929994848398
13,567.3280695650553,26,1.35,0.09916973,0.9632552536020669
13,567.3280695650553,27,1.4000000000000001,0.09779021,0.9564120282387808
13,567.3280695650553,28,1.4500000000000002,0.099421196,0.9542869493818033
13,567.3280695650553,29,1.5,0.10691059,0.9718360842587824
13,567.3280695650553,30,1.55,0.10820351,0.9678054223445627
13,567.3280695650553,31,1.6,0.099024504,0.9558582251429293
13,567.3280695650553,32,1.6500000000000001,0.09793816,0.9580578847604724
13,567.3280695650553,33,1.7000000000000002,0.10362528,0.9654508671485442
13,567.3280695650553,34,1.75,0.09987709,0.958458901267021
13,567.3280695650553,35,1.8,0.10633245,0.9611176795829741
13,567.3280695650553,36,1.85,0.093578756,0.9514527617841707
13,567.3280695650553,37,1.9000000000000001,0.09379715,0.959119513959857
13,567.3280695650553,38,1.9500000000000002,0.1072094,0.9596392403701789
13,567.3280695650553,39,2.0,0.10329092,0.962789175707775
13,567.3280695650553,40,2.0500000000000003,0.10419431,0.9580438049719339
13,567.3280695650553,41,2.1,0.09772281,0.9607550206698195
13,567.3280695650553,42,2.15,0.100920245,0.955665608089066
13,567.3280695650553,43,2.2,0.10427084,0.9634324655534647
13,567.3280695650553,44,2.25,0.10678725,0.957926238811787
13,567.3280695650553,45,2.3000000000000003,0.10169303,0.9523380046003902
13,567.3280695650553,46,2.35,0.108028695,0.9551850148171924
13,567.3280695650553,47,2.4000000000000004,0.10707022,0.9620336384263056
13,567.3280695650553,48,2.45,0.09980415,0.9525697705032314
13,567.3280695650553,49,2.5,0.105690464,0.9577346380362217
13,567.3280695650553,50,2.5500000000000003,0.10456394,0.9552659492448328
13,567.3280695650553,51,2.6,0.09990053,0.9578334375225339
13,567.3280695650553,52,2.6500000000000004,0.100305855,0.9551269501572661
13,567.3280695650553,53,2.7,0.095406435,0.9575392059110804
13,567.3280695650553,54,2.75,0.1034905,0.9550862866118243
13,567.3280695650553,55,2.8000000000000003,0.11945458,0.9682287297643412
13,567.3280695650553,56,2.85,0.102457434,0.9590124604252188
13,567.3280695650553,57,2.9000000000000004,0.10540379,0.9650279759753309
13,567.3280695650553,58,2.95,0.10871271,0.9560384513242699
13,567.3280695650553,59,3.0,0.10532068,0.957010344969791
13,567.3280695650553,60,3.0500000000000003,0.105976366,0.9548951478300796
13,567.3280695650553,61,3.1,0.09693805,0.9582350370913163
13,567.3280695650553,62,3.1500000000000004,0.098831706,0.9564115211346514
13,567.3280695650553,63,3.2,0.102856904,0.9491193015316294
13,567.3280695650553,64,3.25,0.10084547,0.9665313065925287
13,567.3280695650553,65,3.3000000000000003,0.10307667,0.9677251309200945
13,567.3280695650553,66,3.35,0.10788896,0.9645105077172735
13,567.3280695650553,67,3.4000000000000004,0.11314187,0.960893498968366
13,567.3280695650553,68,3.45,0.09732722,0.9596261913097275
13,567.3280695650553,69,3.5,0.09933744,0.9580765938605255
13,567.3280695650553,70,3.5500000000000003,0.11458098,0.9611142313779182
13,567.3280695650553,71,3.6,0.10493142,0.9540654059496371
13,567.3280695650553,72,3.6500000000000004,0.10141813,0.9623180014382751
13,567.3280695650553,73,3.7,0.10670522,0.9569183553754605
13,567.3280695650553,74,3.75,0.09807439,0.9604635423800275
13,567.3280695650553,75,3.8000000000000003,0.10258766,0.9575522812152548
13,567.3280695650553,76,3.85,0.10644002,0.9679050177123016
13,567.3280695650553,77,3.9000000000000004,0.09745007,0.955079034721122
13,567.3280695650553,78,3.95,0.10720455,0.9638323795677687
13,567.3280695650553,79,4.0,0.09991788,0.9516475555569358
13,567.3280695650553,80,4.05,0.101580426,0.9545245801830583
13,567.3280695650553,81,4.1000000000000005,0.09709623,0.9523975152210656
13,567.3280695650553,82,4.15,0.10226857,0.9579012783474191
13,567.3280695650553,83,4.2,0.09988056,0.9553605143253301
13,567.3280695650553,84,4.25,0.10361859,0.9626757996424156
13,567.3280695650553,85,4.3,0.123919584,0.9670214062728795
13,567.3280695650553,86,4.3500000000000005,0.11461351,0.9661305477931714
13,567.3280695650553,87,4.4,0.11051054,0.9587771448338692
13,567.3280695650553,88,4.45,0.099211685,0.9608348567620051
13,567.3280695650553,89,4.5,0.109754816,0.9569233559484559
13,567.3280695650553,90,4.55,0.10210142,0.9586157402222741
13,567.3280695650553,91,4.6000000000000005,0.106325924,0.9531531550688009
13,567.3280695650553,92,4.65,0.10910198,0.9618179539364368
13,567.3280695650553,93,4.7,0.10115707,0.9584918981465601
13,567.3280695650553,94,4.75,0.10685867,0.9646119274143026
13,567.3280695650553,95,4.800000000000001,0.101694725,0.9573419802444986
13,567.3280695650553,96,4.8500000000000005,0.10099152,0.9642727560709357
13,567.3280695650553,97,4.9,0.09420942,0.9584940283893939
13,567.3280695650553,98,4.95,0.10472052,0.960153083257
13,567.3280695650553,99,5.0,0.10813939,0.958470456413328
13,567.3280695650553,100,5.050000000000001,0.11202372,0.9573832799438401
13,567.3280695650553,101,5.1000000000000005,0.10216169,0.9580782057523495
13,567.3280695650553,102,5.15,0.09805052,0.9588112148692091
13,567.3280695650553,103,5.2,0.09952056,0.9641289270353969
13,567.3280695650553,104,5.25,0.1048223,0.9528052912769694
13,567.3280695650553,105,5.300000000000001,0.10022716,0.9534708605714509
13,567.3280695650553,106,5.3500000000000005,0.11919883,0.9631359158212812
13,567.3280695650553,107,5.4,0.10879003,0.9588696044396554
13,567.3280695650553,108,5.45,0.10370307,0.9672053688458995
13,567.3280695650553,109,5.5,0.10271604,0.9564101495267292
13,567.3280695650553,110,5.550000000000001,0.099027134,0.9568150175805243
13,567.3280695650553,111,5.6000000000000005,0.11139897,0.9574835376845771
13,567.3280695650553,112,5.65,0.112087935,0.9635050824904287
13,567.3280695650553,113,5.7,0.10762426,0.9545447777073393
13,567.3280695650553,114,5.75,0.094898924,0.9627559104048623
13,567.3280695650553,115,5.800000000000001,0.09666848,0.9658865289663187
13,567.3280695650553,116,5.8500000000000005,0.10458548,0.9690541921649954
13,567.3280695650553,117,5.9,0.10292515,0.9624137930973524
13,567.3280695650553,118,5.95,0.09698813,0.9552667423094213
13,567.3280695650553,119,6.0,0.10907417,0.9602297835680121
13,567.3280695650553,120,6.050000000000001,0.10196973,0.9585043357996927
13,567.3280695650553,121,6.1000000000000005,0.09887555,0.9613421125337369
13,567.3280695650553,122,6.15,0.107852794,0.9661713463018587
13,567.3280695650553,123,6.2,0.103957735,0.9652320080264648
13,567.3280695650553,124,6.25,0.09875624,0.9621475357386291
13,567.3280695650553,125,6.300000000000001,0.109606214,0.9632888986754237
13,567.3280695650553,126,6.3500000000000005,0.10636179,0.9616347145787972
13,567.3280695650553,127,6.4,0.104772665,0.9677825184344824
13,567.3280695650553,128,6.45,0.108513944,0.9566193826729367
13,567.3280695650553,129,6.5,0.10526057,0.948356538933688
13,567.3280695650553,130,6.550000000000001,0.10204112,0.952215097957439
13,567.3280695650553,131,6.6000000000000005,0.09769264,0.959520253175
13,567.3280695650553,132,6.65,0.103040494,0.9648999662270018
13,567.3280695650553,133,6.7,0.10250312,0.9682100892959349
13,567.3280695650553,134,6.75,0.1100916,0.9666319311955135
13,567.3280695650553,135,6.800000000000001,0.10418183,0.9608807142657757
13,567.3280695650553,136,6.8500000000000005,0.103468716,0.9593673575359073
13,567.3280695650553,137,6.9,0.09497655,0.9463654419342094
13,567.3280695650553,138,6.95,0.10917269,0.9615991717462717
13,567.3280695650553,139,7.0,0.1007302,0.9529971173809832
13,567.3280695650553,140,7.050000000000001,0.098678954,0.966329141139759
13,567.3280695650553,141,7.1000000000000005,0.09647097,0.9560541475999114
13,567.3280695650553,142,7.15,0.10942809,0.9588236465606148
13,567.3280695650553,143,7.2,0.09974506,0.9619948726494217
13,567.3280695650553,144,7.25,0.10758559,0.9585957987579002
13,567.3280695650553,145,7.300000000000001,0.09703996,0.9541052914738238
13,567.3280695650553,146,7.3500000000000005,0.10428996,0.9558670515564518
13,567.3280695650553,147,7.4,0.10206321,0.9571328815362494
13,567.3280695650553,148,7.45,0.10918142,0.9631264953080625
13,567.3280695650553,149,7.5,0.10671416,0.9583662162073684
13,567.3280695650553,150,7.550000000000001,0.10751062,0.955165227944431
13,567.3280695650553,151,7.6000000000000005,0.098121226,0.9541860870564705
13,567.3280695650553,152,7.65,0.10781179,0.9693751397528533
13,567.3280695650553,153,7.7,0.10589616,0.954854181826966
13,567.3280695650553,154,7.75,0.10481982,0.9596709784057765
13,567.3280695650553,155,7.800000000000001,0.1053322,0.9598753875195715
13,567.3280695650553,156,7.8500000000000005,0.11022382,0.9591111658770262
13,567.3280695650553,157,7.9,0.09959196,0.9561186942685055
13,567.3280695650553,158,7.95,0.103460334,0.9723141554833932
13,567.3280695650553,159,8.0,0.105534494,0.9513232733465133
13,567.3280695650553,160,8.05,0.10398359,0.9642123093647647
13,567.3280695650553,161,8.1,0.1056921,0.9556490479743769
13,567.3280695650553,162,8.15,0.10344106,0.9703079657243672
13,567.3280695650553,163,8.200000000000001,0.100575164,0.9617226548324509
13,567.3280695650553,164,8.25,0.10263836,0.967018920001717
13,567.3280695650553,165,8.3,0.107081555,0.959925884915158
13,567.3280695650553,166,8.35,0.10298831,0.9595799569437863
13,567.3280695650553,167,8.4,0.10291083,0.9605039200144144
13,567.3280695650553,168,8.450000000000001,0.10897954,0.9650676823287161
13,567.3280695650553,169,8.5,0.10248367,0.9618926308007071
13,567.3280695650553,170,8.55,0.10904952,0.9686321868050235
13,567.3280695650553,171,8.6,0.10797652,0.9565630424691177
13,567.3280695650553,172,8.65,0.09736284,0.9587912816838815
13,567.3280695650553,173,8.700000000000001,0.10265019,0.9645436164586292
13,567.3280695650553,174,8.75,0.104099415,0.9571224933358667
13,567.3280695650553,175,8.8,0.10504042,0.9579359060273358
13,567.3280695650553,176,8.85,0.10526469,0.965650886971761
13,567.3280695650553,177,8.9,0.098311014,0.9536065896986399
13,567.3280695650553,178,8.950000000000001,0.092061885,0.9509638103016828
13,567.3280695650553,179,9.0,0.10371811,0.9692360253195382
13,567.3280695650553,180,9.05,0.09951533,0.9511424075505296
13,567.3280695650553,181,9.1,0.10949463,0.953600797110006
13,567.3280695650553,182,9.15,0.09815392,0.9630873266179184
13,567.3280695650553,183,9.200000000000001,0.103589304,0.9604598738825872
13,567.3280695650553,184,9.25,0.1038309,0.9546661255553391
13,567.3280695650553,185,9.3,0.1045573,0.9611126540008124
13,567.3280695650553,186,9.35,0.09967811,0.9595245316596778
13,567.3280695650553,187,9.4,0.110891946,0.9651599663013904
13,567.3280695650553,188,9.450000000000001,0.104580514,0.9514439547936109
13,567.3280695650553,189,9.5,0.099076144,0.9575394049364836
13,567.3280695650553,190,9.55,0.1145068,0.9642133292722106
13,567.3280695650553,191,9.600000000000001,0.09939852,0.9599615808460408
13,567.3280695650553,192,9.65,0.11801025,0.9596679607534846
13,567.3280695650553,193,9.700000000000001,0.10387347,0.9688384401799615
13,567.3280695650553,194,9.75,0.108911105,0.9640821059333815
13,567.3280695650553,195,9.8,0.10485538,0.9663264022564225
13,567.3280695650553,196,9.850000000000001,0.102002874,0.9588274666873756
13,567.3280695650553,197,9.9,0.103223756,0.9611205897270297
13,567.3280695650553,198,9.950000000000001,0.10982036,0.9636429746104559
13,567.3280695650553,199,10.0,0.105987,0.9587135069211118
13,567.3280695650553,200,10.05,0.10598372,0.9586189406140266
13,567.3280695650553,201,10.100000000000001,0.09664964,0.9618652834742385
13,567.3280695650553,202,10.15,0.09885363,0.9618529884550048
13,567.3280695650553,203,10.200000000000001,0.10664996,0.9554892541191311
13,567.3280695650553,204,10.25,0.09781149,0.9587578030287808
13,567.3280695650553,205,10.3,0.09752477,0.9622940963979254
13,567.3280695650553,206,10.350000000000001,0.10427749,0.9574117020316378
13,567.3280695650553,207,10.4,0.10249889,0.959142139515323
13,567.3280695650553,208,10.450000000000001,0.10347458,0.9575772201493176
13,567.3280695650553,209,10.5,0.11745132,0.9673659313690642
13,567.3280695650553,210,10.55,0.10661825,0.9613845539719789
13,567.3280695650553,211,10.600000000000001,0.10677995,0.9607842927308776
13,567.3280695650553,212,10.65,0.1084652,0.9573066921683722
13,567.3280695650553,213,10.700000000000001,0.10006095,0.9703573280724751
13,567.3280695650553,214,10.75,0.09944386,0.9611023459099107
13,567.3280695650553,215,10.8,0.10189318,0.9665320306848902
13,567.3280695650553,216,10.850000000000001,0.11768877,0.9681371711551294
13,567.3280695650553,217,10.9,0.101507,0.9630593892168522
13,567.3280695650553,218,10.950000000000001,0.10317923,0.9600702285034475
13,567.3280695650553,219,11.0,0.11663503,0.9624684550777417
13,567.3280695650553,220,11.05,0.1145772,0.9653163000871638
13,567.3280695650553,221,11.100000000000001,0.10078441,0.9645892136066462
13,567.3280695650553,222,11.15,0.100786135,0.9595254589539141
13,567.3280695650553,223,11.200000000000001,0.11756568,0.967499223098672
13,567.3280695650553,224,11.25,0.10310105,0.9583486397441614
13,567.3280695650553,225,11.3,0.106723905,0.9545103266261582
13,567.3280695650553,226,11.350000000000001,0.107650034,0.9582459407206387
13,567.3280695650553,227,11.4,0.10407026,0.9610970541147404
13,567.3280695650553,228,11.450000000000001,0.09934094,0.9680498986328442
13,567.3280695650553,229,11.5,0.105877325,0.952943455479461
13,567.3280695650553,230,11.55,0.1038,0.9658658761822715
13,567.3280695650553,231,11.600000000000001,0.09910677,0.9565447261394291
13,567.3280695650553,232,11.65,0.103176706,0.956225103194141
13,567.3280695650553,233,11.700000000000001,0.10541037,0.9589019167603995
13,567.3280695650553,234,11.75,0.10920921,0.9580604059233854
13,567.3280695650553,235,11.8,0.10712608,0.9609630359261154
13,567.3280695650553,236,11.850000000000001,0.10617823,0.9587062807195251
13,567.3280695650553,237,11.9,0.10765648,0.9652646034388517
13,567.3280695650553,238,11.950000000000001,0.09447775,0.9672896687356286
13,567.3280695650553,239,12.0,0.112716556,0.9595858337610671
13,567.3280695650553,240,12.05,0.10416851,0.9551196199279084
13,567.3280695650553,241,12.100000000000001,0.10110649,0.9541726629065208
13,567.3280695650553,242,12.15,0.104794174,0.9584796302967756
13,567.3280695650553,243,12.200000000000001,0.11156151,0.9630583744535286
13,567.3280695650553,244,12.25,0.09912339,0.96120348335816
13,567.3280695650553,245,12.3,0.10824917,0.9620428327556259
13,567.3280695650553,246,12.350000000000001,0.09952491,0.9628115056816097
13,567.3280695650553,247,12.4,0.105028875,0.9616642481489169
13,567.3280695650553,248,12.450000000000001,0.10639276,0.9569708938155215
13,567.3280695650553,249,12.5,0.10465179,0.9666183657915453
13,567.3280695650553,250,12.55,0.10384509,0.9533724378343779
13,567.3280695650553,251,12.600000000000001,0.10864011,0.9694292067881815
13,567.3280695650553,252,12.65,0.11448484,0.9682344164825863
13,567.3280695650553,253,12.700000000000001,0.104114406,0.9571069653897059
13,567.3280695650553,254,12.75,0.10833724,0.9624242292587303
13,567.3280695650553,255,12.8,0.11382334,0.9678199253231439
13,567.3280695650553,256,12.850000000000001,0.102423586,0.9607932937564536
13,567.3280695650553,257,12.9,0.10275486,0.9602871261075633
13,567.3280695650553,258,12.950000000000001,0.10878684,0.9664910581168332
13,567.3280695650553,259,13.0,0.09736996,0.9616473536465119
13,567.3280695650553,260,13.05,0.1192948,0.9656693271038359
13,567.3280695650553,261,13.100000000000001,0.098526835,0.9688356452324878
13,567.3280695650553,262,13.15,0.10403027,0.9617286301428412
13,567.3280695650553,263,13.200000000000001,0.10399776,0.9536005060229397
13,567.3280695650553,264,13.25,0.11042657,0.9620330388621018
13,567.3280695650553,265,13.3,0.10663857,0.9631712653191581
13,567.3280695650553,266,13.350000000000001,0.108336434,0.9643910599563981
13,567.3280695650553,267,13.4,0.106380545,0.9625228400201445
13,567.3280695650553,268,13.450000000000001,0.10237702,0.9569893846176735
13,567.3280695650553,269,13.5,0.10631777,0.9611837452237502
13,567.3280695650553,270,13.55,0.10462941,0.9611384092122743
13,567.3280695650553,271,13.600000000000001,0.10565273,0.9612370855590717
13,567.3280695650553,272,13.65,0.10210737,0.9567358536223733
13,567.3280695650553,273,13.700000000000001,0.09870443,0.9627932797121744
13,567.3280695650553,274,13.75,0.101817414,0.9572787382399093
13,567.3280695650553,275,13.8,0.10627617,0.9595242665964738
13,567.3280695650553,276,13.850000000000001,0.09954495,0.9572181762547363
13,567.3280695650553,277,13.9,0.10019256,0.9657758874661656
13,567.3280695650553,278,13.950000000000001,0.101409584,0.96602350670089
13,567.3280695650553,279,14.0,0.09833835,0.9597084940003109
13,567.3280695650553,280,14.05,0.11118942,0.9597750678035174
13,567.3280695650553,281,14.100000000000001,0.1029841,0.959315114789829
13,567.3280695650553,282,14.15,0.103544936,0.9574337134149443
13,567.3280695650553,283,14.200000000000001,0.10744608,0.9563399575746504
13,567.3280695650553,284,14.25,0.102340594,0.9627717866832816
13,567.3280695650553,285,14.3,0.09949791,0.9596542381936383
13,567.3280695650553,286,14.350000000000001,0.10532233,0.9607995469545973
13,567.3280695650553,287,14.4,0.10335637,0.9556492406371873
13,567.3280695650553,288,14.450000000000001,0.107693516,0.9645908439909396
13,567.3280695650553,289,14.5,0.10137538,0.957544694037968
13,567.3280695650553,290,14.55,0.108136185,0.9686152237289124
13,567.3280695650553,291,14.600000000000001,0.10718757,0.9607403127280132
13,567.3280695650553,292,14.65,0.11619415,0.963894827390938
13,567.3280695650553,293,14.700000000000001,0.108087264,0.9668728352087739
13,567.3280695650553,294,14.75,0.108455606,0.9656221472471794
13,567.3280695650553,295,14.8,0.11036138,0.9507280002461616
13,567.3280695650553,296,14.850000000000001,0.10523503,0.964507485283069
13,567.3280695650553,297,14.9,0.10370307,0.9553335768940968
13,567.3280695650553,298,14.950000000000001,0.10280885,0.9565918647928416
13,567.3280695650553,299,15.0,0.09479655,0.9529655974282506
13,567.3280695650553,300,15.05,0.098205134,0.9640816775786177
13,567.3280695650553,301,15.100000000000001,0.10203262,0.962621551389361
13,567.3280695650553,302,15.15,0.11250021,0.9729297965898467
13,567.3280695650553,303,15.200000000000001,0.10845001,0.9572487200093056
13,567.3280695650553,304,15.25,0.098919384,0.9607626849732761
13,567.3280695650553,305,15.3,0.108660854,0.963224076356169
13,567.3280695650553,306,15.350000000000001,0.09889309,0.9587310321614748
13,567.3280695650553,307,15.4,0.11538024,0.9593403887461294
13,567.3280695650553,308,15.450000000000001,0.11298545,0.9606988752124357
13,567.3280695650553,309,15.5,0.107079126,0.9611449626275902
13,567.3280695650553,310,15.55,0.10704674,0.9574826568003363
13,567.3280695650553,311,15.600000000000001,0.10325734,0.9547146735273511
13,567.3280695650553,312,15.65,0.10034301,0.9552124701008731
13,567.3280695650553,313,15.700000000000001,0.10595918,0.9657252237767653
13,567.3280695650553,314,15.75,0.10189913,0.9525145168512369
13,567.3280695650553,315,15.8,0.10865687,0.9561143634745171
13,567.3280695650553,316,15.850000000000001,0.114382565,0.9675425696117242
13,567.3280695650553,317,15.9,0.10137709,0.9604271633423951
13,567.3280695650553,318,15.950000000000001,0.105009064,0.9668654432920847
13,567.3280695650553,319,16.0,0.10446107,0.9616070434381842
13,567.3280695650553,320,16.05,0.10712365,0.9585641222402032
13,567.3280695650553,321,16.1,0.111198775,0.9641352134554639
13,567.3280695650553,322,16.150000000000002,0.09833218,0.9635504091711833
13,567.3280695650553,323,16.2,0.11425895,0.9674742660751127
13,567.3280695650553,324,16.25,0.099290304,0.9650681215919721
13,567.3280695650553,325,16.3,0.11286645,0.968240172320662
13,567.3280695650553,326,16.35,0.10090134,0.9587609246565675
13,567.3280695650553,327,16.400000000000002,0.10076721,0.958222377707849
13,567.3280695650553,328,16.45,0.09896232,0.9601333446843506
13,567.3280695650553,329,16.5,0.09985105,0.9630695124954666
13,567.3280695650553,330,16.55,0.117759466,0.9673156645037888
13,567.3280695650553,331,16.6,0.09535644,0.9609887845279413
13,567.3280695650553,332,16.650000000000002,0.11266501,0.9649006899697108
13,567.3280695650553,333,16.7,0.101354,0.9602397544568626
13,567.3280695650553,334,16.75,0.10233382,0.963884400890711
13,567.3280695650553,335,16.8,0.10796768,0.9609608017619085
13,567.3280695650553,336,16.85,0.10805357,0.9601368699675308
13,567.3280695650553,337,16.900000000000002,0.099758096,0.9568408713954758
13,567.3280695650553,338,16.95,0.110881,0.9619156777582526
13,567.3280695650553,339,17.0,0.10333288,0.9601299957228269
13,567.3280695650553,340,17.05,0.10969872,0.9572808346286787
13,567.3280695650553,341,17.1,0.1005812,0.9588537373684631
13,567.3280695650553,342,17.150000000000002,0.10045613,0.960822631376991
13,567.3280695650553,343,17.2,0.103946894,0.9635376973362723
13,567.3280695650553,344,17.25,0.10445526,0.9654199983000838
13,567.3280695650553,345,17.3,0.10255724,0.961699932310268
13,567.3280695650553,346,17.35,0.10414105,0.9584080340049013
13,567.3280695650553,347,17.400000000000002,0.102463365,0.9618622749773146
13,567.3280695650553,348,17.45,0.1118882,0.9602021918676243
13,567.3280695650553,349,17.5,0.109962374,0.9600099306691073
13,567.3280695650553,350,17.55,0.098262504,0.9671844176994009
13,567.3280695650553,351,17.6,0.11262422,0.967961927018896
13,567.3280695650553,352,17.650000000000002,0.108132176,0.9619935062843472
13,567.3280695650553,353,17.7,0.10339579,0.9626423053954859
13,567.3280695650553,354,17.75,0.104659244,0.9628654423059291
13,567.3280695650553,355,17.8,0.11187503,0.9604264942082855
13,567.3280695650553,356,17.85,0.09976939,0.956131955749057
13,567.3280695650553,357,17.900000000000002,0.10256485,0.9642030836573617
13,567.3280695650553,358,17.95,0.1180624,0.9680787641628801
13,567.3280695650553,359,18.0,0.1073371,0.9615711138985283
13,567.3280695650553,360,18.05,0.11423618,0.9611095671077272
13,567.3280695650553,361,18.1,0.10279282,0.9597028793787633
13,567.3280695650553,362,18.150000000000002,0.11075348,0.9609137404346159
13,567.3280695650553,363,18.2,0.110104986,0.9632120642146151
13,567.3280695650553,364,18.25,0.11459157,0.9581137575270282
13,567.3280695650553,365,18.3,0.103704736,0.9604909279644799
13,567.3280695650553,366,18.35,0.11321005,0.9629604870958148
13,567.3280695650553,367,18.400000000000002,0.099564105,0.961659275192422
13,567.3280695650553,368,18.45,0.11426806,0.9605119152063254
13,567.3280695650553,369,18.5,0.09775297,0.9590449704302407
13,567.3280695650553,370,18.55,0.112638846,0.9678295004561273
13,567.3280695650553,371,18.6,0.10550738,0.9652626038321134
13,567.3280695650553,372,18.650000000000002,0.104664214,0.9548475849581304
13,567.3280695650553,373,18.7,0.102807164,0.9569554883994176
13,567.3280695650553,374,18.75,0.10385093,0.9688807761446573
13,567.3280695650553,375,18.8,0.10509736,0.9615020258028012
13,567.3280695650553,376,18.85,0.109783255,0.9633645530249451
13,567.3280695650553,377,18.900000000000002,0.109455824,0.9637260200707747
13,567.3280695650553,378,18.95,0.10225839,0.9556867749889731
13,567.3280695650553,379,19.0,0.10584784,0.9630253826715247
13,567.3280695650553,380,19.05,0.10134459,0.9641161885115117
13,567.3280695650553,381,19.1,0.10765325,0.9629111969782095
13,567.3280695650553,382,19.150000000000002,0.10735244,0.9601852176255922
13,567.3280695650553,383,19.200000000000003,0.1022092,0.9576667615536091
13,567.3280695650553,384,19.25,0.10672878,0.9665717050964128
13,567.3280695650553,385,19.3,0.10269494,0.9649770751250328
13,567.3280695650553,386,19.35,0.11032524,0.9622227793533977
13,567.3280695650553,387,19.400000000000002,0.10185233,0.9581327985613854
13,567.3280695650553,388,19.450000000000003,0.10595345,0.9596011541848493
13,567.3280695650553,389,19.5,0.10137795,0.960289394429674
13,567.3280695650553,390,19.55,0.10530339,0.9562753385850516
13,567.3280695650553,391,19.6,0.111695096,0.9581782215880498
13,567.3280695650553,392,19.650000000000002,0.10178676,0.9570260349571379
13,567.3280695650553,393,19.700000000000003,0.107137404,0.968336428930004
13,567.3280695650553,394,19.75,0.1070937,0.9680009338936958
13,567.3280695650553,395,19.8,0.11243084,0.9661916365579492
13,567.3280695650553,396,19.85,0.10077495,0.9562842387366621
13,567.3280695650553,397,19.900000000000002,0.10629657,0.9652720140424977
13,567.3280695650553,398,19.950000000000003,0.10096576,0.9623908582949191
13,567.3280695650553,399,20.0,0.104312405,0.9587639204307158
14,597.6292953503657,0,0.05,0.106691405,0.9566129228293987
14,597.6292953503657,1,0.1,0.10886811,0.9593496344095156
14,597.6292953503657,2,0.15000000000000002,0.10902964,0.9600538349782876
14,597.6292953503657,3,0.2,0.09967202,0.95558117296113
14,597.6292953503657,4,0.25,0.10288893,0.9551083960473356
14,597.6292953503657,5,0.30000000000000004,0.10696167,0.967431993694927
14,597.6292953503657,6,0.35000000000000003,0.10488845,0.9572516782520304
14,597.6292953503657,7,0.4,0.09699706,0.9663982278073096
14,597.6292953503657,8,0.45,0.10534208,0.9596029254558884
14,597.6292953503657,9,0.5,0.0988852,0.9625409621021738
14,597.6292953503657,10,0.55,0.10332365,0.9603945019604985
14,597.6292953503657,11,0.6000000000000001,0.10277005,0.96152751709615
14,597.6292953503657,12,0.65,0.11035196,0.9592665301851767
14,597.6292953503657,13,0.7000000000000001,0.10347877,0.9534450095105255
14,597.6292953503657,14,0.75,0.09838154,0.9623746359224589
14,597.6292953503657,15,0.8,0.10039484,0.9671237101776845
14,597.6292953503657,16,0.8500000000000001,0.10832283,0.9560830371159349
14,597.6292953503657,17,0.9,0.108743005,0.9612166314384353
14,597.6292953503657,18,0.9500000000000001,0.09692822,0.9597486997815369
14,597.6292953503657,19,1.0,0.10382171,0.9603723867401945
14,597.6292953503657,20,1.05,0.10642536,0.9573437649308135
14,597.6292953503657,21,1.1,0.104995854,0.9674254229027902
14,597.6292953503657,22,1.1500000000000001,0.117179364,0.9633600782911114
14,597.6292953503657,23,1.2000000000000002,0.124654815,0.9679947316662582
14,597.6292953503657,24,1.25,0.11451361,0.960557859616864
14,597.6292953503657,25,1.3,0.112683475,0.9637836632497935
14,597.6292953503657,26,1.35,0.09569497,0.9582883536067552
14,597.6292953503657,27,1.4000000000000001,0.103321135,0.9660394691869695
14,597.6292953503657,28,1.4500000000000002,0.09993523,0.9594851067928106
14,597.6292953503657,29,1.5,0.103696376,0.9588083816528594
14,597.6292953503657,30,1.55,0.0901799,0.9509446745700656
14,597.6292953503657,31,1.6,0.10280969,0.9621244013956802
14,597.6292953503657,32,1.6500000000000001,0.10533138,0.9594830887591186
14,597.6292953503657,33,1.7000000000000002,0.098511875,0.9589177454565176
14,597.6292953503657,34,1.75,0.109843254,0.9608079778436972
14,597.6292953503657,35,1.8,0.098310135,0.9571092790464819
14,597.6292953503657,36,1.85,0.09483039,0.9562393342180343
14,597.6292953503657,37,1.9000000000000001,0.10247436,0.9617344847112382
14,597.6292953503657,38,1.9500000000000002,0.110791825,0.9655416265875949
14,597.6292953503657,39,2.0,0.09763316,0.9584266024647131
14,597.6292953503657,40,2.0500000000000003,0.10038707,0.9578043368873077
14,597.6292953503657,41,2.1,0.113839336,0.9571604660749506
14,597.6292953503657,42,2.15,0.108966015,0.958049289007876
14,597.6292953503657,43,2.2,0.102098025,0.9579957376331115
14,597.6292953503657,44,2.25,0.10175865,0.9574899101219845
14,597.6292953503657,45,2.3000000000000003,0.11786764,0.9718752046814456
14,597.6292953503657,46,2.35,0.10589779,0.9685086376481395
14,597.6292953503657,47,2.4000000000000004,0.09973898,0.960225628152944
14,597.6292953503657,48,2.45,0.10990796,0.9554681118590095
14,597.6292953503657,49,2.5,0.10715764,0.9599123277768037
14,597.6292953503657,50,2.5500000000000003,0.109829836,0.9581117077053314
14,597.6292953503657,51,2.6,0.10525728,0.9559787884140968
14,597.6292953503657,52,2.6500000000000004,0.10373817,0.9624005342784099
14,597.6292953503657,53,2.7,0.1021201,0.966471382831818
14,597.6292953503657,54,2.75,0.11256416,0.962154585594463
14,597.6292953503657,55,2.8000000000000003,0.102081895,0.9559138677579996
14,597.6292953503657,56,2.85,0.103693865,0.9612822076078208
14,597.6292953503657,57,2.9000000000000004,0.10489837,0.9570782589886836
14,597.6292953503657,58,2.95,0.10440295,0.9683222649542124
14,597.6292953503657,59,3.0,0.11253027,0.9602996012499085
14,597.6292953503657,60,3.0500000000000003,0.11422404,0.9687228647005494
14,597.6292953503657,61,3.1,0.11465511,0.9583211463567454
14,597.6292953503657,62,3.1500000000000004,0.108606584,0.9575946670118732
14,597.6292953503657,63,3.2,0.11160968,0.9605014600706812
14,597.6292953503657,64,3.25,0.1076597,0.9611657136040935
14,597.6292953503657,65,3.3000000000000003,0.11367929,0.9651055273128403
14,597.6292953503657,66,3.35,0.10104902,0.9543321132154176
14,597.6292953503657,67,3.4000000000000004,0.10264174,0.9598973392030742
14,597.6292953503657,68,3.45,0.11573436,0.9630367523749929
14,597.6292953503657,69,3.5,0.11019235,0.9578771142672392
14,597.6292953503657,70,3.5500000000000003,0.11004671,0.9601962476288828
14,597.6292953503657,71,3.6,0.1097872,0.9641094422901176
14,597.6292953503657,72,3.6500000000000004,0.101797834,0.9547328315071877
14,597.6292953503657,73,3.7,0.10510808,0.9602297400404304
14,597.6292953503657,74,3.75,0.107057266,0.9666687754942059
14,597.6292953503657,75,3.8000000000000003,0.10110392,0.9650476871050795
14,597.6292953503657,76,3.85,0.11200824,0.9657202464852372
14,597.6292953503657,77,3.9000000000000004,0.102393955,0.9581643129934947
14,597.6292953503657,78,3.95,0.104211785,0.9626698883262735
14,597.6292953503657,79,4.0,0.10458383,0.965148251905758
14,597.6292953503657,80,4.05,0.103582606,0.9562729070128898
14,597.6292953503657,81,4.1000000000000005,0.10180635,0.9553203952620215
14,597.6292953503657,82,4.15,0.10966868,0.9658102536567469
14,597.6292953503657,83,4.2,0.10443783,0.9622697510787227
14,597.6292953503657,84,4.25,0.11362055,0.9616840615944107
14,597.6292953503657,85,4.3,0.10154969,0.9616833508440403
14,597.6292953503657,86,4.3500000000000005,0.104587145,0.9624799337500151
14,597.6292953503657,87,4.4,0.10783511,0.9577174456265347
14,597.6292953503657,88,4.45,0.10269241,0.9527727265217469
14,597.6292953503657,89,4.5,0.103353016,0.9608938966781155
14,597.6292953503657,90,4.55,0.09739667,0.9617701880734913
14,597.6292953503657,91,4.6000000000000005,0.1018736,0.9625977032813859
14,597.6292953503657,92,4.65,0.11358926,0.9633826890736205
14,597.6292953503657,93,4.7,0.099907465,0.9531077588054555
14,597.6292953503657,94,4.75,0.10717301,0.9643882469726499
14,597.6292953503657,95,4.800000000000001,0.106207624,0.9661845122540813
14,597.6292953503657,96,4.8500000000000005,0.099632,0.9597019892833258
14,597.6292953503657,97,4.9,0.10753803,0.9602363614511782
14,597.6292953503657,98,4.95,0.10277174,0.9642526082907217
14,597.6292953503657,99,5.0,0.11464981,0.9604939501563058
14,597.6292953503657,100,5.050000000000001,0.11910424,0.9633761753395329
14,597.6292953503657,101,5.1000000000000005,0.103120394,0.9629999137499824
14,597.6292953503657,102,5.15,0.104957856,0.958631110770393
14,597.6292953503657,103,5.2,0.101875305,0.9601081536830608
14,597.6292953503657,104,5.25,0.107420266,0.9647317148040566
14,597.6292953503657,105,5.300000000000001,0.120424636,0.9619647891076608
14,597.6292953503657,106,5.3500000000000005,0.1032926,0.9579124343311513
14,597.6292953503657,107,5.4,0.12175777,0.9636534545341424
14,597.6292953503657,108,5.45,0.10397274,0.9615608852805237
14,597.6292953503657,109,5.5,0.10326826,0.9572207901567757
14,597.6292953503657,110,5.550000000000001,0.11733537,0.9698558617449083
14,597.6292953503657,111,5.6000000000000005,0.10318763,0.9635280867400051
14,597.6292953503657,112,5.65,0.10829801,0.957479368225918
14,597.6292953503657,113,5.7,0.10100611,0.9560998699880949
14,597.6292953503657,114,5.75,0.104539886,0.9603410852867383
14,597.6292953503657,115,5.800000000000001,0.09633877,0.9631630056024618
14,597.6292953503657,116,5.8500000000000005,0.10444862,0.9598032587637233
14,597.6292953503657,117,5.9,0.10961966,0.9643968743416602
14,597.6292953503657,118,5.95,0.104746185,0.9643857027555125
14,597.6292953503657,119,6.0,0.1049909,0.9588897947903794
14,597.6292953503657,120,6.050000000000001,0.102572456,0.9654564415875534
14,597.6292953503657,121,6.1000000000000005,0.10842363,0.9620167169823494
14,597.6292953503657,122,6.15,0.10597473,0.9636541242529393
14,597.6292953503657,123,6.2,0.107268415,0.9579284266734059
14,597.6292953503657,124,6.25,0.10707427,0.9626792794758323
14,597.6292953503657,125,6.300000000000001,0.104671665,0.9603405196573681
14,597.6292953503657,126,6.3500000000000005,0.09924314,0.9569552106276389
14,597.6292953503657,127,6.4,0.10089189,0.9661476582575799
14,597.6292953503657,128,6.45,0.11139119,0.9630911108878792
14,597.6292953503657,129,6.5,0.099846706,0.9618378539023588
14,597.6292953503657,130,6.550000000000001,0.105645336,0.9651871531152203
14,597.6292953503657,131,6.6000000000000005,0.114723146,0.9652265875953745
14,597.6292953503657,132,6.65,0.105846204,0.9616036189595634
14,597.6292953503657,133,6.7,0.1150499,0.9695537299454137
14,597.6292953503657,134,6.75,0.11615684,0.9665452596128957
14,597.6292953503657,135,6.800000000000001,0.10069319,0.9611050807526633
14,597.6292953503657,136,6.8500000000000005,0.10789298,0.9614151435239958
14,597.6292953503657,137,6.9,0.105688006,0.9623784198312313
14,597.6292953503657,138,6.95,0.10761782,0.9651837493560695
14,597.6292953503657,139,7.0,0.10409525,0.959453004783579
14,597.6292953503657,140,7.050000000000001,0.10326742,0.963321966920082
14,597.6292953503657,141,7.1000000000000005,0.10229908,0.9587585272354608
14,597.6292953503657,142,7.15,0.10947641,0.9621541643908181
14,597.6292953503657,143,7.2,0.104084425,0.9616846945710424
14,597.6292953503657,144,7.25,0.11319703,0.9580712887154933
14,597.6292953503657,145,7.300000000000001,0.09751055,0.9595885233257452
14,597.6292953503657,146,7.3500000000000005,0.100650996,0.9692241396341076
14,597.6292953503657,147,7.4,0.10664345,0.964045210110471
14,597.6292953503657,148,7.45,0.114456825,0.9664612939659322
14,597.6292953503657,149,7.5,0.115498155,0.9654494749661052
14,597.6292953503657,150,7.550000000000001,0.10876692,0.9632995500017648
14,597.6292953503657,151,7.6000000000000005,0.11231048,0.9600524856745122
14,597.6292953503657,152,7.65,0.09753899,0.9642146458512562
14,597.6292953503657,153,7.7,0.102560624,0.9569764878362073
14,597.6292953503657,154,7.75,0.107213445,0.9618906745904535
14,597.6292953503657,155,7.800000000000001,0.10240835,0.9651747360640196
14,597.6292953503657,156,7.8500000000000005,0.106613375,0.963684390721738
14,597.6292953503657,157,7.9,0.10195527,0.9665663271426936
14,597.6292953503657,158,7.95,0.105399676,0.9649482872609239
14,597.6292953503657,159,8.0,0.12042103,0.9692286098262359
14,597.6292953503657,160,8.05,0.10963864,0.9685059430424675
14,597.6292953503657,161,8.1,0.10826599,0.9585307972749737
14,597.6292953503657,162,8.15,0.11356102,0.9650585330223851
14,597.6292953503657,163,8.200000000000001,0.10920603,0.9615868179600225
14,597.6292953503657,164,8.25,0.1078745,0.960816954332978
14,597.6292953503657,165,8.3,0.107056454,0.9634982281017986
14,597.6292953503657,166,8.35,0.11324833,0.9608011924525263
14,597.6292953503657,167,8.4,0.10375322,0.9635412139078707
14,597.6292953503657,168,8.450000000000001,0.11228191,0.9585305841631953
14,597.6292953503657,169,8.5,0.102480285,0.9578353511581738
14,597.6292953503657,170,8.55,0.09475447,0.9606389326430591
14,597.6292953503657,171,8.6,0.102462515,0.956504930815587
14,597.6292953503657,172,8.65,0.113666326,0.9661264447518021
14,597.6292953503657,173,8.700000000000001,0.10479253,0.9539647800236867
14,597.6292953503657,174,8.75,0.1125033,0.9699974100108233
14,597.6292953503657,175,8.8,0.10825558,0.9623980709710351
14,597.6292953503657,176,8.85,0.10966157,0.9578505522055005
14,597.6292953503657,177,8.9,0.096295565,0.9589079949318057
14,597.6292953503657,178,8.950000000000001,0.10631043,0.9574782284194756
14,597.6292953503657,179,9.0,0.100443184,0.9581262996842541
14,597.6292953503657,180,9.05,0.103183426,0.9675937360710627
14,597.6292953503657,181,9.1,0.11399078,0.9696866888815941
14,597.6292953503657,182,9.15,0.09582625,0.9568088023832522
14,597.6292953503657,183,9.200000000000001,0.09972593,0.9603347627763852
14,597.6292953503657,184,9.25,0.094532795,0.96052435669877
14,597.6292953503657,185,9.3,0.10805036,0.9584490702947978
14,597.6292953503657,186,9.35,0.10030239,0.954085513187549
14,597.6292953503657,187,9.4,0.10102756,0.9657602243847269
14,597.6292953503657,188,9.450000000000001,0.10269494,0.9617269210484011
14,597.6292953503657,189,9.5,0.10207,0.9573846199270482
14,597.6292953503657,190,9.55,0.1012179,0.9632317088014957
14,597.6292953503657,191,9.600000000000001,0.10039743,0.9654991176443388
14,597.6292953503657,192,9.65,0.10208868,0.9567327262142238
14,597.6292953503657,193,9.700000000000001,0.11431888,0.9616317305768263
14,597.6292953503657,194,9.75,0.1095263,0.9585719771882176
14,597.6292953503657,195,9.8,0.09881153,0.9598122587690042
14,597.6292953503657,196,9.850000000000001,0.10041642,0.9599481315331924
14,597.6292953503657,197,9.9,0.10088673,0.9590229797653267
14,597.6292953503657,198,9.950000000000001,0.10006788,0.961593937379735
14,597.6292953503657,199,10.0,0.10424173,0.9643368725095128
14,597.6292953503657,200,10.05,0.111046635,0.9657039238777807
14,597.6292953503657,201,10.100000000000001,0.1171172,0.9626422071224966
14,597.6292953503657,202,10.15,0.11178897,0.9649550892037565
14,597.6292953503657,203,10.200000000000001,0.11405922,0.9685729344837408
14,597.6292953503657,204,10.25,0.10663857,0.9591698654722727
14,597.6292953503657,205,10.3,0.106056504,0.9591884294034586
14,597.6292953503657,206,10.350000000000001,0.10517241,0.967623257691935
14,597.6292953503657,207,10.4,0.10723689,0.9645446699478099
14,597.6292953503657,208,10.450000000000001,0.09647816,0.9622512013360336
14,597.6292953503657,209,10.5,0.10739282,0.9575210043351908
14,597.6292953503657,210,10.55,0.10541695,0.9651492297767882
14,597.6292953503657,211,10.600000000000001,0.09786466,0.9548574488387156
14,597.6292953503657,212,10.65,0.10962124,0.9601801469396122
14,597.6292953503657,213,10.700000000000001,0.1008085,0.9635998218775162
14,597.6292953503657,214,10.75,0.111461215,0.9592919199196023
14,597.6292953503657,215,10.8,0.09683246,0.9575446672050782
14,597.6292953503657,216,10.850000000000001,0.100627735,0.9606174321878646
14,597.6292953503657,217,10.9,0.112930186,0.957619680836152
14,597.6292953503657,218,10.950000000000001,0.0968441,0.9628469420255191
14,597.6292953503657,219,11.0,0.10832283,0.9615128617084434
14,597.6292953503657,220,11.05,0.10329596,0.9634181797307404
14,597.6292953503657,221,11.100000000000001,0.10062515,0.9637448325224289
14,597.6292953503657,222,11.15,0.10103529,0.9593083793431125
14,597.6292953503657,223,11.200000000000001,0.10201817,0.9624034406965303
14,597.6292953503657,224,11.25,0.11663503,0.9640195738681016
14,597.6292953503657,225,11.3,0.119780004,0.9665929866432204
14,597.6292953503657,226,11.350000000000001,0.10151127,0.9612458433277781
14,597.6292953503657,227,11.4,0.11194475,0.9648917813831558
14,597.6292953503657,228,11.450000000000001,0.099202074,0.9528198714968454
14,597.6292953503657,229,11.5,0.11668408,0.9592839474660877
14,597.6292953503657,230,11.55,0.113479294,0.9619691936085586
14,597.6292953503657,231,11.600000000000001,0.10148393,0.9614515721744632
14,597.6292953503657,232,11.65,0.11667962,0.9670415952217597
14,597.6292953503657,233,11.700000000000001,0.10452247,0.9605729212575224
14,597.6292953503657,234,11.75,0.10984878,0.9672580082029193
14,597.6292953503657,235,11.8,0.1076903,0.9593719441602324
14,597.6292953503657,236,11.850000000000001,0.09809295,0.9572770059990783
14,597.6292953503657,237,11.9,0.10132491,0.959460438919574
14,597.6292953503657,238,11.950000000000001,0.12525013,0.9664558661856997
14,597.6292953503657,239,12.0,0.10112364,0.9603399827015494
14,597.6292953503657,240,12.05,0.10381586,0.9595491547698148
14,597.6292953503657,241,12.100000000000001,0.10614394,0.9579723024757963
14,597.6292953503657,242,12.15,0.11244395,0.957848716584862
14,597.6292953503657,243,12.200000000000001,0.10840364,0.9680332333904821
14,597.6292953503657,244,12.25,0.11483191,0.9584612714433148
14,597.6292953503657,245,12.3,0.12188658,0.9629240906558622
14,597.6292953503657,246,12.350000000000001,0.11569465,0.9668270832530612
14,597.6292953503657,247,12.4,0.12134622,0.9735006430685771
14,597.6292953503657,248,12.450000000000001,0.1043473,0.9573740084144922
14,597.6292953503657,249,12.5,0.100317955,0.961143791853013
14,597.6292953503657,250,12.55,0.11303915,0.965394901623067
14,597.6292953503657,251,12.600000000000001,0.11404477,0.9668920826664981
14,597.6292953503657,252,12.65,0.109842464,0.9621961876922898
14,597.6292953503657,253,12.700000000000001,0.11814535,0.9674497272044145
14,597.6292953503657,254,12.75,0.10778686,0.9606496271515031
14,597.6292953503657,255,12.8,0.10367714,0.9630452400432625
14,597.6292953503657,256,12.850000000000001,0.10780053,0.9602566337318397
14,597.6292953503657,257,12.9,0.10668979,0.9566825252845799
14,597.6292953503657,258,12.950000000000001,0.0982969,0.9573800898848432
14,597.6292953503657,259,13.0,0.108779676,0.9667255640742445
14,597.6292953503657,260,13.05,0.10454652,0.9574551658589323
14,597.6292953503657,261,13.100000000000001,0.110609345,0.9699197925401014
14,597.6292953503657,262,13.15,0.10067252,0.9611021801802097
14,597.6292953503657,263,13.200000000000001,0.11681923,0.9658661499234684
14,597.6292953503657,264,13.25,0.10179528,0.9612647484682629
14,597.6292953503657,265,13.3,0.10795564,0.9664764282168621
14,597.6292953503657,266,13.350000000000001,0.09646558,0.9619312147562957
14,597.6292953503657,267,13.4,0.101235025,0.964488000796887
14,597.6292953503657,268,13.450000000000001,0.10837884,0.9608127212478439
14,597.6292953503657,269,13.5,0.10661093,0.9651877713015464
14,597.6292953503657,270,13.55,0.106483996,0.9592800848410583
14,597.6292953503657,271,13.600000000000001,0.11178277,0.9595549953585981
14,597.6292953503657,272,13.65,0.1089509,0.9608698918975298
14,597.6292953503657,273,13.700000000000001,0.11035431,0.9659163301272454
14,597.6292953503657,274,13.75,0.11570664,0.9655929376184378
14,597.6292953503657,275,13.8,0.10141813,0.9618081923385841
14,597.6292953503657,276,13.850000000000001,0.1080624,0.9634265037666532
14,597.6292953503657,277,13.9,0.101694725,0.9560382296221274
14,597.6292953503657,278,13.950000000000001,0.110470526,0.9634846232083961
14,597.6292953503657,279,14.0,0.102240585,0.9604842647465708
14,597.6292953503657,280,14.05,0.102197334,0.9552349400547645
14,597.6292953503657,281,14.100000000000001,0.11470349,0.9654081126335406
14,597.6292953503657,282,14.15,0.10470148,0.9617392212742895
14,597.6292953503657,283,14.200000000000001,0.10586586,0.959929757147137
14,597.6292953503657,284,14.25,0.11780216,0.967974959159017
14,597.6292953503657,285,14.3,0.10755173,0.952804423486408
14,597.6292953503657,286,14.350000000000001,0.1128964,0.9616363274366141
14,597.6292953503657,287,14.4,0.11967501,0.9564637514142543
14,597.6292953503657,288,14.450000000000001,0.11151021,0.9687456121872131
14,597.6292953503657,289,14.5,0.11072842,0.959756152325022
14,597.6292953503657,290,14.55,0.11024033,0.9631757802936315
14,597.6292953503657,291,14.600000000000001,0.11117616,0.9546917461584357
14,597.6292953503657,292,14.65,0.107325785,0.9690843855521236
14,597.6292953503657,293,14.700000000000001,0.099978596,0.9533541522996337
14,597.6292953503657,294,14.75,0.107316904,0.9616618396802048
14,597.6292953503657,295,14.8,0.102695785,0.9626931097046237
14,597.6292953503657,296,14.850000000000001,0.107438825,0.9607502283051149
14,597.6292953503657,297,14.9,0.09861567,0.9622058082001881
14,597.6292953503657,298,14.950000000000001,0.10842043,0.9636028672945461
14,597.6292953503657,299,15.0,0.12008001,0.9682243591340909
14,597.6292953503657,300,15.05,0.1077756,0.9656052454545436
14,597.6292953503657,301,15.100000000000001,0.09981023,0.9635938285376887
14,597.6292953503657,302,15.15,0.1021269,0.9552072792144596
14,597.6292953503657,303,15.200000000000001,0.10175268,0.9637474363362487
14,597.6292953503657,304,15.25,0.112290405,0.9586552719990477
14,597.6292953503657,305,15.3,0.10242697,0.9608170113274701
14,597.6292953503657,306,15.350000000000001,0.10281053,0.9642807491620137
14,597.6292953503657,307,15.4,0.097773366,0.9612015173881614
14,597.6292953503657,308,15.450000000000001,0.10497273,0.9652744119148897
14,597.6292953503657,309,15.5,0.10760251,0.960241428610776
14,597.6292953503657,310,15.55,0.10791467,0.9589756569932121
14,597.6292953503657,311,15.600000000000001,0.095512696,0.9610710933466924
14,597.6292953503657,312,15.65,0.10950888,0.9647665430819133
14,597.6292953503657,313,15.700000000000001,0.10301945,0.9592591650464254
14,597.6292953503657,314,15.75,0.10532398,0.9604005070881907
14,597.6292953503657,315,15.8,0.10233043,0.9619227841296861
14,597.6292953503657,316,15.850000000000001,0.11041165,0.9590041196792339
14,597.6292953503657,317,15.9,0.10230247,0.9620579923564108
14,597.6292953503657,318,15.950000000000001,0.10060102,0.959482645563662
14,597.6292953503657,319,16.0,0.10382756,0.9645344670573952
14,597.6292953503657,320,16.05,0.10411357,0.958871580733919
14,597.6292953503657,321,16.1,0.1128987,0.9584979008170258
14,597.6292953503657,322,16.150000000000002,0.11327742,0.9691438127063262
14,597.6292953503657,323,16.2,0.10228637,0.9591930060953933
14,597.6292953503657,324,16.25,0.10091337,0.9576743875124774
14,597.6292953503657,325,16.3,0.12800793,0.9680160315332125
14,597.6292953503657,326,16.35,0.1216445,0.966282585152782
14,597.6292953503657,327,16.400000000000002,0.11661347,0.9677169120143899
14,597.6292953503657,328,16.45,0.10659873,0.9569372502293325
14,597.6292953503657,329,16.5,0.10222193,0.9529322409912131
14,597.6292953503657,330,16.55,0.111070834,0.9652657963350462
14,597.6292953503657,331,16.6,0.10612924,0.9631376249566098
14,597.6292953503657,332,16.650000000000002,0.11459308,0.9651693554463397
14,597.6292953503657,333,16.7,0.107966885,0.9695426616237914
14,597.6292953503657,334,16.75,0.104507536,0.9615440844492025
14,597.6292953503657,335,16.8,0.10327497,0.9566870403544878
14,597.6292953503657,336,16.85,0.111945525,0.9631292729330977
14,597.6292953503657,337,16.900000000000002,0.105952635,0.9616319306947327
14,597.6292953503657,338,16.95,0.10801907,0.9615593262796611
14,597.6292953503657,339,17.0,0.10656294,0.956505674202713
14,597.6292953503657,340,17.05,0.10352651,0.9643336195840515
14,597.6292953503657,341,17.1,0.110748775,0.9656524580757742
14,597.6292953503657,342,17.150000000000002,0.11071041,0.9604998488147385
14,597.6292953503657,343,17.2,0.10106017,0.9621656651039254
14,597.6292953503657,344,17.25,0.10193486,0.9582764747030706
14,597.6292953503657,345,17.3,0.10985825,0.9617229287641282
14,597.6292953503657,346,17.35,0.105846204,0.9567074293999452
14,597.6292953503657,347,17.400000000000002,0.11123074,0.9620028538382366
14,597.6292953503657,348,17.45,0.104587145,0.9599327216421962
14,597.6292953503657,349,17.5,0.10689274,0.9638901390747913
14,597.6292953503657,350,17.55,0.10853072,0.9640070143551072
14,597.6292953503657,351,17.6,0.10793395,0.9609455977562316
14,597.6292953503657,352,17.650000000000002,0.114698954,0.9652125484513848
14,597.6292953503657,353,17.7,0.10638461,0.9646847422548833
14,597.6292953503657,354,17.75,0.11295168,0.9595524570477177
14,597.6292953503657,355,17.8,0.110614054,0.9672256057345127
14,597.6292953503657,356,17.85,0.10256316,0.9553879509439946
14,597.6292953503657,357,17.900000000000002,0.11257725,0.9628087349624462
14,597.6292953503657,358,17.95,0.109028056,0.9642130024348528
14,597.6292953503657,359,18.0,0.10865607,0.9595650415151966
14,597.6292953503657,360,18.05,0.10764037,0.9584393793783503
14,597.6292953503657,361,18.1,0.10902169,0.9569757094229238
14,597.6292953503657,362,18.150000000000002,0.10380083,0.9573085109447378
14,597.6292953503657,363,18.2,0.10340501,0.9607976599289487
14,597.6292953503657,364,18.25,0.10029375,0.9592074337414941
14,597.6292953503657,365,18.3,0.11500166,0.9578054097933107
14,597.6292953503657,366,18.35,0.11158327,0.9606622305608902
14,597.6292953503657,367,18.400000000000002,0.106018074,0.9619338580731333
14,597.6292953503657,368,18.45,0.10697301,0.9610315184832758
14,597.6292953503657,369,18.5,0.103594325,0.9625609951654839
14,597.6292953503657,370,18.55,0.099731155,0.9602806840432447
14,597.6292953503657,371,18.6,0.11209335,0.9620980010521339
14,597.6292953503657,372,18.650000000000002,0.10580115,0.9600067109840215
14,597.6292953503657,373,18.7,0.10564205,0.9631175676367832
14,597.6292953503657,374,18.75,0.1044702,0.9627450986792051
14,597.6292953503657,375,18.8,0.100145824,0.9646479497339452
14,597.6292953503657,376,18.85,0.10007135,0.9651703645378503
14,597.6292953503657,377,18.900000000000002,0.1056962,0.9622653004474766
14,597.6292953503657,378,18.95,0.10237278,0.9612930784302479
14,597.6292953503657,379,19.0,0.10634631,0.9626413097383687
14,597.6292953503657,380,19.05,0.10660361,0.9597480067239231
14,597.6292953503657,381,19.1,0.10894851,0.9646000338772228
14,597.6292953503657,382,19.150000000000002,0.10923858,0.9618543722720458
14,597.6292953503657,383,19.200000000000003,0.11047994,0.9645805505879657
14,597.6292953503657,384,19.25,0.10906622,0.9636386531364916
14,597.6292953503657,385,19.3,0.10820351,0.9582473182607804
14,597.6292953503657,386,19.35,0.11323532,0.9629377455724729
14,597.6292953503657,387,19.400000000000002,0.10644246,0.9596942675134178
14,597.6292953503657,388,19.450000000000003,0.1114122,0.9624624949151895
14,597.6292953503657,389,19.5,0.10489258,0.9649517840313199
14,597.6292953503657,390,19.55,0.09922829,0.9561557871667506
14,597.6292953503657,391,19.6,0.112968564,0.9639460770101794
14,597.6292953503657,392,19.650000000000002,0.113120414,0.964089273594003
14,597.6292953503657,393,19.700000000000003,0.10796929,0.9515010394307514
14,597.6292953503657,394,19.75,0.11030638,0.9631165872156456
14,597.6292953503657,395,19.8,0.104016095,0.9639676971763128
14,597.6292953503657,396,19.85,0.10577082,0.9583317330737263
14,597.6292953503657,397,19.900000000000002,0.107301556,0.9591926820127183
14,597.6292953503657,398,19.950000000000003,0.1045772,0.9562125792321142
14,597.6292953503657,399,20.0,0.11661793,0.9672056136106133
15,629.7664136708916,0,0.05,0.11265655,0.9638511149914493
15,629.7664136708916,1,0.1,0.100215055,0.9577610724754458
15,629.7664136708916,2,0.15000000000000002,0.10805196,0.9590584667704155
15,629.7664136708916,3,0.2,0.10438302,0.9622117579395487
15,629.7664136708916,4,0.25,0.10737828,0.9740858913319563
15,629.7664136708916,5,0.30000000000000004,0.1033765,0.9624234455875273
15,629.7664136708916,6,0.35000000000000003,0.10575279,0.9598376479948986
15,629.7664136708916,7,0.4,0.102851,0.9576724281588558
15,629.7664136708916,8,0.45,0.10818908,0.9550240217970087
15,629.7664136708916,9,0.5,0.101142496,0.9624473955913626
15,629.7664136708916,10,0.55,0.09596096,0.9599534730970181
15,629.7664136708916,11,0.6000000000000001,0.10519301,0.9565891429074379
15,629.7664136708916,12,0.65,0.1042251,0.9677915080743564
15,629.7664136708916,13,0.7000000000000001,0.10054585,0.956321926156972
15,629.7664136708916,14,0.75,0.10125644,0.9673521583759227
15,629.7664136708916,15,0.8,0.101867646,0.9595734842008319
15,629.7664136708916,16,0.8500000000000001,0.10228722,0.9546802201448017
15,629.7664136708916,17,0.9,0.104601234,0.954052286847473
15,629.7664136708916,18,0.9500000000000001,0.10683433,0.9582168067782381
15,629.7664136708916,19,1.0,0.095529936,0.956641182080686
15,629.7664136708916,20,1.05,0.10507014,0.9624151069984013
15,629.7664136708916,21,1.1,0.10407692,0.9650429148251631
15,629.7664136708916,22,1.1500000000000001,0.10694626,0.9642989036605223
15,629.7664136708916,23,1.2000000000000002,0.10188126,0.9625409013650237
15,629.7664136708916,24,1.25,0.10598945,0.9688017013578143
15,629.7664136708916,25,1.3,0.11098416,0.9658278205974193
15,629.7664136708916,26,1.35,0.10980615,0.9623039464765593
15,629.7664136708916,27,1.4000000000000001,0.100915946,0.958870679738945
15,629.7664136708916,28,1.4500000000000002,0.10670684,0.9664046693918943
15,629.7664136708916,29,1.5,0.10866485,0.963005325996889
15,629.7664136708916,30,1.55,0.103524834,0.9627236669823555
15,629.7664136708916,31,1.6,0.107679024,0.9611650093374522
15,629.7664136708916,32,1.6500000000000001,0.11383629,0.9625585562430303
15,629.7664136708916,33,1.7000000000000002,0.10950888,0.9583038875704717
15,629.7664136708916,34,1.75,0.11022068,0.9615346212583317
15,629.7664136708916,35,1.8,0.10832203,0.9646952775457099
15,629.7664136708916,36,1.85,0.113051414,0.968534823559304
15,629.7664136708916,37,1.9000000000000001,0.112607285,0.9615678403697867
15,629.7664136708916,38,1.9500000000000002,0.10164356,0.9598140706648614
15,629.7664136708916,39,2.0,0.114214934,0.9687511553497911
15,629.7664136708916,40,2.0500000000000003,0.10228891,0.9614583407077064
15,629.7664136708916,41,2.1,0.11706907,0.9563819656615559
15,629.7664136708916,42,2.15,0.10986377,0.9635093986236402
15,629.7664136708916,43,2.2,0.10776193,0.960651637779874
15,629.7664136708916,44,2.25,0.11368997,0.9563605182226599
15,629.7664136708916,45,2.3000000000000003,0.095802724,0.9610695798329452
15,629.7664136708916,46,2.35,0.10337315,0.9681859620328211
15,629.7664136708916,47,2.4000000000000004,0.110806696,0.9608863201918787
15,629.7664136708916,48,2.45,0.10429744,0.9614331436160058
15,629.7664136708916,49,2.5,0.11289486,0.9636568835042632
15,629.7664136708916,50,2.5500000000000003,0.11459233,0.9621383612201837
15,629.7664136708916,51,2.6,0.10801104,0.9645665753171837
15,629.7664136708916,52,2.6500000000000004,0.103032075,0.9585648321887023
15,629.7664136708916,53,2.7,0.10362194,0.9627205654170676
15,629.7664136708916,54,2.75,0.107233666,0.956168550586034
15,629.7664136708916,55,2.8000000000000003,0.10284426,0.9630557594863831
15,629.7664136708916,56,2.85,0.09937846,0.9599507009685546
15,629.7664136708916,57,2.9000000000000004,0.10488184,0.9623726849765679
15,629.7664136708916,58,2.95,0.10194081,0.9626286982434313
15,629.7664136708916,59,3.0,0.09908839,0.9584339907512051
15,629.7664136708916,60,3.0500000000000003,0.10289735,0.9593547181837846
15,629.7664136708916,61,3.1,0.11405542,0.970034886460419
15,629.7664136708916,62,3.1500000000000004,0.10096662,0.9627419650200009
15,629.7664136708916,63,3.2,0.12394827,0.9652932398212608
15,629.7664136708916,64,3.25,0.11556644,0.9601519129032343
15,629.7664136708916,65,3.3000000000000003,0.10621253,0.9622544519622576
15,629.7664136708916,66,3.35,0.11573061,0.9704062411010401
15,629.7664136708916,67,3.4000000000000004,0.11256493,0.9693638618839062
15,629.7664136708916,68,3.45,0.10528939,0.959989552412386
15,629.7664136708916,69,3.5,0.11422556,0.9681714932026783
15,629.7664136708916,70,3.5500000000000003,0.09826956,0.9643738398492296
15,629.7664136708916,71,3.6,0.1073371,0.9552210897116069
15,629.7664136708916,72,3.6500000000000004,0.11526597,0.9628202301231856
15,629.7664136708916,73,3.7,0.117471986,0.9654636360830374
15,629.7664136708916,74,3.75,0.103676304,0.9568992982516391
15,629.7664136708916,75,3.8000000000000003,0.11553568,0.9686025903411135
15,629.7664136708916,76,3.85,0.10787611,0.9623519233505425
15,629.7664136708916,77,3.9000000000000004,0.11289486,0.9646806322158759
15,629.7664136708916,78,3.95,0.09956498,0.9617133292761275
15,629.7664136708916,79,4.0,0.10738555,0.9674131857284901
15,629.7664136708916,80,4.05,0.10110134,0.9585510739329547
15,629.7664136708916,81,4.1000000000000005,0.109784834,0.9642377325417846
15,629.7664136708916,82,4.15,0.11098729,0.9652935670336518
15,629.7664136708916,83,4.2,0.10670684,0.9648026379223631
15,629.7664136708916,84,4.25,0.101280406,0.9579879845265058
15,629.7664136708916,85,4.3,0.10202923,0.9606619622304812
15,629.7664136708916,86,4.3500000000000005,0.10978641,0.963762161180739
15,629.7664136708916,87,4.4,0.11008136,0.9696663518442533
15,629.7664136708916,88,4.45,0.11084502,0.9641330075951906
15,629.7664136708916,89,4.5,0.10280295,0.9586136808768584
15,629.7664136708916,90,4.55,0.11299926,0.9628083935701404
15,629.7664136708916,91,4.6000000000000005,0.10862495,0.9566587389629886
15,629.7664136708916,92,4.65,0.10656945,0.9618973377761773
15,629.7664136708916,93,4.7,0.10578557,0.966058613249173
15,629.7664136708916,94,4.75,0.10569785,0.9536668124292506
15,629.7664136708916,95,4.800000000000001,0.11404401,0.9728254409031967
15,629.7664136708916,96,4.8500000000000005,0.112332866,0.9635627355355741
15,629.7664136708916,97,4.9,0.10680998,0.9569356001671638
15,629.7664136708916,98,4.95,0.10313721,0.9560119118618157
15,629.7664136708916,99,5.0,0.11435603,0.965174118070477
15,629.7664136708916,100,5.050000000000001,0.098098256,0.9584611202219188
15,629.7664136708916,101,5.1000000000000005,0.1097951,0.9620217553771403
15,629.7664136708916,102,5.15,0.10165039,0.9606439916576903
15,629.7664136708916,103,5.2,0.097003326,0.9607189069392055
15,629.7664136708916,104,5.25,0.112394586,0.966680071859162
15,629.7664136708916,105,5.300000000000001,0.100028016,0.9616126193995629
15,629.7664136708916,106,5.3500000000000005,0.11303378,0.9571820582472642
15,629.7664136708916,107,5.4,0.10447767,0.9633826892241127
15,629.7664136708916,108,5.45,0.120592974,0.9708424453397354
15,629.7664136708916,109,5.5,0.11468459,0.9607577062734348
15,629.7664136708916,110,5.550000000000001,0.10591335,0.9578910606635225
15,629.7664136708916,111,5.6000000000000005,0.12408319,0.9685992433288589
15,629.7664136708916,112,5.65,0.10395107,0.9532430602209385
15,629.7664136708916,113,5.7,0.102751486,0.9589183908990563
15,629.7664136708916,114,5.75,0.11125412,0.9514188356153761
15,629.7664136708916,115,5.800000000000001,0.102619775,0.9644182457634979
15,629.7664136708916,116,5.8500000000000005,0.1109068,0.9616775128928028
15,629.7664136708916,117,5.9,0.11554543,0.9633979542167609
15,629.7664136708916,118,5.95,0.102990836,0.9599797738145188
15,629.7664136708916,119,6.0,0.10571671,0.9596449744983386
15,629.7664136708916,120,6.050000000000001,0.11894034,0.9706125518288821
15,629.7664136708916,121,6.1000000000000005,0.11148299,0.9686227345697803
15,629.7664136708916,122,6.15,0.10497025,0.9588909593707526
15,629.7664136708916,123,6.2,0.12177984,0.9679567970558843
15,629.7664136708916,124,6.25,0.11079574,0.956694995286255
15,629.7664136708916,125,6.300000000000001,0.11562194,0.969942322683264
15,629.7664136708916,126,6.3500000000000005,0.10605241,0.9595106495004185
15,629.7664136708916,127,6.4,0.11799188,0.9692677637416811
15,629.7664136708916,128,6.45,0.111916095,0.9624163770732126
15,629.7664136708916,129,6.5,0.109851144,0.9612307191711117
15,629.7664136708916,130,6.550000000000001,0.10864171,0.9652355260729477
15,629.7664136708916,131,6.6000000000000005,0.10645712,0.9690617120085567
15,629.7664136708916,132,6.65,0.11287874,0.9691028953068757
15,629.7664136708916,133,6.7,0.10641721,0.9662318980070856
15,629.7664136708916,134,6.75,0.10812015,0.9646137776366411
15,629.7664136708916,135,6.800000000000001,0.10208868,0.9614058965148699
15,629.7664136708916,136,6.8500000000000005,0.106489696,0.9648832114778876
15,629.7664136708916,137,6.9,0.1241272,0.9711691317100853
15,629.7664136708916,138,6.95,0.11028751,0.9645842249735069
15,629.7664136708916,139,7.0,0.11270887,0.9656591294825586
15,629.7664136708916,140,7.050000000000001,0.10447849,0.95892086998981
15,629.7664136708916,141,7.1000000000000005,0.11896585,0.9616578889992996
15,629.7664136708916,142,7.15,0.096405335,0.9576958388606044
15,629.7664136708916,143,7.2,0.10843243,0.9645125393642584
15,629.7664136708916,144,7.25,0.109087676,0.9630798668530799
15,629.7664136708916,145,7.300000000000001,0.10315149,0.9638423897660269
15,629.7664136708916,146,7.3500000000000005,0.10535854,0.961459753068736
15,629.7664136708916,147,7.4,0.121570356,0.961789002827783
15,629.7664136708916,148,7.45,0.11211733,0.9664218216766916
15,629.7664136708916,149,7.5,0.097417146,0.9569150985610223
15,629.7664136708916,150,7.550000000000001,0.11484701,0.9675845566756961
15,629.7664136708916,151,7.6000000000000005,0.115572445,0.9762244604278411
15,629.7664136708916,152,7.65,0.10035078,0.9545003268624433
15,629.7664136708916,153,7.7,0.10362194,0.9625285760633983
15,629.7664136708916,154,7.75,0.10989612,0.955192250424028
15,629.7664136708916,155,7.800000000000001,0.10089876,0.9560130169170968
15,629.7664136708916,156,7.8500000000000005,0.112319745,0.9729053039307499
15,629.7664136708916,157,7.9,0.119146444,0.963862481384298
15,629.7664136708916,158,7.95,0.114475,0.9630046599249451
15,629.7664136708916,159,8.0,0.10433484,0.9627040294315993
15,629.7664136708916,160,8.05,0.09875799,0.9563542335457389
15,629.7664136708916,161,8.1,0.11461275,0.97028709556383
15,629.7664136708916,162,8.15,0.10820832,0.9622170223081227
15,629.7664136708916,163,8.200000000000001,0.11582571,0.9624423593558654
15,629.7664136708916,164,8.25,0.10802629,0.962563941304494
15,629.7664136708916,165,8.3,0.100892745,0.9571261539779589
15,629.7664136708916,166,8.35,0.117409974,0.9552683360019999
15,629.7664136708916,167,8.4,0.120692864,0.9689332172095029
15,629.7664136708916,168,8.450000000000001,0.10613822,0.959443498432059
15,629.7664136708916,169,8.5,0.11060151,0.9641159139421076
15,629.7664136708916,170,8.55,0.106119424,0.9636285548068468
15,629.7664136708916,171,8.6,0.117492646,0.967628124759087
15,629.7664136708916,172,8.65,0.10100011,0.9641946695910687
15,629.7664136708916,173,8.700000000000001,0.10436309,0.9666826541059971
15,629.7664136708916,174,8.75,0.1049975,0.9654489557287712
15,629.7664136708916,175,8.8,0.119556144,0.9620735971685705
15,629.7664136708916,176,8.85,0.105504096,0.9673311782179613
15,629.7664136708916,177,8.9,0.103203595,0.9602628604203853
15,629.7664136708916,178,8.950000000000001,0.09580906,0.9596433855032045
15,629.7664136708916,179,9.0,0.10553121,0.9642970710008373
15,629.7664136708916,180,9.05,0.10759284,0.9628999912329264
15,629.7664136708916,181,9.1,0.10160347,0.9579231565136038
15,629.7664136708916,182,9.15,0.10019948,0.961529398871321
15,629.7664136708916,183,9.200000000000001,0.10945266,0.9566839572000166
15,629.7664136708916,184,9.25,0.10486117,0.9602358418337068
15,629.7664136708916,185,9.3,0.09987448,0.956395676912617
15,629.7664136708916,186,9.35,0.10857944,0.966240241705961
15,629.7664136708916,187,9.4,0.11589007,0.9620708349726996
15,629.7664136708916,188,9.450000000000001,0.11854315,0.9605145545007747
15,629.7664136708916,189,9.5,0.12352156,0.9708480140715235
15,629.7664136708916,190,9.55,0.10111849,0.9609814397205872
15,629.7664136708916,191,9.600000000000001,0.12246209,0.9708910531555324
15,629.7664136708916,192,9.65,0.09782301,0.9632801645501942
15,629.7664136708916,193,9.700000000000001,0.0989264,0.9649046899354236
15,629.7664136708916,194,9.75,0.0971007,0.9607402053621235
15,629.7664136708916,195,9.8,0.09411089,0.9565834964135015
15,629.7664136708916,196,9.850000000000001,0.10326742,0.9675249231080382
15,629.7664136708916,197,9.9,0.104880184,0.9593983510571071
15,629.7664136708916,198,9.950000000000001,0.09792223,0.9654108015044508
15,629.7664136708916,199,10.0,0.103402495,0.9638070426976626
15,629.7664136708916,200,10.05,0.11021359,0.9573481224561463
15,629.7664136708916,201,10.100000000000001,0.102591895,0.9579959378769792
15,629.7664136708916,202,10.15,0.10850995,0.960673444521003
15,629.7664136708916,203,10.200000000000001,0.107208595,0.9639773667410684
15,629.7664136708916,204,10.25,0.104416244,0.963882676521243
15,629.7664136708916,205,10.3,0.109084494,0.9609052190362066
15,629.7664136708916,206,10.350000000000001,0.11461427,0.9696210812940131
15,629.7664136708916,207,10.4,0.12144905,0.9685706870452548
15,629.7664136708916,208,10.450000000000001,0.1185073,0.9681004131117374
15,629.7664136708916,209,10.5,0.09928332,0.9602184751106964
15,629.7664136708916,210,10.55,0.101868495,0.9597003740657447
15,629.7664136708916,211,10.600000000000001,0.103145614,0.9600168505112585
15,629.7664136708916,212,10.65,0.097278215,0.9574774372199926
15,629.7664136708916,213,10.700000000000001,0.11977349,0.9677833657890834
15,629.7664136708916,214,10.75,0.11643714,0.964928004205592
15,629.7664136708916,215,10.8,0.0969309,0.961757269324399
15,629.7664136708916,216,10.850000000000001,0.105519705,0.9641705654782472
15,629.7664136708916,217,10.9,0.10809127,0.9636249484547514
15,629.7664136708916,218,10.950000000000001,0.11362818,0.9626167245018127
15,629.7664136708916,219,11.0,0.10693815,0.9555914921109226
15,629.7664136708916,220,11.05,0.09866577,0.9564630688478896
15,629.7664136708916,221,11.100000000000001,0.10331107,0.9563907402684382
15,629.7664136708916,222,11.15,0.115585946,0.9712365935786923
15,629.7664136708916,223,11.200000000000001,0.11448863,0.9629025627544261
15,629.7664136708916,224,11.25,0.111129366,0.9548630882225659
15,629.7664136708916,225,11.3,0.10628678,0.9586070641868394
15,629.7664136708916,226,11.350000000000001,0.11102712,0.9641891635143702
15,629.7664136708916,227,11.4,0.10623619,0.9594457696015486
15,629.7664136708916,228,11.450000000000001,0.11314111,0.9648045044666347
15,629.7664136708916,229,11.5,0.09753988,0.9596422218000938
15,629.7664136708916,230,11.55,0.09860424,0.9574451893420747
15,629.7664136708916,231,11.600000000000001,0.11866449,0.9679929855345101
15,629.7664136708916,232,11.65,0.10745174,0.9548915088366665
15,629.7664136708916,233,11.700000000000001,0.11835943,0.9667605676388836
15,629.7664136708916,234,11.75,0.10842523,0.9608299085966461
15,629.7664136708916,235,11.8,0.11568791,0.9670571377543867
15,629.7664136708916,236,11.850000000000001,0.1009168,0.9611787679967423
15,629.7664136708916,237,11.9,0.11975684,0.9661776538163311
15,629.7664136708916,238,11.950000000000001,0.10500328,0.9585580222335459
15,629.7664136708916,239,12.0,0.10606141,0.9560309757916494
15,629.7664136708916,240,12.05,0.11187193,0.9704220554455132
15,629.7664136708916,241,12.100000000000001,0.10805999,0.9625576872253506
15,629.7664136708916,242,12.15,0.10199608,0.9533740958355537
15,629.7664136708916,243,12.200000000000001,0.110878654,0.9652026361942037
15,629.7664136708916,244,12.25,0.10692437,0.9629805397462312
15,629.7664136708916,245,12.3,0.115386255,0.9692406967951485
15,629.7664136708916,246,12.350000000000001,0.10426169,0.9684346507968618
15,629.7664136708916,247,12.4,0.10711232,0.9633321422851913
15,629.7664136708916,248,12.450000000000001,0.10683433,0.9640185709030148
15,629.7664136708916,249,12.5,0.111660935,0.960063063028626
15,629.7664136708916,250,12.55,0.105066836,0.9580091296581971
15,629.7664136708916,251,12.600000000000001,0.11646841,0.9681983476809539
15,629.7664136708916,252,12.65,0.10248621,0.9610883911337545
15,629.7664136708916,253,12.700000000000001,0.105233386,0.9618969701204293
15,629.7664136708916,254,12.75,0.10442039,0.9601935767799594
15,629.7664136708916,255,12.8,0.10376574,0.9577860632658511
15,629.7664136708916,256,12.850000000000001,0.103718944,0.9582336905681542
15,629.7664136708916,257,12.9,0.11440909,0.9616844790178103
15,629.7664136708916,258,12.950000000000001,0.12055343,0.9662969648499973
15,629.7664136708916,259,13.0,0.11760107,0.9657875584548558
15,629.7664136708916,260,13.05,0.11563469,0.96446872304914
15,629.7664136708916,261,13.100000000000001,0.10220327,0.9609709775699651
15,629.7664136708916,262,13.15,0.1051386,0.9598348648689173
15,629.7664136708916,263,13.200000000000001,0.10908132,0.9665730352956373
15,629.7664136708916,264,13.25,0.09892026,0.9671013460454408
15,629.7664136708916,265,13.3,0.1094376,0.959597022976728
15,629.7664136708916,266,13.350000000000001,0.100345604,0.961841799092142
15,629.7664136708916,267,13.4,0.12295947,0.9740597920456602
15,629.7664136708916,268,13.450000000000001,0.11993697,0.9657266452639269
15,629.7664136708916,269,13.5,0.114013605,0.9642972438365293
15,629.7664136708916,270,13.55,0.1212962,0.9741259241213606
15,629.7664136708916,271,13.600000000000001,0.112657316,0.9703472985214495
15,629.7664136708916,272,13.65,0.109954484,0.9679101256312891
15,629.7664136708916,273,13.700000000000001,0.10916792,0.964782465727877
15,629.7664136708916,274,13.75,0.108813144,0.9625588690982914
15,629.7664136708916,275,13.8,0.12356226,0.9748488352695182
15,629.7664136708916,276,13.850000000000001,0.11009475,0.9617603265341805
15,629.7664136708916,277,13.9,0.1137479,0.9609807194265758
15,629.7664136708916,278,13.950000000000001,0.10968292,0.9660816239722564
15,629.7664136708916,279,14.0,0.11351443,0.9610592524281466
15,629.7664136708916,280,14.05,0.11419292,0.965965080479625
15,629.7664136708916,281,14.100000000000001,0.117481574,0.9642920138485149
15,629.7664136708916,282,14.15,0.09989445,0.9594954094442713
15,629.7664136708916,283,14.200000000000001,0.113263644,0.9657947375381208
15,629.7664136708916,284,14.25,0.10297147,0.9615852775719044
15,629.7664136708916,285,14.3,0.10352735,0.9648502553774686
15,629.7664136708916,286,14.350000000000001,0.11991166,0.9670466514907232
15,629.7664136708916,287,14.4,0.11994781,0.9582370261418687
15,629.7664136708916,288,14.450000000000001,0.11822678,0.9574101322756374
15,629.7664136708916,289,14.5,0.09850132,0.955033951733979
15,629.7664136708916,290,14.55,0.11233209,0.9567100665143259
15,629.7664136708916,291,14.600000000000001,0.1024879,0.9677176233154345
15,629.7664136708916,292,14.65,0.109687656,0.959145526779286
15,629.7664136708916,293,14.700000000000001,0.12187164,0.9727488332538197
15,629.7664136708916,294,14.75,0.11284187,0.9660103442777895
15,629.7664136708916,295,14.8,0.11117772,0.9672893515853044
15,629.7664136708916,296,14.850000000000001,0.11357934,0.9652820545879054
15,629.7664136708916,297,14.9,0.11340363,0.9715765608155826
15,629.7664136708916,298,14.950000000000001,0.09515894,0.9570018599468549
15,629.7664136708916,299,15.0,0.10245913,0.9636149007744034
15,629.7664136708916,300,15.05,0.11323379,0.9607679604635311
15,629.7664136708916,301,15.100000000000001,0.09963113,0.9578506874020196
15,629.7664136708916,302,15.15,0.11231125,0.9586352942551183
15,629.7664136708916,303,15.200000000000001,0.11280959,0.9659552749693736
15,629.7664136708916,304,15.25,0.1099876,0.9609730417776651
15,629.7664136708916,305,15.3,0.114315085,0.9585929573426575
15,629.7664136708916,306,15.350000000000001,0.113881215,0.9639935851632119
15,629.7664136708916,307,15.4,0.11819964,0.9629710688510229
15,629.7664136708916,308,15.450000000000001,0.10925604,0.9619808106523363
15,629.7664136708916,309,15.5,0.11696238,0.9634192583141669
15,629.7664136708916,310,15.55,0.11047916,0.9659539552144735
15,629.7664136708916,311,15.600000000000001,0.10283667,0.9613897587298005
15,629.7664136708916,312,15.65,0.11126815,0.9525532814592045
15,629.7664136708916,313,15.700000000000001,0.1115242,0.9631962586750012
15,629.7664136708916,314,15.75,0.09875624,0.962614612505938
15,629.7664136708916,315,15.8,0.109092444,0.9656045175904802
15,629.7664136708916,316,15.850000000000001,0.104225926,0.966600910811611
15,629.7664136708916,317,15.9,0.12126617,0.9644515681965665
15,629.7664136708916,318,15.950000000000001,0.10666865,0.9626840811086
15,629.7664136708916,319,16.0,0.11644757,0.9669872636584946
15,629.7664136708916,320,16.05,0.10475363,0.9657173445200533
15,629.7664136708916,321,16.1,0.10985746,0.9642898252295259
15,629.7664136708916,322,16.150000000000002,0.12535462,0.9621007320251381
15,629.7664136708916,323,16.2,0.11533064,0.9671482975027258
15,629.7664136708916,324,16.25,0.10980379,0.9622094381463874
15,629.7664136708916,325,16.3,0.1029479,0.9641745416665521
15,629.7664136708916,326,16.35,0.1113834,0.961325050451698
15,629.7664136708916,327,16.400000000000002,0.11000179,0.9619968072726504
15,629.7664136708916,328,16.45,0.12017961,0.967277084051094
15,629.7664136708916,329,16.5,0.11368158,0.9655446914318382
15,629.7664136708916,330,16.55,0.09284116,0.9645301402735348
15,629.7664136708916,331,16.6,0.10727246,0.9603913574280935
15,629.7664136708916,332,16.650000000000002,0.100507036,0.9610487045629642
15,629.7664136708916,333,16.7,0.11260805,0.9575933355136977
15,629.7664136708916,334,16.75,0.114611246,0.9539798270747116
15,629.7664136708916,335,16.8,0.11293402,0.9637519548124466
15,629.7664136708916,336,16.85,0.10939006,0.9627620971361724
15,629.7664136708916,337,16.900000000000002,0.11190215,0.9582423358956035
15,629.7664136708916,338,16.95,0.10115621,0.9599702810089978
15,629.7664136708916,339,17.0,0.111299306,0.9650263983391942
15,629.7664136708916,340,17.05,0.117791116,0.9623455171242166
15,629.7664136708916,341,17.1,0.105224326,0.9653729789038329
15,629.7664136708916,342,17.150000000000002,0.10599436,0.9607042193291748
15,629.7664136708916,343,17.2,0.11328431,0.9635241786839929
15,629.7664136708916,344,17.25,0.103776604,0.9658598465112783
15,629.7664136708916,345,17.3,0.108458005,0.9614804379883171
15,629.7664136708916,346,17.35,0.111146525,0.9681777004475421
15,629.7664136708916,347,17.400000000000002,0.10176546,0.9587262830484613
15,629.7664136708916,348,17.45,0.106393576,0.9593861875521643
15,629.7664136708916,349,17.5,0.10579705,0.9637805403818228
15,629.7664136708916,350,17.55,0.11038495,0.9596474305944521
15,629.7664136708916,351,17.6,0.10762748,0.961171967367991
15,629.7664136708916,352,17.650000000000002,0.10177228,0.9686234242786278
15,629.7664136708916,353,17.7,0.111262694,0.9622225425991022
15,629.7664136708916,354,17.75,0.11036138,0.963572674225687
15,629.7664136708916,355,17.8,0.10877649,0.9588346643305704
15,629.7664136708916,356,17.85,0.10960147,0.9622147788559845
15,629.7664136708916,357,17.900000000000002,0.11100291,0.9619392127482752
15,629.7664136708916,358,17.95,0.10486117,0.9603109197832064
15,629.7664136708916,359,18.0,0.11191377,0.9678604795868962
15,629.7664136708916,360,18.05,0.104282476,0.9656096209833631
15,629.7664136708916,361,18.1,0.10052688,0.957921047277963
15,629.7664136708916,362,18.150000000000002,0.11127126,0.957553340037844
15,629.7664136708916,363,18.2,0.11271041,0.9645817054749682
15,629.7664136708916,364,18.25,0.10617742,0.9630847486113887
15,629.7664136708916,365,18.3,0.112329006,0.9591761396784823
15,629.7664136708916,366,18.35,0.11126113,0.9641894334729196
15,629.7664136708916,367,18.400000000000002,0.0990709,0.9652088300767413
15,629.7664136708916,368,18.45,0.111206576,0.967848696768594
15,629.7664136708916,369,18.5,0.10285016,0.9602983042603308
15,629.7664136708916,370,18.55,0.1143075,0.9620664985392913
15,629.7664136708916,371,18.6,0.11291253,0.9632598552728686
15,629.7664136708916,372,18.650000000000002,0.11547713,0.9686185109945684
15,629.7664136708916,373,18.7,0.106775075,0.9638505278214016
15,629.7664136708916,374,18.75,0.11220776,0.9538543722876452
15,629.7664136708916,375,18.8,0.10494547,0.9610315363103743
15,629.7664136708916,376,18.85,0.09738599,0.9651390534728893
15,629.7664136708916,377,18.900000000000002,0.10432487,0.9653878998176612
15,629.7664136708916,378,18.95,0.10163077,0.9650062999244463
15,629.7664136708916,379,19.0,0.111100495,0.9667942245005622
15,629.7664136708916,380,19.05,0.107816614,0.9716307248007244
15,629.7664136708916,381,19.1,0.09780617,0.9584944200381088
15,629.7664136708916,382,19.150000000000002,0.09944038,0.9623489371473165
15,629.7664136708916,383,19.200000000000003,0.11169742,0.9579184153571859
15,629.7664136708916,384,19.25,0.11756715,0.9570635444334195
15,629.7664136708916,385,19.3,0.12392798,0.9748184431421288
15,629.7664136708916,386,19.35,0.11430447,0.9627685833503105
15,629.7664136708916,387,19.400000000000002,0.10320611,0.9637382530040329
15,629.7664136708916,388,19.450000000000003,0.09903326,0.9598837060745846
15,629.7664136708916,389,19.5,0.107587196,0.9595110047789005
15,629.7664136708916,390,19.55,0.10634875,0.9631194073171168
15,629.7664136708916,391,19.6,0.10945027,0.9635186558836908
15,629.7664136708916,392,19.650000000000002,0.099559754,0.9603524432862177
15,629.7664136708916,393,19.700000000000003,0.121004224,0.9710451278920424
15,629.7664136708916,394,19.75,0.10651004,0.9631379740087743
15,629.7664136708916,395,19.8,0.108706325,0.9609264100479792
15,629.7664136708916,396,19.85,0.09815038,0.9602410117935398
15,629.7664136708916,397,19.900000000000002,0.10384676,0.9645965433621209
15,629.7664136708916,398,19.950000000000003,0.11023877,0.9564836121592953
15,629.7664136708916,399,20.0,0.118590675,0.966953106113004
16,663.850657696695,0,0.05,0.10478673,0.9592820862900944
16,663.850657696695,1,0.1,0.10471969,0.9667312904982548
16,663.850657696695,2,0.15000000000000002,0.104334004,0.9606812255624938
16,663.850657696695,3,0.2,0.11040223,0.9510672978054092
16,663.850657696695,4,0.25,0.1158085,0.9677134280313768
16,663.850657696695,5,0.30000000000000004,0.10857944,0.9575438826635033
16,663.850657696695,6,0.35000000000000003,0.10110477,0.9619005593231297
16,663.850657696695,7,0.4,0.107268415,0.9612648525545825
16,663.850657696695,8,0.45,0.09554265,0.9571576160138269
16,663.850657696695,9,0.5,0.09996906,0.9565690294096907
16,663.850657696695,10,0.55,0.10590352,0.9581596500612976
16,663.850657696695,11,0.6000000000000001,0.102461666,0.9670694099920416
16,663.850657696695,12,0.65,0.11417849,0.9590810291074637
16,663.850657696695,13,0.7000000000000001,0.109825894,0.9630558119366962
16,663.850657696695,14,0.75,0.10454818,0.9643232924285705
16,663.850657696695,15,0.8,0.10867202,0.9593215945604588
16,663.850657696695,16,0.8500000000000001,0.10788414,0.9617559913809564
16,663.850657696695,17,0.9,0.104772665,0.9616397103920443
16,663.850657696695,18,0.9500000000000001,0.11499337,0.9604515605890149
16,663.850657696695,19,1.0,0.11013412,0.9639385234304277
16,663.850657696695,20,1.05,0.10785039,0.9600520710532572
16,663.850657696695,21,1.1,0.10676127,0.9567500918816938
16,663.850657696695,22,1.1500000000000001,0.11034174,0.9537028868241633
16,663.850657696695,23,1.2000000000000002,0.104593776,0.9634204438003557
16,663.850657696695,24,1.25,0.10353991,0.9663163753163859
16,663.850657696695,25,1.3,0.10917269,0.9599739728999674
16,663.850657696695,26,1.35,0.10798856,0.962357595757058
16,663.850657696695,27,1.4000000000000001,0.120424636,0.9710067693844974
16,663.850657696695,28,1.4500000000000002,0.1070038,0.9642855289548574
16,663.850657696695,29,1.5,0.1170187,0.9634647822736536
16,663.850657696695,30,1.55,0.11008687,0.9578843892653076
16,663.850657696695,31,1.6,0.11156928,0.9597917906746651
16,663.850657696695,32,1.6500000000000001,0.10590352,0.9681841271699887
16,663.850657696695,33,1.7000000000000002,0.10463024,0.96882126260276
16,663.850657696695,34,1.75,0.109672636,0.9676246216536822
16,663.850657696695,35,1.8,0.11809838,0.9557665849516513
16,663.850657696695,36,1.85,0.114262745,0.9604896915295993
16,663.850657696695,37,1.9000000000000001,0.10435063,0.9587909391122666
16,663.850657696695,38,1.9500000000000002,0.12297075,0.9655193464131578
16,663.850657696695,39,2.0,0.11459535,0.9606205532186982
16,663.850657696695,40,2.0500000000000003,0.11817764,0.9644472328543944
16,663.850657696695,41,2.1,0.104638524,0.96451205246531
16,663.850657696695,42,2.15,0.11000888,0.9657284429881832
16,663.850657696695,43,2.2,0.118446566,0.9715973160957461
16,663.850657696695,44,2.25,0.115492895,0.9670118659489679
16,663.850657696695,45,2.3000000000000003,0.111489214,0.9550231895518378
16,663.850657696695,46,2.35,0.12003235,0.9639231716092387
16,663.850657696695,47,2.4000000000000004,0.11376391,0.9689546952015337
16,663.850657696695,48,2.45,0.10274895,0.9552855389865554
16,663.850657696695,49,2.5,0.11937326,0.9646032596523904
16,663.850657696695,50,2.5500000000000003,0.09891237,0.9607013561083511
16,663.850657696695,51,2.6,0.12012404,0.9663721335796919
16,663.850657696695,52,2.6500000000000004,0.1142248,0.9676175660206907
16,663.850657696695,53,2.7,0.117217086,0.963309011848841
16,663.850657696695,54,2.75,0.104151875,0.9631285512602591
16,663.850657696695,55,2.8000000000000003,0.105956726,0.9588658698402269
16,663.850657696695,56,2.85,0.11743139,0.9670015089135006
16,663.850657696695,57,2.9000000000000004,0.10064324,0.9639674626502893
16,663.850657696695,58,2.95,0.114446975,0.9723423303764344
16,663.850657696695,59,3.0,0.114960946,0.9636072736057826
16,663.850657696695,60,3.0500000000000003,0.10744528,0.9623911495625534
16,663.850657696695,61,3.1,0.1113943,0.9594461220073591
16,663.850657696695,62,3.1500000000000004,0.117231146,0.963436279299097
16,663.850657696695,63,3.2,0.10718271,0.9649808606931545
16,663.850657696695,64,3.25,0.11137095,0.9552565867838516
16,663.850657696695,65,3.3000000000000003,0.11634999,0.9543238003577775
16,663.850657696695,66,3.35,0.115308836,0.9695356352524964
16,663.850657696695,67,3.4000000000000004,0.10070008,0.9624404293099844
16,663.850657696695,68,3.45,0.10606059,0.9556201078519672
16,663.850657696695,69,3.5,0.10194932,0.9619019278000817
16,663.850657696695,70,3.5500000000000003,0.114797935,0.9704281155520461
16,663.850657696695,71,3.6,0.10869356,0.9716335323400641
16,663.850657696695,72,3.6500000000000004,0.114694424,0.9636801133840683
16,663.850657696695,73,3.7,0.10257752,0.9570748298750419
16,663.850657696695,74,3.75,0.10451998,0.9622407490839163
16,663.850657696695,75,3.8000000000000003,0.118846275,0.9665997195351381
16,663.850657696695,76,3.85,0.12039871,0.971768763664088
16,663.850657696695,77,3.9000000000000004,0.10894293,0.9562640124091615
16,663.850657696695,78,3.95,0.1151546,0.9582082802153606
16,663.850657696695,79,4.0,0.11897022,0.9713174325321086
16,663.850657696695,80,4.05,0.10842123,0.9687140252984773
16,663.850657696695,81,4.1000000000000005,0.12824477,0.9610245978083749
16,663.850657696695,82,4.15,0.099491805,0.9577921370399769
16,663.850657696695,83,4.2,0.11571114,0.96900708875865
16,663.850657696695,84,4.25,0.10410191,0.9627507240921442
16,663.850657696695,85,4.3,0.11702833,0.9650414611535971
16,663.850657696695,86,4.3500000000000005,0.11377992,0.9647547897349154
16,663.850657696695,87,4.4,0.116462454,0.969870570973985
16,663.850657696695,88,4.45,0.116927534,0.966607997841083
16,663.850657696695,89,4.5,0.12155752,0.9684341351595447
16,663.850657696695,90,4.55,0.11272963,0.963029309880933
16,663.850657696695,91,4.6000000000000005,0.10250566,0.9606877950291237
16,663.850657696695,92,4.65,0.10232874,0.9646299001476176
16,663.850657696695,93,4.7,0.12635897,0.9721201221468286
16,663.850657696695,94,4.75,0.1212676,0.9662279260252756
16,663.850657696695,95,4.800000000000001,0.11279268,0.9620953876328233
16,663.850657696695,96,4.8500000000000005,0.09784782,0.9652302236991942
16,663.850657696695,97,4.9,0.11755978,0.9684942795664149
16,663.850657696695,98,4.95,0.116476595,0.9720112608914278
16,663.850657696695,99,5.0,0.106271274,0.9661573434306864
16,663.850657696695,100,5.050000000000001,0.10180294,0.9614803939755326
16,663.850657696695,101,5.1000000000000005,0.12054624,0.9659039823166528
16,663.850657696695,102,5.15,0.12376557,0.9677583575751256
16,663.850657696695,103,5.2,0.1238195,0.9688503323877278
16,663.850657696695,104,5.25,0.117481574,0.9678793154135047
16,663.850657696695,105,5.300000000000001,0.118465595,0.9683150034310022
16,663.850657696695,106,5.3500000000000005,0.11264731,0.9598447492269103
16,663.850657696695,107,5.4,0.109643385,0.9633270144284969
16,663.850657696695,108,5.45,0.10268059,0.9573523236035153
16,663.850657696695,109,5.5,0.11591027,0.9651457946743368
16,663.850657696695,110,5.550000000000001,0.12283814,0.9650057559036572
16,663.850657696695,111,5.6000000000000005,0.105691284,0.9659504848961555
16,663.850657696695,112,5.65,0.12338321,0.9685692641758975
16,663.850657696695,113,5.7,0.1165339,0.9709539339214975
16,663.850657696695,114,5.75,0.11156617,0.9642594465167742
16,663.850657696695,115,5.800000000000001,0.117112756,0.9676567711815915
16,663.850657696695,116,5.8500000000000005,0.11863672,0.967438075528665
16,663.850657696695,117,5.9,0.119182095,0.9639506536383686
16,663.850657696695,118,5.95,0.11178355,0.972101516365298
16,663.850657696695,119,6.0,0.11280882,0.9706253537521325
16,663.850657696695,120,6.050000000000001,0.11429157,0.968310032546237
16,663.850657696695,121,6.1000000000000005,0.12327635,0.9639017694125324
16,663.850657696695,122,6.15,0.11456434,0.964414278048113
16,663.850657696695,123,6.2,0.09816893,0.9535982122477689
16,663.850657696695,124,6.25,0.11001676,0.9648265647352003
16,663.850657696695,125,6.300000000000001,0.114243016,0.9612028282576893
16,663.850657696695,126,6.3500000000000005,0.11032602,0.9613079599790725
16,663.850657696695,127,6.4,0.11242004,0.9629994670083499
16,663.850657696695,128,6.45,0.117167525,0.9743727584458994
16,663.850657696695,129,6.5,0.124815375,0.9679910479404896
16,663.850657696695,130,6.550000000000001,0.11559944,0.9670096276135404
16,663.850657696695,131,6.6000000000000005,0.10575279,0.9612505463150961
16,663.850657696695,132,6.65,0.11382791,0.9660879613439605
16,663.850657696695,133,6.7,0.11555069,0.9577670935834491
16,663.850657696695,134,6.75,0.121768445,0.9662341477701356
16,663.850657696695,135,6.800000000000001,0.1132491,0.9683541750566316
16,663.850657696695,136,6.8500000000000005,0.12137836,0.9655826406160816
16,663.850657696695,137,6.9,0.1150612,0.9631334982401103
16,663.850657696695,138,6.95,0.11752733,0.9670429612388661
16,663.850657696695,139,7.0,0.10446273,0.9593813639426307
16,663.850657696695,140,7.050000000000001,0.115201265,0.9640978094695779
16,663.850657696695,141,7.1000000000000005,0.11446288,0.9657862166782585
16,663.850657696695,142,7.15,0.12167016,0.9618577717179915
16,663.850657696695,143,7.2,0.11467855,0.9617944385264656
16,663.850657696695,144,7.25,0.11534041,0.9697177217434261
16,663.850657696695,145,7.300000000000001,0.12439094,0.9726077837177657
16,663.850657696695,146,7.3500000000000005,0.112005144,0.9610186602622937
16,663.850657696695,147,7.4,0.1027152,0.95286449476017
16,663.850657696695,148,7.45,0.10297652,0.9667512784763765
16,663.850657696695,149,7.5,0.100733645,0.9601808366500707
16,663.850657696695,150,7.550000000000001,0.121351935,0.9749268890734447
16,663.850657696695,151,7.6000000000000005,0.1137014,0.9622584493116826
16,663.850657696695,152,7.65,0.11492097,0.9629089305143375
16,663.850657696695,153,7.7,0.11270118,0.9627857378586947
16,663.850657696695,154,7.75,0.11902924,0.9674766237482078
16,663.850657696695,155,7.800000000000001,0.11452725,0.9639512415759206
16,663.850657696695,156,7.8500000000000005,0.10932505,0.9658001581314257
16,663.850657696695,157,7.9,0.10148992,0.9691932747432598
16,663.850657696695,158,7.95,0.105703585,0.9703057168622113
16,663.850657696695,159,8.0,0.10986614,0.9632197756161923
16,663.850657696695,160,8.05,0.10607857,0.9592053354380765
16,663.850657696695,161,8.1,0.102200724,0.9619105212646859
16,663.850657696695,162,8.15,0.1291864,0.970604561563022
16,663.850657696695,163,8.200000000000001,0.10907019,0.967318446899007
16,663.850657696695,164,8.25,0.11274963,0.965942925972521
16,663.850657696695,165,8.3,0.11972571,0.9671065547428016
16,663.850657696695,166,8.35,0.10912661,0.9618430688126457
16,663.850657696695,167,8.4,0.10526305,0.9597863162442876
16,663.850657696695,168,8.450000000000001,0.11425895,0.9714512292254975
16,663.850657696695,169,8.5,0.11746977,0.9705828094323007
16,663.850657696695,170,8.55,0.11210186,0.964056375693796
16,663.850657696695,171,8.6,0.112456284,0.9651633518538796
16,663.850657696695,172,8.65,0.12113026,0.9661582421347916
16,663.850657696695,173,8.700000000000001,0.11548464,0.9678499113792487
16,663.850657696695,174,8.75,0.114280194,0.9640430357942121
16,663.850657696695,175,8.8,0.100976065,0.9637900798448592
16,663.850657696695,176,8.85,0.11732059,0.9678018533141485
16,663.850657696695,177,8.9,0.095569864,0.9572291994268852
16,663.850657696695,178,8.950000000000001,0.1123151,0.9740343451180141
16,663.850657696695,179,9.0,0.10325231,0.9641103354607234
16,663.850657696695,180,9.05,0.12196906,0.9705716031420674
16,663.850657696695,181,9.1,0.10962599,0.964203334585852
16,663.850657696695,182,9.15,0.11907366,0.9688680610437753
16,663.850657696695,183,9.200000000000001,0.11782055,0.9653813815051417
16,663.850657696695,184,9.25,0.10979825,0.9711844129699272
16,663.850657696695,185,9.3,0.11572762,0.9704090364349506
16,663.850657696695,186,9.35,0.11966704,0.9560317607059794
16,663.850657696695,187,9.4,0.102800414,0.9632564673720573
16,663.850657696695,188,9.450000000000001,0.11279114,0.9689883412623504
16,663.850657696695,189,9.5,0.10591499,0.9610546671139532
16,663.850657696695,190,9.55,0.122169346,0.9686730904928708
16,663.850657696695,191,9.600000000000001,0.11739151,0.9636648177606559
16,663.850657696695,192,9.65,0.1021235,0.965074554144337
16,663.850657696695,193,9.700000000000001,0.11054819,0.9584425931834425
16,663.850657696695,194,9.75,0.115761325,0.9622955197359593
16,663.850657696695,195,9.8,0.11764751,0.9702899448653731
16,663.850657696695,196,9.850000000000001,0.12118751,0.9725547433979169
16,663.850657696695,197,9.9,0.109959215,0.9628765328731963
16,663.850657696695,198,9.950000000000001,0.12037927,0.9735490406526789
16,663.850657696695,199,10.0,0.11543508,0.9620514521183429
16,663.850657696695,200,10.05,0.10202667,0.9623072880971496
16,663.850657696695,201,10.100000000000001,0.124425784,0.964933763661647
16,663.850657696695,202,10.15,0.12463116,0.9662231606072321
16,663.850657696695,203,10.200000000000001,0.09890098,0.9629019659438447
16,663.850657696695,204,10.25,0.11886232,0.9752354488246061
16,663.850657696695,205,10.3,0.10447434,0.9565498463845914
16,663.850657696695,206,10.350000000000001,0.10522762,0.9581683278680571
16,663.850657696695,207,10.4,0.11471558,0.9714509009100917
16,663.850657696695,208,10.450000000000001,0.10397858,0.9627525576228604
16,663.850657696695,209,10.5,0.112076335,0.9636923742553444
16,663.850657696695,210,10.55,0.108052775,0.9670466985941968
16,663.850657696695,211,10.600000000000001,0.1238664,0.959379112209955
16,663.850657696695,212,10.65,0.11542381,0.9666610545559352
16,663.850657696695,213,10.700000000000001,0.11345714,0.9655476952271589
16,663.850657696695,214,10.75,0.10790343,0.9646223546127115
16,663.850657696695,215,10.8,0.10969635,0.9612820558792526
16,663.850657696695,216,10.850000000000001,0.121090166,0.9601108268734487
16,663.850657696695,217,10.9,0.12456158,0.9678480313715743
16,663.850657696695,218,10.950000000000001,0.12162882,0.9708388539113962
16,663.850657696695,219,11.0,0.11808002,0.9645844523744139
16,663.850657696695,220,11.05,0.12000779,0.9672158106379999
16,663.850657696695,221,11.100000000000001,0.1095809,0.9616139829199278
16,663.850657696695,222,11.15,0.11438408,0.9626011890796266
16,663.850657696695,223,11.200000000000001,0.09953624,0.9645560845846493
16,663.850657696695,224,11.25,0.10634223,0.9613114295493347
16,663.850657696695,225,11.3,0.09735928,0.9567440975033414
16,663.850657696695,226,11.350000000000001,0.11206628,0.9631577930040901
16,663.850657696695,227,11.4,0.109353594,0.9591357646302905
16,663.850657696695,228,11.450000000000001,0.10270507,0.9546323729972878
16,663.850657696695,229,11.5,0.12272799,0.9721829144006027
16,663.850657696695,230,11.55,0.1097003,0.9634128808859093
16,663.850657696695,231,11.600000000000001,0.11397025,0.9701933653305299
16,663.850657696695,232,11.65,0.10635365,0.9657128564944425
16,663.850657696695,233,11.700000000000001,0.11744689,0.9600664938674036
16,663.850657696695,234,11.75,0.10335889,0.9597760799677808
16,663.850657696695,235,11.8,0.11896949,0.9633032654992069
16,663.850657696695,236,11.850000000000001,0.11973802,0.9701936836591096
16,663.850657696695,237,11.9,0.11569765,0.9629389837865963
16,663.850657696695,238,11.950000000000001,0.11287643,0.9638726214471213
16,663.850657696695,239,12.0,0.1081009,0.9673390668313622
16,663.850657696695,240,12.05,0.10251158,0.9618301808701214
16,663.850657696695,241,12.100000000000001,0.12153112,0.9666518536670313
16,663.850657696695,242,12.15,0.1074719,0.95966831419668
16,663.850657696695,243,12.200000000000001,0.114683084,0.9594624904877807
16,663.850657696695,244,12.25,0.111269705,0.9676758613531227
16,663.850657696695,245,12.3,0.11264731,0.9682995161962674
16,663.850657696695,246,12.350000000000001,0.11455146,0.9608754894576765
16,663.850657696695,247,12.4,0.1100404,0.9632895746220288
16,663.850657696695,248,12.450000000000001,0.10853632,0.9598785244954583
16,663.850657696695,249,12.5,0.11643416,0.9655194094902009
16,663.850657696695,250,12.55,0.113916986,0.9668670457164735
16,663.850657696695,251,12.600000000000001,0.101593226,0.9615545054346929
16,663.850657696695,252,12.65,0.10265779,0.9547557161610571
16,663.850657696695,253,12.700000000000001,0.109289356,0.9635398198716021
16,663.850657696695,254,12.75,0.11152498,0.9623937596023936
16,663.850657696695,255,12.8,0.105701946,0.9644916829770857
16,663.850657696695,256,12.850000000000001,0.11428702,0.964322862096491
16,663.850657696695,257,12.9,0.116078444,0.959998043027273
16,663.850657696695,258,12.950000000000001,0.110711984,0.9693600327980227
16,663.850657696695,259,13.0,0.09761718,0.957718891982132
16,663.850657696695,260,13.05,0.11290869,0.962217509449027
16,663.850657696695,261,13.100000000000001,0.11231743,0.9696459165257647
16,663.850657696695,262,13.15,0.10540297,0.9593540361733041
16,663.850657696695,263,13.200000000000001,0.10342262,0.9608057635057308
16,663.850657696695,264,13.25,0.117528796,0.9654847854300924
16,663.850657696695,265,13.3,0.099941306,0.9648917832193457
16,663.850657696695,266,13.350000000000001,0.11511695,0.9630024558920502
16,663.850657696695,267,13.4,0.113113515,0.9612236110065882
16,663.850657696695,268,13.450000000000001,0.105703585,0.9602968006931341
16,663.850657696695,269,13.5,0.12293973,0.9668918998873718
16,663.850657696695,270,13.55,0.0992012,0.9590600184808271
16,663.850657696695,271,13.600000000000001,0.10233128,0.9637717325565391
16,663.850657696695,272,13.65,0.104309075,0.9664341884425737
16,663.850657696695,273,13.700000000000001,0.10628596,0.9626399324693637
16,663.850657696695,274,13.75,0.1078126,0.963403472013371
16,663.850657696695,275,13.8,0.11616355,0.9685997162925799
16,663.850657696695,276,13.850000000000001,0.11539151,0.9668410138274441
16,663.850657696695,277,13.9,0.11324987,0.9631286835293537
16,663.850657696695,278,13.950000000000001,0.108290814,0.9592568488079818
16,663.850657696695,279,14.0,0.11878352,0.9713761110255551
16,663.850657696695,280,14.05,0.11263346,0.9642192798482928
16,663.850657696695,281,14.100000000000001,0.1108419,0.9622750476380197
16,663.850657696695,282,14.15,0.109781675,0.9622046571474625
16,663.850657696695,283,14.200000000000001,0.12356226,0.967765641343757
16,663.850657696695,284,14.25,0.1178669,0.954749954843368
16,663.850657696695,285,14.3,0.108065605,0.9673113406618328
16,663.850657696695,286,14.350000000000001,0.11684001,0.9571533712249519
16,663.850657696695,287,14.4,0.1161949,0.9630977513270692
16,663.850657696695,288,14.450000000000001,0.109051906,0.961365435215063
16,663.850657696695,289,14.5,0.11907293,0.959426786189394
16,663.850657696695,290,14.55,0.10224906,0.9612947825291074
16,663.850657696695,291,14.600000000000001,0.12438676,0.9773488973788453
16,663.850657696695,292,14.65,0.12077473,0.9645335743814477
16,663.850657696695,293,14.700000000000001,0.105493404,0.9655418219401889
16,663.850657696695,294,14.75,0.116232194,0.9584174329066966
16,663.850657696695,295,14.8,0.105088286,0.9579530405886727
16,663.850657696695,296,14.850000000000001,0.12285155,0.9660921513427484
16,663.850657696695,297,14.9,0.11180061,0.9605470377630867
16,663.850657696695,298,14.950000000000001,0.11590803,0.9660130026591149
16,663.850657696695,299,15.0,0.11161201,0.9638272463516393
16,663.850657696695,300,15.05,0.11319397,0.9689735914295735
16,663.850657696695,301,15.100000000000001,0.11438105,0.9593215029094908
16,663.850657696695,302,15.15,0.11496019,0.9631481966166995
16,663.850657696695,303,15.200000000000001,0.11565717,0.9689250174050039
16,663.850657696695,304,15.25,0.11898188,0.9660294162225301
16,663.850657696695,305,15.3,0.10268312,0.9634768026216748
16,663.850657696695,306,15.350000000000001,0.109311566,0.9648117114745441
16,663.850657696695,307,15.4,0.1084636,0.9581889886045147
16,663.850657696695,308,15.450000000000001,0.1159828,0.9614231079534724
16,663.850657696695,309,15.5,0.11605678,0.9654599714914556
16,663.850657696695,310,15.55,0.12124758,0.9668601185248591
16,663.850657696695,311,15.600000000000001,0.108473994,0.9606174742167634
16,663.850657696695,312,15.65,0.1210959,0.9673498506635057
16,663.850657696695,313,15.700000000000001,0.110967755,0.9689950132000478
16,663.850657696695,314,15.75,0.119373985,0.9663766914917328
16,663.850657696695,315,15.8,0.11832646,0.9721216078315017
16,663.850657696695,316,15.850000000000001,0.12033605,0.9668981688823806
16,663.850657696695,317,15.9,0.11368692,0.9628802917927144
16,663.850657696695,318,15.950000000000001,0.11151642,0.9623808543562387
16,663.850657696695,319,16.0,0.11022303,0.9735890845323812
16,663.850657696695,320,16.05,0.11593345,0.9687743080991759
16,663.850657696695,321,16.1,0.098488994,0.964779775258597
16,663.850657696695,322,16.150000000000002,0.10730236,0.9658005117145271
16,663.850657696695,323,16.2,0.10169899,0.963292022614287
16,663.850657696695,324,16.25,0.115737356,0.9680054369044548
16,663.850657696695,325,16.3,0.10425421,0.9641401714009533
16,663.850657696695,326,16.35,0.101869345,0.962773841471036
16,663.850657696695,327,16.400000000000002,0.11668705,0.9729006696737468
16,663.850657696695,328,16.45,0.10031708,0.960745024213405
16,663.850657696695,329,16.5,0.10388098,0.9583147607331822
16,663.850657696695,330,16.55,0.11263961,0.9656044129743702
16,663.850657696695,331,16.6,0.11334093,0.9671493013839858
16,663.850657696695,332,16.650000000000002,0.11853803,0.9659308459029649
16,663.850657696695,333,16.7,0.11814389,0.9622640900979417
16,663.850657696695,334,16.75,0.109365486,0.9633264157049888
16,663.850657696695,335,16.8,0.11937326,0.9605918826923102
16,663.850657696695,336,16.85,0.11366327,0.9646246185486443
16,663.850657696695,337,16.900000000000002,0.11075739,0.9666988351585717
16,663.850657696695,338,16.95,0.10680593,0.9616925413984158
16,663.850657696695,339,17.0,0.11223326,0.9617554334797536
16,663.850657696695,340,17.05,0.10453574,0.9634300503947287
16,663.850657696695,341,17.1,0.118521936,0.9680722039746039
16,663.850657696695,342,17.150000000000002,0.111968756,0.9627521354556825
16,663.850657696695,343,17.2,0.11246014,0.9686369393921083
16,663.850657696695,344,17.25,0.11711646,0.9639876068564862
16,663.850657696695,345,17.3,0.108250774,0.963055703900173
16,663.850657696695,346,17.35,0.11893087,0.9643744563859334
16,663.850657696695,347,17.400000000000002,0.110604644,0.9635571645702999
16,663.850657696695,348,17.45,0.11374943,0.9599399247036846
16,663.850657696695,349,17.5,0.1125033,0.9670534234611673
16,663.850657696695,350,17.55,0.11331645,0.9614063069330284
16,663.850657696695,351,17.6,0.10787048,0.965193267643704
16,663.850657696695,352,17.650000000000002,0.109690025,0.9665354479147296
16,663.850657696695,353,17.7,0.11343421,0.9608860201260404
16,663.850657696695,354,17.75,0.10926001,0.9555412429642429
16,663.850657696695,355,17.8,0.10646852,0.9650530127109681
16,663.850657696695,356,17.85,0.11190292,0.9560093365235454
16,663.850657696695,357,17.900000000000002,0.11004434,0.9665231151528109
16,663.850657696695,358,17.95,0.113818005,0.9604561107889525
16,663.850657696695,359,18.0,0.107531585,0.9660558846637688
16,663.850657696695,360,18.05,0.115714885,0.9649990522618155
16,663.850657696695,361,18.1,0.12104434,0.9646508203866956
16,663.850657696695,362,18.150000000000002,0.107677415,0.9622171611125705
16,663.850657696695,363,18.2,0.10647992,0.9617534380900045
16,663.850657696695,364,18.25,0.11198037,0.964707225975287
16,663.850657696695,365,18.3,0.1076452,0.9622292922226926
16,663.850657696695,366,18.35,0.104973555,0.9623833144674613
16,663.850657696695,367,18.400000000000002,0.110225394,0.9608452664683486
16,663.850657696695,368,18.45,0.108162634,0.9551445123131079
16,663.850657696695,369,18.5,0.113528185,0.9664285660512905
16,663.850657696695,370,18.55,0.112468615,0.9598782622257166
16,663.850657696695,371,18.6,0.11568566,0.9590127525165023
16,663.850657696695,372,18.650000000000002,0.10769191,0.9689163390234538
16,663.850657696695,373,18.7,0.10236855,0.959911878758553
16,663.850657696695,374,18.75,0.09926498,0.9572663777066933
16,663.850657696695,375,18.8,0.107165724,0.9635911107984408
16,663.850657696695,376,18.85,0.11326212,0.9618960350036132
16,663.850657696695,377,18.900000000000002,0.110056154,0.9611603054611821
16,663.850657696695,378,18.95,0.11334093,0.9659281738556112
16,663.850657696695,379,19.0,0.09906565,0.9660208931668002
16,663.850657696695,380,19.05,0.11738634,0.9705363478818536
16,663.850657696695,381,19.1,0.11252333,0.9581182979525186
16,663.850657696695,382,19.150000000000002,0.109391645,0.9618043676610756
16,663.850657696695,383,19.200000000000003,0.108945325,0.9681415021569952
16,663.850657696695,384,19.25,0.10745738,0.9646155224391643
16,663.850657696695,385,19.3,0.10476108,0.9596327072543962
16,663.850657696695,386,19.35,0.1064335,0.967708402442369
16,663.850657696695,387,19.400000000000002,0.109289356,0.9645616036842741
16,663.850657696695,388,19.450000000000003,0.11550341,0.9705896437702909
16,663.850657696695,389,19.5,0.114500746,0.9682468621489887
16,663.850657696695,390,19.55,0.116210565,0.9588095882890545
16,663.850657696695,391,19.6,0.11666699,0.9671280578429188
16,663.850657696695,392,19.650000000000002,0.115537174,0.9761467431925179
16,663.850657696695,393,19.700000000000003,0.11247555,0.9616648750289343
16,663.850657696695,394,19.75,0.122714564,0.9704890462838094
16,663.850657696695,395,19.8,0.10635935,0.9610844548836533
16,663.850657696695,396,19.85,0.11016245,0.9609035415507401
16,663.850657696695,397,19.900000000000002,0.12040807,0.9709919216491524
16,663.850657696695,398,19.950000000000003,0.11476545,0.9719234794596571
16,663.850657696695,399,20.0,0.110785566,0.9563447003228247
17,700.0,0,0.05,0.11061562,0.9630975267440582
17,700.0,1,0.1,0.10808165,0.9579749442576022
17,700.0,2,0.15000000000000002,0.09875448,0.9622558040135815
17,700.0,3,0.2,0.09867367,0.9589817798522339
17,700.0,4,0.25,0.109104365,0.9624141636604586
17,700.0,5,0.30000000000000004,0.107005425,0.9615010212926631
17,700.0,6,0.35000000000000003,0.10289567,0.9610556905104767
17,700.0,7,0.4,0.107546896,0.9552456364739491
17,700.0,8,0.45,0.11148299,0.956643115447607
17,700.0,9,0.5,0.10942017,0.9612732797384774
17,700.0,10,0.55,0.10916156,0.9754889654948234
17,700.0,11,0.6000000000000001,0.10071041,0.9498981917651477
17,700.0,12,0.65,0.099141754,0.9599717903274771
17,700.0,13,0.7000000000000001,0.10337986,0.9589143688273949
17,700.0,14,0.75,0.09989098,0.9610081469136915
17,700.0,15,0.8,0.10467332,0.9588892764369663
17,700.0,16,0.8500000000000001,0.10777238,0.9595198175464922
17,700.0,17,0.9,0.10265187,0.9583682715076868
17,700.0,18,0.9500000000000001,0.11264193,0.9672127419962342
17,700.0,19,1.0,0.10537993,0.9602103699889039
17,700.0,20,1.05,0.10379415,0.9611426309738432
17,700.0,21,1.1,0.108938955,0.9650981055185223
17,700.0,22,1.1500000000000001,0.1045888,0.9650166342749791
17,700.0,23,1.2000000000000002,0.118549,0.966967737952071
17,700.0,24,1.25,0.10218121,0.9623712008107422
17,700.0,25,1.3,0.11058034,0.9597572980110617
17,700.0,26,1.35,0.09875799,0.9665783365800048
17,700.0,27,1.4000000000000001,0.10659467,0.962274761634072
17,700.0,28,1.4500000000000002,0.111545965,0.9590765499225508
17,700.0,29,1.5,0.103375666,0.9623320819595377
17,700.0,30,1.55,0.11261807,0.9678465330967737
17,700.0,31,1.6,0.1077949,0.9564093669989439
17,700.0,32,1.6500000000000001,0.1131932,0.9573625539263853
17,700.0,33,1.7000000000000002,0.101325765,0.9608843614879556
17,700.0,34,1.75,0.106024615,0.9658448525370001
17,700.0,35,1.8,0.114753366,0.9677337117359657
17,700.0,36,1.85,0.100556195,0.9643177470151717
17,700.0,37,1.9000000000000001,0.12293268,0.9651235764571662
17,700.0,38,1.9500000000000002,0.121098764,0.9713205448145322
17,700.0,39,2.0,0.108911894,0.9614893729200781
17,700.0,40,2.0500000000000003,0.12049013,0.9744197515372802
17,700.0,41,2.1,0.121727146,0.977083750907433
17,700.0,42,2.15,0.110038824,0.9659276386932484
17,700.0,43,2.2,0.11523663,0.9689030653741151
17,700.0,44,2.25,0.1164632,0.9576795198922028
17,700.0,45,2.3000000000000003,0.11803523,0.9612590782916478
17,700.0,46,2.35,0.11051839,0.9687702856620388
17,700.0,47,2.4000000000000004,0.112928644,0.96241429844314
17,700.0,48,2.45,0.11710165,0.9699884676555555
17,700.0,49,2.5,0.100840315,0.9604187622184969
17,700.0,50,2.5500000000000003,0.116704136,0.9601095587805581
17,700.0,51,2.6,0.11972426,0.9650448920695092
17,700.0,52,2.6500000000000004,0.11248866,0.964226119732763
17,700.0,53,2.7,0.12237923,0.9704026875363153
17,700.0,54,2.75,0.12293973,0.9729971361697
17,700.0,55,2.8000000000000003,0.1224727,0.9672638687039106
17,700.0,56,2.85,0.11769613,0.97386729997903
17,700.0,57,2.9000000000000004,0.11856435,0.9736111273567257
17,700.0,58,2.95,0.12773469,0.9816289480810276
17,700.0,59,3.0,0.10891031,0.9672685986412054
17,700.0,60,3.0500000000000003,0.10669547,0.9611450470968913
17,700.0,61,3.1,0.12548457,0.9708702891183998
17,700.0,62,3.1500000000000004,0.1224026,0.9756715170222898
17,700.0,63,3.2,0.120443344,0.9657479085328707
17,700.0,64,3.25,0.11746239,0.9652930669297005
17,700.0,65,3.3000000000000003,0.1266208,0.9687609643034228
17,700.0,66,3.35,0.11376467,0.959801045786846
17,700.0,67,3.4000000000000004,0.1217243,0.9701518654369587
17,700.0,68,3.45,0.10347877,0.9625568782026899
17,700.0,69,3.5,0.115689404,0.9707857848876457
17,700.0,70,3.5500000000000003,0.118827306,0.9693941463500431
17,700.0,71,3.6,0.11319014,0.9586788541489452
17,700.0,72,3.6500000000000004,0.10060361,0.9586930476620944
17,700.0,73,3.7,0.11604707,0.9668799650566441
17,700.0,74,3.75,0.113831714,0.9697282049195491
17,700.0,75,3.8000000000000003,0.120641135,0.9719601209886851
17,700.0,76,3.85,0.10519384,0.9655663162168783
17,700.0,77,3.9000000000000004,0.1034905,0.9635796811168246
17,700.0,78,3.95,0.1151418,0.9733769761116
17,700.0,79,4.0,0.11189905,0.9673484877597386
17,700.0,80,4.05,0.11475261,0.969720992517872
17,700.0,81,4.1000000000000005,0.12018682,0.9662471825630554
17,700.0,82,4.15,0.114082016,0.965186416783737
17,700.0,83,4.2,0.115965605,0.9673091861133586
17,700.0,84,4.25,0.12140979,0.9697410177850792
17,700.0,85,4.3,0.103091806,0.9613395715325792
17,700.0,86,4.3500000000000005,0.10852194,0.9653663704596809
17,700.0,87,4.4,0.107579134,0.9636204908579474
17,700.0,88,4.45,0.10233213,0.9570909631905872
17,700.0,89,4.5,0.11813655,0.9663245274323379
17,700.0,90,4.55,0.120439745,0.9662944869225712
17,700.0,91,4.6000000000000005,0.108728655,0.9656614416476579
17,700.0,92,4.65,0.11988853,0.9579867242712554
17,700.0,93,4.7,0.11262422,0.9695433350681901
17,700.0,94,4.75,0.11229349,0.9670330235516834
17,700.0,95,4.800000000000001,0.108852975,0.9597685820462879
17,700.0,96,4.8500000000000005,0.11251332,0.9733227792117631
17,700.0,97,4.9,0.1184268,0.9601737984169264
17,700.0,98,4.95,0.11513502,0.9641382336592472
17,700.0,99,5.0,0.11734054,0.9660896556191635
17,700.0,100,5.050000000000001,0.11438787,0.9657663288437408
17,700.0,101,5.1000000000000005,0.116103835,0.9677807768914507
17,700.0,102,5.15,0.12358401,0.9760581771178339
17,700.0,103,5.2,0.1142377,0.970220301074834
17,700.0,104,5.25,0.10478673,0.9704352425902891
17,700.0,105,5.300000000000001,0.110436775,0.9652458940227939
17,700.0,106,5.3500000000000005,0.112367585,0.9652189854117379
17,700.0,107,5.4,0.10641965,0.9599114408630309
17,700.0,108,5.45,0.11768361,0.9677633913398386
17,700.0,109,5.5,0.100749135,0.957616377027912
17,700.0,110,5.550000000000001,0.1015881,0.9607804405956246
17,700.0,111,5.6000000000000005,0.12699205,0.975713418889254
17,700.0,112,5.65,0.10853392,0.9629120482163227
17,700.0,113,5.7,0.11487268,0.963612421486339
17,700.0,114,5.75,0.120559186,0.9676826564700243
17,700.0,115,5.800000000000001,0.11481681,0.9703663683811192
17,700.0,116,5.8500000000000005,0.11275962,0.9659903229327258
17,700.0,117,5.9,0.091891274,0.9557856936970659
17,700.0,118,5.95,0.12276613,0.9562994828743767
17,700.0,119,6.0,0.11042578,0.965906789235078
17,700.0,120,6.050000000000001,0.11027336,0.9652681595907258
17,700.0,121,6.1000000000000005,0.11804625,0.9697747121991407
17,700.0,122,6.15,0.1077579,0.9654698158273012
17,700.0,123,6.2,0.1206627,0.967614433035866
17,700.0,124,6.25,0.11709203,0.9633764420696564
17,700.0,125,6.300000000000001,0.12164164,0.9671201863996408
17,700.0,126,6.3500000000000005,0.11913553,0.9613555673434683
17,700.0,127,6.4,0.10961175,0.9632613988657971
17,700.0,128,6.45,0.1208099,0.9698713993362839
17,700.0,129,6.5,0.11995287,0.9683198067962843
17,700.0,130,6.550000000000001,0.107301556,0.9668195441809614
17,700.0,131,6.6000000000000005,0.115254685,0.9680721865208421
17,700.0,132,6.65,0.1096244,0.960905774648711
17,700.0,133,6.7,0.1129202,0.9661558065017651
17,700.0,134,6.75,0.10993872,0.9608603433931102
17,700.0,135,6.800000000000001,0.113254465,0.9712411919447375
17,700.0,136,6.8500000000000005,0.113239914,0.9610962776581319
17,700.0,137,6.9,0.114616536,0.9717493279574594
17,700.0,138,6.95,0.11639693,0.9601351382124352
17,700.0,139,7.0,0.11510415,0.9705772955420032
17,700.0,140,7.050000000000001,0.12073667,0.9658712562348349
17,700.0,141,7.1000000000000005,0.12247766,0.9723205801404345
17,700.0,142,7.15,0.11574335,0.9745245753827754
17,700.0,143,7.2,0.12049876,0.9654885215531746
17,700.0,144,7.25,0.121766314,0.9657817275631129
17,700.0,145,7.300000000000001,0.10727166,0.9640252289424232
17,700.0,146,7.3500000000000005,0.114393175,0.958745482445458
17,700.0,147,7.4,0.11467476,0.9637942449290677
17,700.0,148,7.45,0.11558519,0.9635425957262211
17,700.0,149,7.5,0.11727772,0.9719176717873327
17,700.0,150,7.550000000000001,0.122644596,0.9669965522820854
17,700.0,151,7.6000000000000005,0.11526221,0.9720760582249272
17,700.0,152,7.65,0.11655324,0.9694357694916498
17,700.0,153,7.7,0.11483267,0.972888066908812
17,700.0,154,7.75,0.12165733,0.9707201631914621
17,700.0,155,7.800000000000001,0.111994304,0.9628974128830596
17,700.0,156,7.8500000000000005,0.1118262,0.962834140474019
17,700.0,157,7.9,0.10788173,0.9669493870592899
17,700.0,158,7.95,0.1090996,0.9602992852916143
17,700.0,159,8.0,0.10435145,0.9628368048939933
17,700.0,160,8.05,0.115836196,0.9681378548517361
17,700.0,161,8.1,0.110715896,0.972073353411315
17,700.0,162,8.15,0.11688823,0.9732308341893311
17,700.0,163,8.200000000000001,0.11583769,0.9622288209977693
17,700.0,164,8.25,0.11449772,0.9732991469700938
17,700.0,165,8.3,0.113255225,0.968205650215169
17,700.0,166,8.35,0.11546512,0.9687309214555648
17,700.0,167,8.4,0.11203146,0.971658079617943
17,700.0,168,8.450000000000001,0.10719323,0.9684425213911713
17,700.0,169,8.5,0.106086746,0.9605773045148756
17,700.0,170,8.55,0.1221438,0.9629227427353573
17,700.0,171,8.6,0.11109659,0.9616008251930203
17,700.0,172,8.65,0.11626576,0.9715162575796482
17,700.0,173,8.700000000000001,0.11199508,0.9701286004571057
17,700.0,174,8.75,0.11907221,0.9709031327538489
17,700.0,175,8.8,0.11899791,0.9774602446970675
17,700.0,176,8.85,0.12214025,0.9648940529102917
17,700.0,177,8.9,0.117483795,0.9642752946509621
17,700.0,178,8.950000000000001,0.11681255,0.967907378890745
17,700.0,179,9.0,0.12428983,0.9680447702757766
17,700.0,180,9.05,0.10670929,0.957840714507067
17,700.0,181,9.1,0.10329848,0.968213097413065
17,700.0,182,9.15,0.117832325,0.9645655297137843
17,700.0,183,9.200000000000001,0.11987479,0.9649676829428852
17,700.0,184,9.25,0.123871304,0.9697396004921872
17,700.0,185,9.3,0.10888404,0.9704805909732754
17,700.0,186,9.35,0.10788575,0.9596531688014072
17,700.0,187,9.4,0.11700314,0.9661923743156816
17,700.0,188,9.450000000000001,0.10255386,0.95718812133385
17,700.0,189,9.5,0.11657629,0.9678114987263837
17,700.0,190,9.55,0.11059132,0.9666305885471023
17,700.0,191,9.600000000000001,0.103396624,0.9637569125011095
17,700.0,192,9.65,0.10615864,0.9579154559284129
17,700.0,193,9.700000000000001,0.10423175,0.9592339247760829
17,700.0,194,9.75,0.11674945,0.9644403347333309
17,700.0,195,9.8,0.10934012,0.9657570512980774
17,700.0,196,9.850000000000001,0.1184268,0.968780440134855
17,700.0,197,9.9,0.10948671,0.9632904852718144
17,700.0,198,9.950000000000001,0.12025966,0.9746521722407202
17,700.0,199,10.0,0.12033605,0.9614218257907639
17,700.0,200,10.05,0.12137408,0.9601650137638643
17,700.0,201,10.100000000000001,0.1093076,0.9625057765907207
17,700.0,202,10.15,0.12056997,0.9731143585685395
17,700.0,203,10.200000000000001,0.11306062,0.9605498974300288
17,700.0,204,10.25,0.120103836,0.9706118333528818
17,700.0,205,10.3,0.119909495,0.9707750573450215
17,700.0,206,10.350000000000001,0.10416935,0.9583863452167697
17,700.0,207,10.4,0.099887505,0.9617754785641288
17,700.0,208,10.450000000000001,0.13011923,0.9704951245190935
17,700.0,209,10.5,0.11257494,0.9597447718348027
17,700.0,210,10.55,0.12397205,0.965263989889163
17,700.0,211,10.600000000000001,0.12214096,0.9665903420801497
17,700.0,212,10.65,0.116260536,0.9646941223438076
17,700.0,213,10.700000000000001,0.12870567,0.9708327239654485
17,700.0,214,10.75,0.12455949,0.9632513404237554
17,700.0,215,10.8,0.117598854,0.9598988928495444
17,700.0,216,10.850000000000001,0.116498925,0.9659304694920332
17,700.0,217,10.9,0.114847764,0.9689425773817816
17,700.0,218,10.950000000000001,0.11274502,0.9671813064038849
17,700.0,219,11.0,0.10846999,0.9630141272414934
17,700.0,220,11.05,0.09487883,0.9629037916837366
17,700.0,221,11.100000000000001,0.118292026,0.969407248592743
17,700.0,222,11.15,0.10294116,0.9613072191450701
17,700.0,223,11.200000000000001,0.109405115,0.9623624511382325
17,700.0,224,11.25,0.120585784,0.9686171452865748
17,700.0,225,11.3,0.110388875,0.9657309703155383
17,700.0,226,11.350000000000001,0.11545686,0.9608891575925265
17,700.0,227,11.4,0.112416185,0.969939951057622
17,700.0,228,11.450000000000001,0.109902434,0.9679812295475815
17,700.0,229,11.5,0.1086441,0.9608378304053747
17,700.0,230,11.55,0.1142377,0.9595100990087946
17,700.0,231,11.600000000000001,0.11199895,0.9617989198085646
17,700.0,232,11.65,0.1181725,0.9688146072918795
17,700.0,233,11.700000000000001,0.119363815,0.9752515037048707
17,700.0,234,11.75,0.11762982,0.9715920279217672
17,700.0,235,11.8,0.10640988,0.9633229121291003
17,700.0,236,11.850000000000001,0.112738095,0.9679512515478293
17,700.0,237,11.9,0.1069649,0.9643673595496645
17,700.0,238,11.950000000000001,0.12036126,0.9685927277879025
17,700.0,239,12.0,0.11458325,0.9711544978588665
17,700.0,240,12.05,0.12030362,0.9725861445743933
17,700.0,241,12.100000000000001,0.11344568,0.9669084003708251
17,700.0,242,12.15,0.11579277,0.9741532328861972
17,700.0,243,12.200000000000001,0.11279729,0.9596711355896035
17,700.0,244,12.25,0.10893339,0.9619651227195507
17,700.0,245,12.3,0.10814981,0.9615186981318279
17,700.0,246,12.350000000000001,0.10808807,0.967358245814918
17,700.0,247,12.4,0.11389796,0.9541688314473907
17,700.0,248,12.450000000000001,0.12335721,0.9696722256098398
17,700.0,249,12.5,0.11961052,0.9667571051522211
17,700.0,250,12.55,0.11814829,0.9590807207109089
17,700.0,251,12.600000000000001,0.12041239,0.9640970136193896
17,700.0,252,12.65,0.11372808,0.965646503541482
17,700.0,253,12.700000000000001,0.1160381,0.9716785444734759
17,700.0,254,12.75,0.114890784,0.968410930906844
17,700.0,255,12.8,0.12596795,0.9654413980427805
17,700.0,256,12.850000000000001,0.12371022,0.9649563207445857
17,700.0,257,12.9,0.11704907,0.9603864994609671
17,700.0,258,12.950000000000001,0.11674796,0.9656653793364105
17,700.0,259,13.0,0.11244163,0.9675247824490703
17,700.0,260,13.05,0.0982069,0.9587522865427772
17,700.0,261,13.100000000000001,0.11912243,0.9678511747461729
17,700.0,262,13.15,0.11742548,0.9665625420562369
17,700.0,263,13.200000000000001,0.114261225,0.9621280044178162
17,700.0,264,13.25,0.114998646,0.9602723930045541
17,700.0,265,13.3,0.11599999,0.9593549377158423
17,700.0,266,13.350000000000001,0.11776683,0.9681545504997134
17,700.0,267,13.4,0.10726519,0.9669751308936031
17,700.0,268,13.450000000000001,0.115097366,0.962079345069961
17,700.0,269,13.5,0.09720688,0.9604304203903494
17,700.0,270,13.55,0.10979352,0.968693694235442
17,700.0,271,13.600000000000001,0.12114887,0.9724352573979546
17,700.0,272,13.65,0.116909,0.9673380951444804
17,700.0,273,13.700000000000001,0.11028279,0.9628255848736904
17,700.0,274,13.75,0.12098846,0.9618819932586232
17,700.0,275,13.8,0.107534,0.9631236208901394
17,700.0,276,13.850000000000001,0.12061167,0.9669493945358159
17,700.0,277,13.9,0.114748836,0.9587926454874749
17,700.0,278,13.950000000000001,0.11681255,0.9640634468730344
17,700.0,279,14.0,0.11506422,0.9622165879133039
17,700.0,280,14.05,0.11809324,0.9641032779607586
17,700.0,281,14.100000000000001,0.12163452,0.9729470510166981
17,700.0,282,14.15,0.11102868,0.962838579122199
17,700.0,283,14.200000000000001,0.10570605,0.958433233161048
17,700.0,284,14.25,0.10825638,0.9631536530663047
17,700.0,285,14.3,0.11984585,0.9656026373668147
17,700.0,286,14.350000000000001,0.10263667,0.9586447320777863
17,700.0,287,14.4,0.10167768,0.960045743401691
17,700.0,288,14.450000000000001,0.11942409,0.9688703417378787
17,700.0,289,14.5,0.118773304,0.9621443328302155
17,700.0,290,14.55,0.11992757,0.9650596419982621
17,700.0,291,14.600000000000001,0.09991962,0.9621146613832353
17,700.0,292,14.65,0.10492564,0.9639509341486235
17,700.0,293,14.700000000000001,0.11202759,0.962981806865455
17,700.0,294,14.75,0.1145492,0.9593517692896445
17,700.0,295,14.8,0.12023658,0.9702469791117477
17,700.0,296,14.850000000000001,0.11177734,0.9567799796216364
17,700.0,297,14.9,0.11768214,0.9642201175637242
17,700.0,298,14.950000000000001,0.12027551,0.9634040472229258
17,700.0,299,15.0,0.11213434,0.9628030854149117
17,700.0,300,15.05,0.11026393,0.965726539241202
17,700.0,301,15.100000000000001,0.118876904,0.9673663856174641
17,700.0,302,15.15,0.10517735,0.9622976695588332
17,700.0,303,15.200000000000001,0.109781675,0.9690587960207923
17,700.0,304,15.25,0.113350876,0.9682905940246236
17,700.0,305,15.3,0.11994709,0.9686207928622862
17,700.0,306,15.350000000000001,0.12349629,0.9640226213747949
17,700.0,307,15.4,0.10865846,0.9633814026523789
17,700.0,308,15.450000000000001,0.12037566,0.9688030638684387
17,700.0,309,15.5,0.10814901,0.9614780113425778
17,700.0,310,15.55,0.10920524,0.9570826622690755
17,700.0,311,15.600000000000001,0.11775063,0.9651690238203651
17,700.0,312,15.65,0.107562214,0.958772932442566
17,700.0,313,15.700000000000001,0.10775388,0.9589270002969661
17,700.0,314,15.75,0.11317022,0.9707647198463031
17,700.0,315,15.8,0.113126546,0.9625522064813299
17,700.0,316,15.850000000000001,0.11757379,0.9708173911478567
17,700.0,317,15.9,0.115551434,0.9671336174874264
17,700.0,318,15.950000000000001,0.114847764,0.9657975397438902
17,700.0,319,16.0,0.11173002,0.9578605847569414
17,700.0,320,16.05,0.115201265,0.9672374558284186
17,700.0,321,16.1,0.10884182,0.9635993184922843
17,700.0,322,16.150000000000002,0.10955162,0.9605408868556142
17,700.0,323,16.2,0.1119765,0.9621703899901151
17,700.0,324,16.25,0.12226866,0.9648549288664977
17,700.0,325,16.3,0.1072094,0.9646033294688519
17,700.0,326,16.35,0.11776683,0.9709293314043055
17,700.0,327,16.400000000000002,0.11050034,0.9677234978785586
17,700.0,328,16.45,0.10453325,0.9617080792213557
17,700.0,329,16.5,0.11397862,0.9631087474387646
17,700.0,330,16.55,0.11071668,0.973929177109402
17,700.0,331,16.6,0.112069376,0.9617379269594754
17,700.0,332,16.650000000000002,0.106984355,0.9557024049924923
17,700.0,333,16.7,0.11112,0.9669796598166915
17,700.0,334,16.75,0.119449496,0.9692343239489125
17,700.0,335,16.8,0.113840096,0.972431644396621
17,700.0,336,16.85,0.10539063,0.9673253692118585
17,700.0,337,16.900000000000002,0.115034826,0.9707197256808313
17,700.0,338,16.95,0.11625308,0.9645352886500397
17,700.0,339,17.0,0.1065906,0.9649757171410743
17,700.0,340,17.05,0.112030685,0.9681928715506103
17,700.0,341,17.1,0.10460041,0.9659701058863945
17,700.0,342,17.150000000000002,0.12174922,0.9694249058532365
17,700.0,343,17.2,0.1046932,0.9664116025256317
17,700.0,344,17.25,0.11763351,0.965087838542293
17,700.0,345,17.3,0.110077426,0.9664356344279529
17,700.0,346,17.35,0.11641182,0.9593424481606655
17,700.0,347,17.400000000000002,0.12685338,0.972951923843448
17,700.0,348,17.45,0.11007979,0.9661292774250635
17,700.0,349,17.5,0.10383757,0.9664937627436677
17,700.0,350,17.55,0.11078009,0.9624446932761836
17,700.0,351,17.6,0.11342351,0.9690179506717588
17,700.0,352,17.650000000000002,0.119449496,0.9683971561174305
17,700.0,353,17.7,0.107348405,0.9681441614456244
17,700.0,354,17.75,0.10818027,0.97060683349053
17,700.0,355,17.8,0.11828689,0.966523435249537
17,700.0,356,17.85,0.10293442,0.9582020665181393
17,700.0,357,17.900000000000002,0.117790386,0.9731200272333759
17,700.0,358,17.95,0.112609595,0.9677838039974674
17,700.0,359,18.0,0.11361826,0.9680934248989707
17,700.0,360,18.05,0.11302841,0.9642557882049587
17,700.0,361,18.1,0.12077616,0.9671870953692335
17,700.0,362,18.150000000000002,0.12008723,0.9721189363143273
17,700.0,363,18.2,0.114211895,0.9647374021177969
17,700.0,364,18.25,0.12340007,0.9661522520884995
17,700.0,365,18.3,0.11925554,0.9723959562618717
17,700.0,366,18.35,0.11017425,0.9622862963603569
17,700.0,367,18.400000000000002,0.11330038,0.9690869570537947
17,700.0,368,18.45,0.110660285,0.9593675999408559
17,700.0,369,18.5,0.10718595,0.9661054749664906
17,700.0,370,18.55,0.11812847,0.9668840635864518
17,700.0,371,18.6,0.11716382,0.9586124176400912
17,700.0,372,18.650000000000002,0.118665956,0.9652003937827632
17,700.0,373,18.7,0.114532545,0.9703101991026402
17,700.0,374,18.75,0.11581374,0.9649936435167714
17,700.0,375,18.8,0.112801135,0.965837585409072
17,700.0,376,18.85,0.11120267,0.9612529016218958
17,700.0,377,18.900000000000002,0.119307876,0.9681044968698707
17,700.0,378,18.95,0.10960859,0.9575205510851624
17,700.0,379,19.0,0.11024033,0.9564516747122468
17,700.0,380,19.05,0.11139352,0.9568132678914246
17,700.0,381,19.1,0.11419216,0.9700463027033958
17,700.0,382,19.150000000000002,0.11105366,0.9625116338536921
17,700.0,383,19.200000000000003,0.12693469,0.9734299610170472
17,700.0,384,19.25,0.11657853,0.9720875281045674
17,700.0,385,19.3,0.11243546,0.9647589744031987
17,700.0,386,19.35,0.11188975,0.9575531873437485
17,700.0,387,19.400000000000002,0.11417925,0.9719349141436928
17,700.0,388,19.450000000000003,0.10571179,0.9625165204598232
17,700.0,389,19.5,0.10934408,0.9653291706924692
17,700.0,390,19.55,0.11075034,0.9609095910677656
17,700.0,391,19.6,0.11106225,0.965104303473598
17,700.0,392,19.650000000000002,0.11083799,0.9664661944309542
17,700.0,393,19.700000000000003,0.10875257,0.9587416379389623
17,700.0,394,19.75,0.11865865,0.9614559302305883
17,700.0,395,19.8,0.11471332,0.968576736249505
17,700.0,396,19.85,0.12029858,0.9713799137352708
17,700.0,397,19.900000000000002,0.122377105,0.9633163477663125
17,700.0,398,19.950000000000003,0.12261278,0.9586831625002019
17,700.0,399,20.0,0.12158176,0.9613534754489417
