state,temperature_K,beta_m_over_beta_0,E_solute_kcal_mol,E_solute_water_interaction_kcal_mol,scaled_pw_kcal_mol,chi_kcal_mol
0,300.0,1.0,814.4751275130633,-1299.1524468328876,-649.5762234164438,164.8989040966195
0,300.0,1.0,778.7278402202843,-1280.6658050009532,-640.3329025004766,138.39493771980767
0,300.0,1.0,785.6115692417827,-1305.4856635298413,-652.7428317649207,132.86873747686207
0,300.0,1.0,780.7905144455099,-1257.303428820655,-628.6517144103275,152.13880003518238
0,300.0,1.0,777.1335494731619,-1212.3593995119045,-606.1796997559522,170.95384971720966
0,300.0,1.0,784.5661557083016,-1267.1492572193367,-633.5746286096684,150.99152709863324
0,300.0,1.0,768.4100031741979,-1273.1527501603855,-636.5763750801927,131.83362809400512
0,300.0,1.0,790.1702101218704,-1313.4929665810787,-656.7464832905393,133.423726831331
0,300.0,1.0,751.4811349517961,-1264.0021289051872,-632.0010644525936,119.4800704992025
0,300.0,1.0,786.7974432487174,-1277.425999628832,-638.712999814416,148.08444343430142
0,300.0,1.0,756.7040579442516,-1285.4494786226624,-642.7247393113312,113.97931863292047
0,300.0,1.0,781.6162316068986,-1261.1946522387575,-630.5973261193787,151.01890548751987
0,300.0,1.0,788.0433352566489,-1239.7868504882583,-619.8934252441292,168.14991001251974
0,300.0,1.0,801.8738041741178,-1308.0736194521426,-654.0368097260713,147.83699444804654
0,300.0,1.0,777.2709655984182,-1246.659699731607,-623.3298498658035,153.94111573261478
0,300.0,1.0,797.7589719947886,-1241.680613963193,-620.8403069815965,176.91866501319203
0,300.0,1.0,794.0524110926375,-1240.4256736682496,-620.2128368341248,173.8395742585127
0,300.0,1.0,775.60268591448,-1281.681744417692,-640.840872208846,134.76181370563404
0,300.0,1.0,801.783703925052,-1276.7263187443905,-638.3631593721952,163.42054455285677
0,300.0,1.0,780.291358636013,-1269.7789213564283,-634.8894606782142,145.40189795779884
0,300.0,1.0,797.1465009334746,-1311.9509749326921,-655.9754874663461,141.17101346712855
0,300.0,1.0,781.0046050329183,-1295.487769600104,-647.743884800052,133.26072023286633
0,300.0,1.0,780.0561966561963,-1263.566230636045,-631.7831153180225,148.27308133817382
0,300.0,1.0,800.5980024302489,-1251.143068513699,-625.5715342568495,175.0264681733994
0,300.0,1.0,780.9995190776878,-1294.1571677759976,-647.0785838879988,133.92093518968898
0,300.0,1.0,769.1065071235795,-1259.7706292226662,-629.8853146113331,139.22119251224638
0,300.0,1.0,798.3707459583585,-1302.675611697798,-651.337805848899,147.03294010945945
0,300.0,1.0,787.2881330084817,-1265.1413648461928,-632.5706824230964,154.71745058538534
0,300.0,1.0,777.4412348090335,-1238.2618072295243,-619.1309036147621,158.31033119427138
0,300.0,1.0,774.7959681950915,-1303.8268366630148,-651.9134183315074,122.88254986358413
0,300.0,1.0,782.0648166316462,-1260.2828297496312,-630.1414148748156,151.92340175683057
0,300.0,1.0,802.9602584298221,-1235.0146436949763,-617.5073218474881,185.45293658233402
0,300.0,1.0,779.662046982657,-1301.7865599707193,-650.8932799853596,128.76876699729735
0,300.0,1.0,780.9696281917777,-1226.0748639982678,-613.0374319991339,167.9321961926438
0,300.0,1.0,764.173557843811,-1251.4557866757189,-625.7278933378594,138.44566450595153
0,300.0,1.0,798.225850424935,-1299.2369746382967,-649.6184873191484,148.6073631057866
0,300.0,1.0,789.7087485903043,-1197.9022218206696,-598.9511109103348,190.75763767996943
0,300.0,1.0,792.3696692059037,-1256.3423186822154,-628.1711593411077,164.19850986479605
0,300.0,1.0,781.3708972532435,-1257.4822075675597,-628.7411037837799,152.6297934694636
0,300.0,1.0,775.1818379721284,-1268.7296105611788,-634.3648052805894,140.817032691539
0,300.0,1.0,767.4702995575668,-1274.3160689991587,-637.1580344995793,130.31226505798747
0,300.0,1.0,798.2242627136251,-1323.1595779521379,-661.5797889760689,136.64447373755615
0,300.0,1.0,779.2028805338698,-1226.7464457285553,-613.3732228642776,165.82965766959217
0,300.0,1.0,775.8571693742196,-1240.3356379173788,-620.1678189586894,155.68935041553016
0,300.0,1.0,800.0033336807448,-1288.3686571568182,-644.1843285784091,155.81900510233572
0,300.0,1.0,800.8388922652988,-1320.2172248355707,-660.1086124177854,140.73027984751343
0,300.0,1.0,798.3886958493507,-1250.750640165373,-625.3753200826865,173.01337576666424
0,300.0,1.0,806.0877034265118,-1319.2408447109124,-659.6204223554562,146.4672810710556
0,300.0,1.0,762.1323476698623,-1276.2257366856434,-638.1128683428217,124.01947932704059
0,300.0,1.0,755.7866471719909,-1261.6145276995903,-630.8072638497952,124.97938332219576
0,300.0,1.0,781.8770330422947,-1276.2072464245796,-638.1036232122898,143.77340983000488
0,300.0,1.0,779.3237197023353,-1235.1227616911715,-617.5613808455857,161.76233885674958
0,300.0,1.0,828.8339731710179,-1320.2798627644022,-660.1399313822011,168.69404178881678
0,300.0,1.0,762.1619510938591,-1213.4659110357306,-606.7329555178653,155.42899557599378
0,300.0,1.0,802.6204737015844,-1306.7732483873137,-653.3866241936569,149.23384950792752
0,300.0,1.0,805.0373065464635,-1228.3200024886523,-614.1600012443262,190.8773053021373
0,300.0,1.0,761.0176417123671,-1246.2633449700854,-623.1316724850427,137.88596922732438
0,300.0,1.0,764.6716065393214,-1248.6679796135168,-624.3339898067584,140.337616732563
0,300.0,1.0,805.1226296337578,-1308.8045089577008,-654.4022544788504,150.7203751549074
0,300.0,1.0,803.3156855125552,-1287.8177186610012,-643.9088593305006,159.4068261820546
0,300.0,1.0,788.5309955479801,-1288.4628499040641,-644.2314249520321,144.299570595948
0,300.0,1.0,783.4021355671342,-1257.2823042450057,-628.6411521225028,154.7609834446314
0,300.0,1.0,784.2759842244877,-1315.8461161737412,-657.9230580868706,126.35292613761715
0,300.0,1.0,803.9751750448789,-1266.3365248167227,-633.1682624083613,170.8069126365176
0,300.0,1.0,774.2704281598806,-1267.1542411663577,-633.5771205831788,140.69330757670173
0,300.0,1.0,790.3580141724957,-1229.6559911324048,-614.8279955662024,175.5300186062933
0,300.0,1.0,778.9028573208537,-1266.2619360998112,-633.1309680499056,145.77188927094812
0,300.0,1.0,789.2379036489612,-1272.9239903259106,-636.4619951629553,152.77590848600585
0,300.0,1.0,775.2414950400561,-1299.9995500244418,-649.9997750122209,125.24172002783519
0,300.0,1.0,813.4491858903673,-1299.3844336802729,-649.6922168401364,163.75696905023085
0,300.0,1.0,797.6167847051615,-1266.3318336862199,-633.1659168431099,164.4508678620516
0,300.0,1.0,783.7434302650806,-1265.7283761187398,-632.8641880593699,150.87924220571074
0,300.0,1.0,787.0167861809898,-1290.1346447842554,-645.0673223921277,141.9494637888621
0,300.0,1.0,764.5105490656775,-1239.4528788541202,-619.7264394270601,144.78410963861745
0,300.0,1.0,779.6840185232683,-1333.0323096496147,-666.5161548248074,113.1678636984609
0,300.0,1.0,804.1708128741385,-1279.6497548370862,-639.8248774185431,164.3459354555954
0,300.0,1.0,797.5423043696776,-1264.8031059657158,-632.4015529828579,165.14075138681972
0,300.0,1.0,794.0682981826671,-1248.4722289707054,-624.2361144853527,169.83218369731446
0,300.0,1.0,784.257643668412,-1300.177088691577,-650.0885443457885,134.16909932262354
0,300.0,1.0,793.7041070604884,-1330.626625001722,-665.313312500861,128.39079455962735
0,300.0,1.0,810.2535172402478,-1316.244678871331,-658.1223394356655,152.1311778045823
0,300.0,1.0,815.7288874441438,-1271.5464291873634,-635.7732145936817,179.95567285046207
0,300.0,1.0,814.0141800357419,-1290.4158732953995,-645.2079366476997,168.80624338804216
0,300.0,1.0,814.3594628215807,-1277.4097846777433,-638.7048923388717,175.654570482709
0,300.0,1.0,793.4922122678081,-1286.1350182817448,-643.0675091408724,150.4247031269357
0,300.0,1.0,782.6661008096227,-1273.4263162765237,-636.7131581382619,145.9529426713608
0,300.0,1.0,784.5683772588036,-1291.5464892995149,-645.7732446497574,138.79513260904616
0,300.0,1.0,808.2473659739243,-1332.1710036426525,-666.0855018213263,142.161864152598
0,300.0,1.0,796.5004694369646,-1281.7537403610474,-640.8768701805237,155.6235992564409
0,300.0,1.0,798.0223581549692,-1294.193083107279,-647.0965415536396,150.92581660132964
0,300.0,1.0,801.8377312142997,-1291.44744571145,-645.723722855725,156.11400835857467
0,300.0,1.0,807.3439914989358,-1299.8817166706597,-649.9408583353298,157.40313316360596
0,300.0,1.0,780.5822935423404,-1311.3544198936925,-655.6772099468462,124.90508359549415
0,300.0,1.0,815.1305925644888,-1310.046855524514,-655.023427762257,160.10716480223175
0,300.0,1.0,800.1090445646594,-1293.926870172945,-646.9634350864725,153.14560947818688
0,300.0,1.0,796.7901042045185,-1326.778738498233,-663.3893692491165,133.40073495540196
0,300.0,1.0,777.8480199430879,-1314.65504497666,-657.32752248833,120.5204974547579
0,300.0,1.0,793.6566123168,-1274.3062702463264,-637.1531351231632,156.50347719363674
0,300.0,1.0,775.1187684009858,-1327.4041032298549,-663.7020516149274,111.41671678605837
0,300.0,1.0,809.9620377654442,-1312.4842738585396,-656.2421369292698,153.71990083617436
0,300.0,1.0,826.5342259024142,-1318.802366033405,-659.4011830167025,167.1330428857117
0,300.0,1.0,792.6236105561288,-1307.8058813427167,-653.9029406713584,138.72066988477047
0,300.0,1.0,798.4651927393073,-1270.1890602332294,-635.0945301166147,163.37066262269263
0,300.0,1.0,793.1201930459978,-1281.725702002639,-640.8628510013195,152.25734204467824
0,300.0,1.0,807.432139684594,-1291.812864821758,-645.906432410879,161.52570727371494
0,300.0,1.0,798.5693926017894,-1282.968520046553,-641.4842600232765,157.0851325785129
0,300.0,1.0,810.6400101617944,-1285.5761498751624,-642.7880749375812,167.8519352242132
0,300.0,1.0,801.9754751963892,-1329.986844685867,-664.9934223429335,136.98205285345568
0,300.0,1.0,809.536786464841,-1283.4666350941536,-641.7333175470768,167.80346891776423
0,300.0,1.0,769.9809737045802,-1261.2111227517082,-630.6055613758541,139.37541232872604
0,300.0,1.0,787.0392439027462,-1259.9881155238768,-629.9940577619384,157.0451861408078
0,300.0,1.0,786.0585685889997,-1301.8284680264885,-650.9142340132443,135.14433457575547
0,300.0,1.0,786.8838501364056,-1277.3222276343367,-638.6611138171684,148.22273631923724
0,300.0,1.0,789.5882734852254,-1268.1276225674249,-634.0638112837124,155.52446220151296
0,300.0,1.0,799.7661761286433,-1311.9964598580168,-655.9982299290084,143.76794619963493
0,300.0,1.0,810.2520874658942,-1295.3481358902607,-647.6740679451303,162.57801952076386
0,300.0,1.0,810.4417505297155,-1314.9273403200623,-657.4636701600311,152.97808036968433
0,300.0,1.0,758.1229927241054,-1268.2095752573036,-634.1047876286518,124.0182050954536
0,300.0,1.0,787.6598409559488,-1284.299771951763,-642.1498859758815,145.50995498006728
0,300.0,1.0,780.0135858870032,-1285.9552889517345,-642.9776444758672,137.03594141113592
0,300.0,1.0,810.7910886522335,-1286.8453748208665,-643.4226874104332,167.36840124180026
0,300.0,1.0,825.0221042783835,-1298.8435555194972,-649.4217777597486,175.60032651863492
0,300.0,1.0,812.3341807130458,-1302.6307095130728,-651.3153547565364,161.01882595650943
0,300.0,1.0,770.640982561336,-1278.5213035472632,-639.2606517736316,131.38033078770445
0,300.0,1.0,791.0368210002218,-1266.8563085460855,-633.4281542730428,157.60866672717907
0,300.0,1.0,807.4816738845443,-1263.880279716816,-631.940139858408,175.54153402613633
0,300.0,1.0,806.2283531457713,-1274.3105598574489,-637.1552799287244,169.07307321704684
0,300.0,1.0,837.3533786639201,-1288.0582403836559,-644.0291201918279,193.3242584720922
0,300.0,1.0,782.8989258352658,-1281.2275064661558,-640.6137532330779,142.2851726021879
0,300.0,1.0,801.0628155292841,-1276.9325636936333,-638.4662818468166,162.59653368246745
0,300.0,1.0,800.4272648106861,-1298.214291676786,-649.107145838393,151.32011897229313
0,300.0,1.0,782.0677088697385,-1303.6664992141525,-651.8332496070763,130.2344592626622
0,300.0,1.0,786.096909260825,-1298.7307093820339,-649.3653546910169,136.73155456980805
0,300.0,1.0,822.3735551567096,-1272.5792781026623,-636.2896390513312,186.08391610537842
0,300.0,1.0,801.9585695184659,-1305.312079675244,-652.656039837622,149.30252968084392
0,300.0,1.0,773.9095386960936,-1269.045478110865,-634.5227390554325,139.38679964066114
0,300.0,1.0,787.1720441558174,-1264.0878515532893,-632.0439257766446,155.12811837917275
0,300.0,1.0,770.8577183902003,-1245.3397155544906,-622.6698577772453,148.18786061295498
0,300.0,1.0,817.2592617701384,-1308.791853869069,-654.3959269345345,162.86333483560395
0,300.0,1.0,783.9473047410826,-1280.2054326002653,-640.1027163001327,143.8445884409499
0,300.0,1.0,793.855296940415,-1295.401686546429,-647.7008432732144,146.15445366720053
0,300.0,1.0,832.0816043381087,-1331.0272662262412,-665.5136331131206,166.56797122498813
0,300.0,1.0,804.8140918544018,-1278.538489814431,-639.2692449072155,165.54484694718633
0,300.0,1.0,789.6340020126852,-1312.3125413374814,-656.1562706687407,133.47773134394447
0,300.0,1.0,791.0077066505509,-1304.588027993325,-652.2940139966626,138.7136926538883
0,300.0,1.0,798.562583879569,-1277.905605110542,-638.952802555271,159.60978132429807
0,300.0,1.0,783.9734606103,-1299.6659404059087,-649.8329702029544,134.14049040734562
0,300.0,1.0,794.4132332710009,-1284.912979821863,-642.4564899109315,151.95674336006937
0,300.0,1.0,786.0916936271243,-1300.1604379474104,-650.0802189737052,136.0114746534191
0,300.0,1.0,815.1707908182361,-1302.490478759433,-651.2452393797165,163.92555143851962
0,300.0,1.0,799.0288192082656,-1299.9210570325422,-649.9605285162711,149.06829069199455
0,300.0,1.0,796.8576859930718,-1351.1568812287842,-675.5784406143921,121.27924537867966
0,300.0,1.0,792.5395199962909,-1302.0655500239736,-651.0327750119868,141.50674498430408
0,300.0,1.0,795.3451342671658,-1298.0742746107314,-649.0371373053657,146.3079969618001
0,300.0,1.0,797.0921057485731,-1330.762625577781,-665.3813127888905,131.71079295968264
0,300.0,1.0,791.6101083749405,-1255.6029690492478,-627.8014845246239,163.80862385031662
0,300.0,1.0,825.6233007721623,-1270.0501271913708,-635.0250635956854,190.5982371764769
0,300.0,1.0,783.4949882550218,-1283.1650315172346,-641.5825157586173,141.91247249640446
0,300.0,1.0,797.40085644945,-1291.3006384956107,-645.6503192478053,151.75053720164465
0,300.0,1.0,819.6431741362765,-1272.8393776862024,-636.4196888431012,183.22348529317526
0,300.0,1.0,809.207772272961,-1242.0953238780621,-621.0476619390311,188.16011033393
0,300.0,1.0,770.1573475180342,-1299.1531564899076,-649.5765782449538,120.58076927308036
0,300.0,1.0,771.4620373814985,-1266.9288644653357,-633.4644322326678,137.99760514883064
0,300.0,1.0,789.1356004511333,-1269.9032836557183,-634.9516418278591,154.18395862327418
0,300.0,1.0,804.880570450137,-1289.1780069460506,-644.5890034730253,160.29156697711176
0,300.0,1.0,788.7192706763665,-1282.2660426248062,-641.1330213124031,147.58624936396336
0,300.0,1.0,801.0750717478915,-1305.2543150104673,-652.6271575052336,148.44791424265782
0,300.0,1.0,792.0598575416413,-1299.718786391411,-649.8593931957055,142.20046434593587
0,300.0,1.0,804.1222903424474,-1304.6327934463907,-652.3163967231953,151.80589361925206
0,300.0,1.0,817.4596033196347,-1331.3522213328954,-665.6761106664477,151.78349265318695
0,300.0,1.0,807.9428521024895,-1298.6576911991738,-649.3288455995869,158.6140065029026
0,300.0,1.0,797.013876032915,-1295.3998118065094,-647.6999059032547,149.31397012966033
0,300.0,1.0,812.1533186027602,-1288.0874762909264,-644.0437381454632,168.10958045729706
0,300.0,1.0,798.0868315678033,-1285.52859585337,-642.764297926685,155.3225336411183
0,300.0,1.0,813.8364140037156,-1320.7546186603886,-660.3773093301943,153.45910467352132
0,300.0,1.0,790.6009175226815,-1261.8836991413084,-630.9418495706542,159.65906795202727
0,300.0,1.0,779.6364444358532,-1277.1139509347672,-638.5569754673836,141.07946896846954
0,300.0,1.0,785.059662298082,-1253.3254852312068,-626.6627426156034,158.3969196824786
0,300.0,1.0,816.9410682459901,-1325.8878521404868,-662.9439260702434,153.99714217574672
0,300.0,1.0,818.6808426129966,-1317.9943246973544,-658.9971623486772,159.68368026431938
0,300.0,1.0,787.258131266014,-1296.9038043545731,-648.4519021772866,138.80622908872738
0,300.0,1.0,811.1541749237132,-1271.907626767448,-635.953813383724,175.20036153998922
0,300.0,1.0,783.5193266682443,-1275.6503849875392,-637.8251924937696,145.6941341744747
0,300.0,1.0,796.6142066697989,-1293.5063763280573,-646.7531881640286,149.8610185057703
0,300.0,1.0,814.2883785666372,-1279.0181291886506,-639.5090645943253,174.7793139723119
0,300.0,1.0,774.3132954623267,-1259.1907148205123,-629.5953574102562,144.7179380520705
0,300.0,1.0,773.579257209395,-1262.8022285171235,-631.4011142585617,142.17814295083326
0,300.0,1.0,786.6049462588234,-1255.6912614567457,-627.8456307283728,158.75931553045052
0,300.0,1.0,806.0404080793116,-1270.848565398754,-635.424282699377,170.6161253799346
0,300.0,1.0,806.7619917410569,-1274.0232310373794,-637.0116155186897,169.7503762223672
0,300.0,1.0,780.9069966743816,-1282.5368032056585,-641.2684016028293,139.63859507155234
0,300.0,1.0,803.6468677160502,-1277.9920379854564,-638.9960189927282,164.65084872332204
0,300.0,1.0,769.4022404927152,-1275.2727629018448,-637.6363814509224,131.76585904179285
0,300.0,1.0,788.9530626313475,-1245.3272951945255,-622.6636475972628,166.28941503408475
0,300.0,1.0,762.3126022266537,-1241.224290105501,-620.6121450527505,141.70045717390315
0,300.0,1.0,785.9986727199282,-1298.957070727938,-649.478535363969,136.52013735595926
0,300.0,1.0,774.7559213688085,-1226.2861596720181,-613.1430798360091,161.6128415327994
0,300.0,1.0,775.2634271178047,-1259.195981682892,-629.597990841446,145.66543627635872
0,300.0,1.0,780.6884416772475,-1273.8782928985804,-636.9391464492902,143.7492952279573
0,300.0,1.0,777.2895393597418,-1278.174611492543,-639.0873057462715,138.2022336134703
0,300.0,1.0,776.8572205766677,-1276.9309099922561,-638.4654549961281,138.39176558053964
0,300.0,1.0,760.4380471110184,-1253.2415178432861,-626.6207589216431,133.8172881893753
0,300.0,1.0,776.3244400517265,-1276.4016792117802,-638.2008396058901,138.12360044583636
0,300.0,1.0,778.9589722811531,-1274.6944813091502,-637.3472406545751,141.61173162657803
0,300.0,1.0,758.9332976260632,-1270.6203477329982,-635.3101738664991,123.62312375956412
0,300.0,1.0,779.660538129292,-1234.9715201050403,-617.4857600525202,162.17477807677187
0,300.0,1.0,797.6106248341825,-1257.751406418186,-628.875703209093,168.73492162508956
0,300.0,1.0,781.972397816701,-1293.3433918431747,-646.6716959215873,135.30070189511366
0,300.0,1.0,786.316027224384,-1264.817800120309,-632.4089000601545,153.90712716422956
0,300.0,1.0,795.0453321492876,-1253.3265165312125,-626.6632582656063,168.3820738836813
0,300.0,1.0,803.5736025661805,-1252.9551845945837,-626.4775922972918,177.09601026888868
0,300.0,1.0,788.2633416646386,-1244.8234434133585,-622.4117217066793,165.85161995795931
0,300.0,1.0,790.5212079282479,-1286.4599060484375,-643.2299530242187,147.2912549040292
0,300.0,1.0,784.6268392427613,-1280.5257073747725,-640.2628536873863,144.36398555537505
0,300.0,1.0,780.7585075488358,-1273.8729031086464,-636.9364515543232,143.82205599451265
0,300.0,1.0,823.6693636210075,-1312.8123827902064,-656.4061913951032,167.26317222590433
0,300.0,1.0,775.5923896442922,-1267.560821728464,-633.780410864232,141.81197878006026
0,300.0,1.0,784.7843989511989,-1263.7374180961422,-631.8687090480711,152.91568990312783
0,300.0,1.0,783.30832629719,-1276.9134643367543,-638.4567321683771,144.85159412881285
0,300.0,1.0,781.7052390994237,-1266.2241871420003,-633.1120935710002,148.59314552842352
0,300.0,1.0,815.0036525508688,-1301.319627227125,-650.6598136135625,164.34383893730626
0,300.0,1.0,777.8660668362594,-1279.7392184314415,-639.8696092157207,137.99645762053865
0,300.0,1.0,797.1825889376415,-1265.6089999961694,-632.8044999980847,164.37808893955685
0,300.0,1.0,788.1438241894535,-1255.7831929955457,-627.8915964977729,160.25222769168067
0,300.0,1.0,762.5150363795354,-1304.1889054837793,-652.0944527418897,110.42058363764579
0,300.0,1.0,794.8665076001138,-1293.8114513483822,-646.9057256741911,147.96078192592267
0,300.0,1.0,837.3559445986914,-1301.2008438028652,-650.6004219014326,186.7555226972588
0,300.0,1.0,783.9837323747652,-1262.7403193601433,-631.3701596800717,152.61357269469352
0,300.0,1.0,822.7813774201659,-1304.6747117377072,-652.3373558688536,170.4440215513123
0,300.0,1.0,774.0576565156085,-1299.4890674403287,-649.7445337201643,124.3131227954442
0,300.0,1.0,780.1592033262215,-1284.8735107344758,-642.4367553672379,137.7224479589836
0,300.0,1.0,769.7620997093761,-1253.0124924090492,-626.5062462045246,143.25585350485153
0,300.0,1.0,792.5265853244572,-1245.40950082656,-622.70475041328,169.82183491117723
0,300.0,1.0,798.6510570309835,-1283.9501701106951,-641.9750850553476,156.6759719756359
0,300.0,1.0,788.7367182033935,-1279.0660178737617,-639.5330089368808,149.20370926651265
0,300.0,1.0,758.0888981974525,-1289.9120918534607,-644.9560459267303,113.1328522707222
0,300.0,1.0,791.7530265768082,-1289.7563575241998,-644.8781787620999,146.87484781470835
0,300.0,1.0,787.1618671079957,-1266.637408379748,-633.318704189874,153.84316291812172
0,300.0,1.0,760.8725008668692,-1225.7862748264977,-612.8931374132488,147.9793634536204
0,300.0,1.0,781.9022695103456,-1305.3136272732372,-652.6568136366186,129.245455873727
0,300.0,1.0,779.8530499843919,-1263.7715918579654,-631.8857959289827,147.96725405540917
0,300.0,1.0,765.6538549090199,-1282.901815525649,-641.4509077628245,124.20294714619536
0,300.0,1.0,797.8175062126924,-1285.4901506724887,-642.7450753362443,155.07243087644804
0,300.0,1.0,767.3267349808004,-1245.2846746325101,-622.6423373162551,144.68439766454537
0,300.0,1.0,754.849617121982,-1276.6742308095406,-638.3371154047703,116.51250171721165
0,300.0,1.0,768.5851769552552,-1282.1177509695137,-641.0588754847569,127.52630147049831
0,300.0,1.0,808.4546572992622,-1260.4134241319916,-630.2067120659958,178.24794523326636
0,300.0,1.0,768.9562086900339,-1245.4977431881296,-622.7488715940648,146.20733709596914
0,300.0,1.0,797.8600765179335,-1275.0714528511405,-637.5357264255703,160.32435009236326
0,300.0,1.0,776.8708001720447,-1243.1365507150954,-621.5682753575477,155.30252481449702
0,300.0,1.0,781.4623264383446,-1251.9275266681593,-625.9637633340797,155.49856310426492
0,300.0,1.0,794.6645732313491,-1262.4434704074897,-631.2217352037449,163.44283802760424
0,300.0,1.0,796.1488910004006,-1307.4597013552022,-653.7298506776011,142.41904032279945
0,300.0,1.0,788.1257256225477,-1270.2977413825759,-635.1488706912879,152.97685493125982
0,300.0,1.0,794.8227508669736,-1262.2032669372384,-631.1016334686192,163.7211173983544
0,300.0,1.0,787.5582437453767,-1264.6871556854815,-632.3435778427407,155.21466590263594
0,300.0,1.0,782.7831216525856,-1267.7155290172705,-633.8577645086352,148.92535714395035
0,300.0,1.0,766.6934695066614,-1280.4498822746118,-640.2249411373059,126.46852836935545
0,300.0,1.0,787.3035562492968,-1276.8649080909906,-638.4324540454953,148.87110220380146
0,300.0,1.0,771.5616578321185,-1312.1651837402037,-656.0825918701019,115.47906596201665
0,300.0,1.0,779.1367919821128,-1277.285458235416,-638.642729117708,140.49406286440478
0,300.0,1.0,767.0075925244599,-1246.0303705362444,-623.0151852681222,143.99240725633774
0,300.0,1.0,783.7684661670013,-1265.1812166343152,-632.5906083171576,151.1778578498437
0,300.0,1.0,781.5809081287341,-1304.7672384752711,-652.3836192376356,129.19728889109854
0,300.0,1.0,756.6299351439753,-1239.031017692524,-619.515508846262,137.1144262977133
0,300.0,1.0,779.5957663842418,-1235.0929372165674,-617.5464686082837,162.04929777595805
0,300.0,1.0,771.9417124861998,-1250.5607404226641,-625.2803702113321,146.6613422748677
0,300.0,1.0,793.0827233729971,-1187.8238516770477,-593.9119258385239,199.1707975344732
0,300.0,1.0,794.0402433865617,-1269.9924885456237,-634.9962442728119,159.0439991137498
0,300.0,1.0,801.8953925403997,-1284.6917202719019,-642.3458601359509,159.54953240444877
0,300.0,1.0,797.394927506487,-1232.6392414404238,-616.3196207202119,181.07530678627506
0,300.0,1.0,801.7311017362882,-1272.4310104022848,-636.2155052011424,165.51559653514585
0,300.0,1.0,801.419179150632,-1286.6618904977336,-643.3309452488668,158.0882339017652
0,300.0,1.0,769.0672539204837,-1267.8342558427323,-633.9171279213662,135.15012599911756
0,300.0,1.0,782.152243462702,-1288.440985783806,-644.220492891903,137.93175057079907
0,300.0,1.0,759.7577039454808,-1247.3532073238703,-623.6766036619351,136.08110028354565
0,300.0,1.0,828.8105601435867,-1266.894853576394,-633.447426788197,195.36313335538966
0,300.0,1.0,784.0668887234493,-1302.1006734004072,-651.0503367002036,133.0165520232457
0,300.0,1.0,783.8485524615065,-1291.5215561307807,-645.7607780653904,138.08777439611617
0,300.0,1.0,790.3728677228996,-1287.346090840511,-643.6730454202554,146.69982230264418
0,300.0,1.0,793.3666048771755,-1273.0691035320126,-636.5345517660063,156.83205311116922
0,300.0,1.0,776.6882711904616,-1302.485548640364,-651.242774320182,125.44549687027961
0,300.0,1.0,781.7108688488032,-1237.866215119662,-618.933107559831,162.77776128897221
0,300.0,1.0,746.5612894213593,-1254.1817600307013,-627.0908800153506,119.47040940600868
0,300.0,1.0,787.1877928593763,-1271.70080063007,-635.850400315035,151.33739254434124
0,300.0,1.0,808.9686180866394,-1281.0715559703087,-640.5357779851544,168.432840101485
0,300.0,1.0,790.6147794487408,-1267.4211065466347,-633.7105532733174,156.90422617542345
0,300.0,1.0,752.8323198642394,-1245.2486874379588,-622.6243437189794,130.20797614525998
0,300.0,1.0,797.0232096217123,-1250.4474293786236,-625.2237146893118,171.79949493240053
0,300.0,1.0,765.5620203305384,-1218.672052706549,-609.3360263532745,156.2259939772639
0,300.0,1.0,803.5666939809769,-1296.4306036138512,-648.2153018069256,155.35139217405128
0,300.0,1.0,780.3078495447435,-1275.5151139415752,-637.7575569707876,142.55029257395586
0,300.0,1.0,819.722059715139,-1281.7845154045808,-640.8922577022904,178.82980201284863
0,300.0,1.0,774.4909544563902,-1254.5327253423477,-627.2663626711739,147.22459178521638
0,300.0,1.0,812.9477694201353,-1324.30853205733,-662.154266028665,150.79350339147027
0,300.0,1.0,779.130992265731,-1239.6047783853016,-619.8023891926508,159.32860307308022
0,300.0,1.0,767.6243747495193,-1250.159782683666,-625.079891341833,142.54448340768636
0,300.0,1.0,773.3239036059091,-1240.8558680833908,-620.4279340416954,152.89596956421371
0,300.0,1.0,788.0224510872088,-1279.2165031905563,-639.6082515952781,148.41419949193062
0,300.0,1.0,767.9430436646934,-1257.396064439238,-628.698032219619,139.2450114450744
0,300.0,1.0,787.7930983200728,-1241.7940703646732,-620.8970351823366,166.89606313773618
0,300.0,1.0,784.2238455363356,-1244.1687537876544,-622.0843768938272,162.1394686425084
0,300.0,1.0,823.4230277785131,-1294.1255072673707,-647.0627536336854,176.3602741448277
0,300.0,1.0,811.4149211389283,-1320.560840056735,-660.2804200283675,151.1345011105608
0,300.0,1.0,776.8331775067692,-1284.0565773084725,-642.0282886542362,134.80488885253294
0,300.0,1.0,800.6653709876782,-1247.9786602305128,-623.9893301152564,176.67604087242182
0,300.0,1.0,797.4702760885257,-1262.5684353631775,-631.2842176815888,166.18605840693692
0,300.0,1.0,781.9178421557411,-1270.3348134414532,-635.1674067207266,146.75043543501454
0,300.0,1.0,798.2439761882518,-1238.3517879768406,-619.1758939884203,179.06808219983157
0,300.0,1.0,789.6145558552225,-1246.283808253271,-623.1419041266355,166.47265172858704
0,300.0,1.0,803.4852649250626,-1318.4304415548777,-659.2152207774388,144.2700441476237
0,300.0,1.0,792.2984009702135,-1262.25109608892,-631.12554804446,161.17285292575355
0,300.0,1.0,790.4583743607467,-1255.8194475918763,-627.9097237959381,162.54865056480855
0,300.0,1.0,807.778618407879,-1279.7728776117217,-639.8864388058608,167.89217960201813
0,300.0,1.0,799.2932145155172,-1277.9664789964852,-638.9832394982426,160.3099750172746
0,300.0,1.0,779.3728869301531,-1271.9416714616154,-635.9708357308077,143.40205119934535
0,300.0,1.0,797.1587140753145,-1241.3671586354965,-620.6835793177482,176.47513475756625
0,300.0,1.0,776.6171147304991,-1240.3054561711217,-620.1527280855609,156.46438664493826
0,300.0,1.0,793.1108179734717,-1225.769234928253,-612.8846174641264,180.2262005093453
0,300.0,1.0,803.898731983923,-1255.453361789829,-627.7266808949145,176.1720510890085
0,300.0,1.0,778.543847789955,-1258.4814830270905,-629.2407415135452,149.30310627640972
0,300.0,1.0,766.8056359323363,-1265.8310523563973,-632.9155261781987,133.8901097541376
0,300.0,1.0,797.6683933999093,-1282.573178621171,-641.2865893105856,156.38180408932374
0,300.0,1.0,807.6809742086643,-1263.2551778212332,-631.6275889106166,176.05338529804771
0,300.0,1.0,812.6458295660921,-1294.1700828658413,-647.0850414329207,165.5607881331714
0,300.0,1.0,767.3400081708265,-1248.4303094400555,-624.2151547200277,143.1248534507988
0,300.0,1.0,792.0015863339547,-1251.5384024458742,-625.7692012229371,166.2323851110176
0,300.0,1.0,801.8135133907352,-1260.2388958196432,-630.1194479098216,171.69406548091365
0,300.0,1.0,805.8401044895182,-1255.5865181390345,-627.7932590695173,178.04684542000098
0,300.0,1.0,784.4337390563101,-1265.0146289461693,-632.5073144730846,151.9264245832254
0,300.0,1.0,787.0343847809348,-1227.1232030414371,-613.5616015207186,173.47278326021626
0,300.0,1.0,803.572588538465,-1292.9810768898553,-646.4905384449277,157.0820500935373
0,300.0,1.0,773.905077983977,-1224.4768319745112,-612.2384159872556,161.66666199672136
0,300.0,1.0,757.7861907031981,-1209.2479499697636,-604.6239749848818,153.16221571831636
0,300.0,1.0,761.2824072747648,-1207.8956842645105,-603.9478421322552,157.33456514250952
0,300.0,1.0,809.6822537732866,-1244.7573399677017,-622.3786699838508,187.30358378943572
0,300.0,1.0,794.1072828872665,-1242.7901325155806,-621.3950662577903,172.7122166294762
0,300.0,1.0,773.5149727681477,-1251.075681224542,-625.537840612271,147.9771321558767
0,300.0,1.0,772.3959843268481,-1249.6956918734538,-624.8478459367269,147.54813839012115
0,300.0,1.0,781.0517247027473,-1237.9042394284652,-618.9521197142326,162.09960498851467
0,300.0,1.0,785.1008618825653,-1227.0825988017136,-613.5412994008568,171.55956248170844
0,300.0,1.0,781.1009659044452,-1273.9102849509209,-636.9551424754604,144.14582342898473
0,300.0,1.0,757.5551851045434,-1225.88362427646,-612.94181213823,144.61337296631336
0,300.0,1.0,792.901695212304,-1271.5827542866102,-635.7913771433051,157.11031806899894
0,300.0,1.0,765.2966210696312,-1269.2348144587995,-634.6174072293998,130.67921384023145
0,300.0,1.0,765.8388108118008,-1250.8090788869524,-625.4045394434762,140.43427136832463
0,300.0,1.0,754.3134779545563,-1231.951943700676,-615.975971850338,138.33750610421828
0,300.0,1.0,815.3666052530928,-1333.2099568487038,-666.6049784243519,148.76162682874087
0,300.0,1.0,822.4761622492631,-1255.1393629684098,-627.5696814842049,194.90648076505818
0,300.0,1.0,770.7337113495731,-1216.7561602094459,-608.3780801047229,162.3556312448502
0,300.0,1.0,794.5528030135118,-1264.363899581666,-632.181949790833,162.37085322267887
0,300.0,1.0,807.7770283047668,-1231.5322530367991,-615.7661265183996,192.01090178636719
0,300.0,1.0,790.0667367895489,-1261.5576409784312,-630.7788204892156,159.28791630033334
0,300.0,1.0,773.4147488489193,-1274.5755558114954,-637.2877779057477,136.1269709431716
0,300.0,1.0,778.8273562386004,-1253.538392872624,-626.769196436312,152.0581598022884
0,300.0,1.0,750.77116827995,-1234.3914738004175,-617.1957369002088,133.5754313797412
0,300.0,1.0,768.1658888680641,-1274.3158426325704,-637.1579213162852,131.00796755177896
0,300.0,1.0,794.547031775596,-1292.5924946509263,-646.2962473254631,148.25078445013287
0,300.0,1.0,808.9147632363695,-1287.3855982065024,-643.6927991032512,165.22196413311826
0,300.0,1.0,767.7466492637794,-1265.237959102116,-632.618979551058,135.1276697127214
0,300.0,1.0,778.4145183286365,-1226.4743557106876,-613.2371778553438,165.1773404732927
0,300.0,1.0,780.8261186727019,-1272.449109835327,-636.2245549176635,144.60156375503846
0,300.0,1.0,792.3687059936763,-1282.8808485659947,-641.4404242829974,150.9282817106789
0,300.0,1.0,794.6817208527718,-1290.0199708753773,-645.0099854376887,149.67173541508316
0,300.0,1.0,804.7128393390302,-1269.7999967838325,-634.8999983919163,169.81284094711395
0,300.0,1.0,763.742870893204,-1264.1031294745449,-632.0515647372724,131.69130615593156
0,300.0,1.0,762.3401867470258,-1242.9945324275332,-621.4972662137666,140.8429205332592
0,300.0,1.0,791.0201316773101,-1272.1974290091027,-636.0987145045514,154.92141717275877
0,300.0,1.0,812.7518544931452,-1298.2644714083774,-649.1322357041887,163.61961878895647
0,300.0,1.0,802.0257958444546,-1277.2235953809466,-638.6117976904733,163.4139981539813
0,300.0,1.0,817.0685651718269,-1318.0072794337243,-659.0036397168622,158.06492545496474
0,300.0,1.0,811.5139494646103,-1285.7404395506342,-642.8702197753171,168.6437296892932
0,300.0,1.0,783.1740102344573,-1285.2503062829185,-642.6251531414592,140.5488570929981
0,300.0,1.0,757.9791562509107,-1278.517584867082,-639.258792433541,118.72036381736973
0,300.0,1.0,783.4586134632522,-1267.6628804581865,-633.8314402290932,149.62717323415893
0,300.0,1.0,795.8253848696536,-1283.7762704255729,-641.8881352127864,153.93724965686715
0,300.0,1.0,788.8904479460774,-1219.7693213216817,-609.8846606608408,179.00578728523658
0,300.0,1.0,776.6031212678628,-1212.2416554512617,-606.1208277256309,170.4822935422319
0,300.0,1.0,771.0498146387584,-1270.7094212903105,-635.3547106451553,135.6951039936032
0,300.0,1.0,800.3632685566262,-1296.757583305614,-648.378791652807,151.9844769038192
0,300.0,1.0,782.4395189192372,-1264.3082101243406,-632.1541050621703,150.28541385706694
0,300.0,1.0,782.8445749219622,-1216.388914702392,-608.194457351196,174.65011757076627
0,300.0,1.0,807.2858208180019,-1308.7131550386312,-654.3565775193156,152.9292432986863
0,300.0,1.0,780.4313164243312,-1266.8750381946272,-633.4375190973136,146.99379732701755
0,300.0,1.0,772.2514163093183,-1256.1829562764335,-628.0914781382168,144.15993817110154
0,300.0,1.0,813.029898807308,-1316.7572325601595,-658.3786162800798,154.6512825272282
0,300.0,1.0,828.8257422656071,-1322.7480101592025,-661.3740050796013,167.45173718600586
0,300.0,1.0,836.1234673752946,-1325.6699146659507,-662.8349573329754,173.28851004231922
0,300.0,1.0,818.2276781761561,-1252.898001573615,-626.4490007868075,191.77867738934867
0,300.0,1.0,800.8155073359223,-1276.4577247440375,-638.2288623720187,162.5866449639036
0,300.0,1.0,790.5093738146941,-1227.1189197695796,-613.5594598847898,176.94991392990426
0,300.0,1.0,817.2599164282146,-1255.3140856365276,-627.6570428182638,189.60287360995085
0,300.0,1.0,771.0278081158422,-1254.5218681224612,-627.2609340612306,143.76687405461155
0,300.0,1.0,780.14039068485,-1247.6785990091275,-623.8392995045638,156.30109118028622
0,300.0,1.0,819.5013345664897,-1270.5395099308007,-635.2697549654004,184.23157960108938
0,300.0,1.0,784.5743608368399,-1251.1590932023496,-625.5795466011748,158.9948142356651
0,300.0,1.0,791.8538942451738,-1289.1899577201768,-644.5949788600884,147.2589153850854
0,300.0,1.0,818.3271398174793,-1273.4036231471357,-636.7018115735679,181.62532824391144
0,300.0,1.0,795.760452102367,-1254.4473610344905,-627.2236805172453,168.53677158512176
0,300.0,1.0,788.8089293242606,-1238.2337000565835,-619.1168500282918,169.69207929596882
1,314.1043362322153,0.9550966522735679,821.9544117232896,-1307.1905184742875,-638.7524145854669,183.20199713782267
1,314.1043362322153,0.9550966522735679,815.7262756986484,-1283.0790977316385,-626.9704837951265,188.75579190352187
1,314.1043362322153,0.9550966522735679,806.5237078157625,-1306.85145745226,-638.5867340335878,167.93697378217462
1,314.1043362322153,0.9550966522735679,815.410668609502,-1316.5308485917312,-643.3165223656442,172.09414624385772
1,314.1043362322153,0.9550966522735679,787.3831364827776,-1212.1299982296741,-592.3015445861433,195.08159189663422
1,314.1043362322153,0.9550966522735679,801.394446314837,-1253.2014002489063,-612.3708893675108,189.02355694732614
1,314.1043362322153,0.9550966522735679,794.758047645404,-1228.9718021794504,-600.531211789858,194.22683585554591
1,314.1043362322153,0.9550966522735679,820.2604295729419,-1264.8744956766582,-618.0748917946901,202.18553777825184
1,314.1043362322153,0.9550966522735679,787.8768565026498,-1274.4050915419639,-622.7319720254338,165.144884477216
1,314.1043362322153,0.9550966522735679,796.8231034352366,-1278.6912189383354,-624.826367742784,171.9967356924526
1,314.1043362322153,0.9550966522735679,796.3530692475151,-1234.8801879887742,-603.4183163462872,192.93475290122797
1,314.1043362322153,0.9550966522735679,816.8845922269419,-1255.709981325204,-613.5966955503301,203.2878966766118
1,314.1043362322153,0.9550966522735679,794.4010985361136,-1252.0653358262894,-611.8157569037915,182.58534163232218
1,314.1043362322153,0.9550966522735679,809.7926563752504,-1209.894492677764,-591.2091754563791,218.58348091887137
1,314.1043362322153,0.9550966522735679,799.7782488073789,-1242.8028549163362,-607.2896897676942,192.48855903968467
1,314.1043362322153,0.9550966522735679,812.4952051233555,-1261.6232907005185,-616.4862059838066,196.0089991395489
1,314.1043362322153,0.9550966522735679,803.0347271288168,-1226.7610608046466,-599.4509435571691,203.5837835716477
1,314.1043362322153,0.9550966522735679,851.5577310742159,-1293.96283995926,-632.2887725444461,219.26895852976975
1,314.1043362322153,0.9550966522735679,804.1721439139204,-1260.6554849195688,-616.0132923031344,188.15885161078597
1,314.1043362322153,0.9550966522735679,793.2652574302334,-1265.2159072069348,-618.2417209112186,175.02353651901478
1,314.1043362322153,0.9550966522735679,791.0443147119953,-1286.9774930603128,-628.875416086179,162.16889862581627
1,314.1043362322153,0.9550966522735679,814.2121245120874,-1269.9140050840322,-620.5374240398316,193.67470047225572
1,314.1043362322153,0.9550966522735679,793.312436682249,-1227.2332147671334,-599.6816593398589,193.63077734239005
1,314.1043362322153,0.9550966522735679,820.7950516608695,-1264.7049113022729,-617.9920251986708,202.80302646219866
1,314.1043362322153,0.9550966522735679,781.505469662434,-1250.1044129603542,-610.8575612944063,170.64790836802774
1,314.1043362322153,0.9550966522735679,831.6526145898617,-1296.7836422738794,-633.6671441468002,197.98547044306156
1,314.1043362322153,0.9550966522735679,793.1775636669186,-1243.3054313945167,-607.535271367633,185.6422922992856
1,314.1043362322153,0.9550966522735679,805.871173579558,-1258.6793856909733,-615.0476808364914,190.8234927430666
1,314.1043362322153,0.9550966522735679,805.6866257437326,-1279.273328370052,-625.1108127412804,180.57581300245226
1,314.1043362322153,0.9550966522735679,835.3726289483152,-1239.7192694202056,-605.782910416561,229.58971853175422
1,314.1043362322153,0.9550966522735679,808.259169478181,-1297.3417794124284,-633.9398751985325,174.3192942796485
1,314.1043362322153,0.9550966522735679,810.3201476807393,-1239.7572384193213,-605.8014637869549,204.51868389378444
1,314.1043362322153,0.9550966522735679,778.0097397901753,-1245.359163820735,-608.538817926164,169.4709218640113
1,314.1043362322153,0.9550966522735679,777.7223688859702,-1200.9535338804326,-586.8402185676997,190.88215031827053
1,314.1043362322153,0.9550966522735679,810.6899911467565,-1286.3885847032552,-628.5876488252298,182.10234232152663
1,314.1043362322153,0.9550966522735679,801.4344131480566,-1230.5567214735356,-601.3056750465237,200.12873810153292
1,314.1043362322153,0.9550966522735679,828.2393768673695,-1312.9447599552332,-641.564197250745,186.67517961662452
1,314.1043362322153,0.9550966522735679,782.9542240352558,-1270.2048780652503,-620.6795577353145,162.27466629994137
1,314.1043362322153,0.9550966522735679,827.3946854586931,-1303.5801532672185,-636.9882268401011,190.40645861859196
1,314.1043362322153,0.9550966522735679,766.3129725447469,-1221.809478904353,-597.0313766691521,169.2815958755948
1,314.1043362322153,0.9550966522735679,799.1085306594139,-1218.4006817193467,-595.3656841767553,203.7428464826586
1,314.1043362322153,0.9550966522735679,779.3727132518186,-1238.9779386806647,-605.4206626851126,173.95205056670602
1,314.1043362322153,0.9550966522735679,801.039714283326,-1271.1367756810414,-621.1349250622804,179.90478922104558
1,314.1043362322153,0.9550966522735679,823.844739437395,-1252.0318849987873,-611.7994113164154,212.04532812097955
1,314.1043362322153,0.9550966522735679,784.385764291094,-1206.5411196210898,-589.5705657000473,194.81519859104674
1,314.1043362322153,0.9550966522735679,774.8667227860577,-1221.7198774813658,-596.9875933610003,177.87912942505739
1,314.1043362322153,0.9550966522735679,781.5473628461884,-1305.2504995439674,-637.8044335845567,143.74292926163173
1,314.1043362322153,0.9550966522735679,804.5897097902865,-1280.9049729688259,-625.9081080953108,178.6816016949757
1,314.1043362322153,0.9550966522735679,784.5723998724752,-1283.7627209247985,-627.304533009167,157.2678668633082
1,314.1043362322153,0.9550966522735679,803.9743589974521,-1245.8617450427562,-608.784401844158,195.18995715329413
1,314.1043362322153,0.9550966522735679,799.0324688611024,-1251.0321898422803,-611.3109150444155,187.72155381668688
1,314.1043362322153,0.9550966522735679,816.6807448366075,-1274.405564205115,-622.7322029900291,193.94854184657834
1,314.1043362322153,0.9550966522735679,798.3446025244448,-1234.0550191569853,-603.015101530775,195.32950099366974
1,314.1043362322153,0.9550966522735679,784.392663132919,-1266.3755080210444,-618.8083543204268,165.58430881249217
1,314.1043362322153,0.9550966522735679,837.2418361249272,-1229.0310721036456,-600.560173755736,236.68166236919126
1,314.1043362322153,0.9550966522735679,802.3104271463759,-1274.1654944605095,-622.6148940539035,179.69553309247237
1,314.1043362322153,0.9550966522735679,831.6114831418395,-1226.0836617772022,-599.1199357520306,232.49154738980883
1,314.1043362322153,0.9550966522735679,819.9983052751679,-1304.4588041974996,-637.4175754280559,182.58072984711202
1,314.1043362322153,0.9550966522735679,798.9898745869247,-1268.3386843669118,-619.767651082037,179.22222350488767
1,314.1043362322153,0.9550966522735679,796.1580275184583,-1247.4873668659181,-609.5787541976002,186.57927332085808
1,314.1043362322153,0.9550966522735679,792.2150315553855,-1312.8109787261978,-641.498825691003,150.71620586438246
1,314.1043362322153,0.9550966522735679,798.3826439139211,-1266.9893639347572,-619.1083120859936,179.27433182792754
1,314.1043362322153,0.9550966522735679,831.8174046308402,-1294.3058121868132,-632.4563642882579,199.36104034258233
1,314.1043362322153,0.9550966522735679,769.2494324675715,-1255.758658746282,-613.6204815400615,155.62895092751
1,314.1043362322153,0.9550966522735679,787.4551552386055,-1298.5602513590718,-634.5352757059746,152.91987953263083
1,314.1043362322153,0.9550966522735679,822.2510113967436,-1287.007275203437,-628.889968988425,193.36104240831855
1,314.1043362322153,0.9550966522735679,793.4976879639203,-1259.4725055513286,-615.4352350749118,178.06245288900845
1,314.1043362322153,0.9550966522735679,836.3058832829578,-1248.5845755774517,-610.1149000033504,226.1909832796074
1,314.1043362322153,0.9550966522735679,817.9316466586245,-1254.869496186711,-613.1859964945703,204.74565016405415
1,314.1043362322153,0.9550966522735679,797.8055652901315,-1228.2204414626535,-600.1640629578433,197.64150233228827
1,314.1043362322153,0.9550966522735679,811.6791964365808,-1286.3737182449013,-628.5803844012338,183.098812035347
1,314.1043362322153,0.9550966522735679,788.4671389303473,-1268.375303272471,-619.7855447356512,168.68159419469612
1,314.1043362322153,0.9550966522735679,803.750767618426,-1249.895515690061,-610.755484639233,192.995282979193
1,314.1043362322153,0.9550966522735679,786.3720087824817,-1259.7041734164332,-615.5484384726767,170.82357030980495
1,314.1043362322153,0.9550966522735679,799.6862717608224,-1270.892353500925,-621.0154893292936,178.67078243152878
1,314.1043362322153,0.9550966522735679,820.6976607051191,-1287.5449773654757,-629.152714586313,191.54494611880614
1,314.1043362322153,0.9550966522735679,774.3744571520936,-1251.3131125020493,-611.4481865627622,162.92627058933135
1,314.1043362322153,0.9550966522735679,820.7562949017121,-1281.2744816785082,-626.0886667645975,194.66762813711455
1,314.1043362322153,0.9550966522735679,814.7103183249833,-1292.1448039503166,-631.4003979164911,183.3099204084922
1,314.1043362322153,0.9550966522735679,792.7331044580902,-1206.9151851229465,-589.7533510241046,202.9797534339856
1,314.1043362322153,0.9550966522735679,818.2885085576025,-1274.5851240664285,-622.8199440601759,195.46856449742666
1,314.1043362322153,0.9550966522735679,810.5761036070942,-1325.147652956288,-647.5270827362132,163.049020870881
1,314.1043362322153,0.9550966522735679,829.1587006226681,-1297.0112485646507,-633.7783628756314,195.38033774703672
1,314.1043362322153,0.9550966522735679,780.6023195519923,-1217.0711425645147,-594.7160112075647,185.88630834442756
1,314.1043362322153,0.9550966522735679,793.3315645551188,-1301.6807625311615,-636.0600986126153,157.27146594250348
1,314.1043362322153,0.9550966522735679,797.3741277272655,-1273.3335001486944,-622.2083440001182,175.1657837271473
1,314.1043362322153,0.9550966522735679,824.1785630429808,-1288.043899426388,-629.3965104726767,194.78205257030413
1,314.1043362322153,0.9550966522735679,808.6431334357476,-1288.3028952555328,-629.523067549779,179.12006588596864
1,314.1043362322153,0.9550966522735679,808.1989687297154,-1283.6277263339218,-627.2385685459462,180.96040018376914
1,314.1043362322153,0.9550966522735679,822.03556730176,-1266.4924698134898,-618.8655071426688,203.17006015909124
1,314.1043362322153,0.9550966522735679,794.6856294364935,-1177.2191258219061,-575.2425132279798,219.44311620851374
1,314.1043362322153,0.9550966522735679,773.1350448417411,-1213.9093624413167,-593.1710224247221,179.964022417019
1,314.1043362322153,0.9550966522735679,791.3154682742272,-1278.608503148234,-624.7859490663134,166.52951920791384
1,314.1043362322153,0.9550966522735679,803.7583979256178,-1315.803252385408,-642.9609859483708,160.79741197724707
1,314.1043362322153,0.9550966522735679,816.8498719848905,-1315.8571705702982,-642.9873328123526,173.86253917253782
1,314.1043362322153,0.9550966522735679,822.5983823797241,-1310.85668142061,-640.543867630093,182.05451474963104
1,314.1043362322153,0.9550966522735679,793.355017793691,-1200.6397200414158,-586.6868749314283,206.6681428622627
1,314.1043362322153,0.9550966522735679,809.4650645909787,-1287.66087306967,-629.2093464696138,180.2557181213649
1,314.1043362322153,0.9550966522735679,806.6762986745878,-1242.22732032997,-607.0084575360315,199.66784113855624
1,314.1043362322153,0.9550966522735679,800.4381993633574,-1222.0631383225905,-597.1553261345067,203.2828732288507
1,314.1043362322153,0.9550966522735679,803.1640772492314,-1241.6498501884487,-606.7262795045704,196.437797744661
1,314.1043362322153,0.9550966522735679,805.9930591918439,-1244.0578394304462,-607.9029319671486,198.09012722469538
1,314.1043362322153,0.9550966522735679,810.1658007043497,-1289.6963692814231,-630.203981988891,179.96181871545878
1,314.1043362322153,0.9550966522735679,832.6744105436458,-1294.0439458327915,-632.3284045428603,200.34600600078545
1,314.1043362322153,0.9550966522735679,826.0578945793322,-1251.3359616661153,-611.4593516978455,214.59854288148676
1,314.1043362322153,0.9550966522735679,804.5856255783721,-1279.1254183184249,-625.0385371997406,179.54708837863143
1,314.1043362322153,0.9550966522735679,833.0592351047964,-1260.1006836607448,-615.7421913131254,217.31704379167093
1,314.1043362322153,0.9550966522735679,827.0957058302724,-1293.1232742122602,-631.8785227449561,195.21718308531638
1,314.1043362322153,0.9550966522735679,807.1624451090806,-1267.4281798968898,-619.3227374137554,187.83970769532527
1,314.1043362322153,0.9550966522735679,789.1117575773792,-1250.8382912030083,-611.2161673987821,177.8955901785971
1,314.1043362322153,0.9550966522735679,806.2063595933272,-1246.8273464566548,-609.2562383713803,196.95012122194692
1,314.1043362322153,0.9550966522735679,797.946465615267,-1260.3336797559325,-615.8560437441879,182.09042187107912
1,314.1043362322153,0.9550966522735679,804.5636583812618,-1284.4344752010682,-627.6327825335563,176.93087584770547
1,314.1043362322153,0.9550966522735679,796.5035624341494,-1240.5140759752337,-606.1712888502916,190.33227358385784
1,314.1043362322153,0.9550966522735679,810.2505754259316,-1266.7530124572452,-618.9928200633558,191.25775536257584
1,314.1043362322153,0.9550966522735679,795.1507110226513,-1243.8126491284722,-607.7831208950781,187.36759012757318
1,314.1043362322153,0.9550966522735679,814.8407857309778,-1292.7030277215924,-631.6731713008924,183.16761443008545
1,314.1043362322153,0.9550966522735679,828.6794822117987,-1315.9762341391263,-643.0455126576035,185.63396955419523
1,314.1043362322153,0.9550966522735679,825.6665539482555,-1258.832409048816,-615.1224549707348,210.54409897752066
1,314.1043362322153,0.9550966522735679,828.7686204421682,-1245.3863919463245,-608.5521228199184,220.2164976222498
1,314.1043362322153,0.9550966522735679,799.8059734310076,-1305.4983154564227,-637.9255276486708,161.88044578233678
1,314.1043362322153,0.9550966522735679,818.2037460296191,-1291.963601100813,-631.3118540079985,186.8918920216206
1,314.1043362322153,0.9550966522735679,831.5413381180787,-1322.2114110395587,-646.0923021226672,185.44903599541146
1,314.1043362322153,0.9550966522735679,819.1710017688343,-1261.425718875611,-616.3896634535249,202.78133831530943
1,314.1043362322153,0.9550966522735679,811.6521668180668,-1234.3960152068212,-603.1817276247671,208.47043919329974
1,314.1043362322153,0.9550966522735679,812.2377771985206,-1246.0363969232073,-608.869744652856,203.36803254566462
1,314.1043362322153,0.9550966522735679,790.4949316266636,-1261.8834904824255,-616.613351366686,173.88158025997768
1,314.1043362322153,0.9550966522735679,805.1351478781338,-1305.2444305402043,-637.801467994803,167.33367988333077
1,314.1043362322153,0.9550966522735679,839.7480002427075,-1242.6347461983078,-607.2075442441183,232.5404559985892
1,314.1043362322153,0.9550966522735679,807.5199209780391,-1218.4138969265825,-595.3721417247651,212.14777925327394
1,314.1043362322153,0.9550966522735679,826.5450625955175,-1226.7376404246809,-599.4394993001598,227.10556329535768
1,314.1043362322153,0.9550966522735679,817.624327721039,-1269.5199021926753,-620.3448475409269,197.27948018011205
1,314.1043362322153,0.9550966522735679,825.5151186220523,-1257.5784274284554,-614.5097028305295,211.00541579152286
1,314.1043362322153,0.9550966522735679,777.4369599453275,-1230.6655799335729,-601.3588682140185,176.0780917313091
1,314.1043362322153,0.9550966522735679,809.204911270167,-1270.2749665102663,-620.7138061198121,188.49110515035488
1,314.1043362322153,0.9550966522735679,788.0828241090045,-1232.0632336354572,-602.0418250318777,186.0409990771268
1,314.1043362322153,0.9550966522735679,793.0895243573799,-1262.0102938512491,-616.6753132283037,176.4142111290762
1,314.1043362322153,0.9550966522735679,807.7637440347595,-1285.7331357167534,-628.2673668029472,179.4963772318123
1,314.1043362322153,0.9550966522735679,802.1746511843704,-1250.5283659544637,-611.0647239037054,191.10992728066503
1,314.1043362322153,0.9550966522735679,810.913527995631,-1238.121684602054,-605.0022582119456,205.91126978368538
1,314.1043362322153,0.9550966522735679,801.0487552170528,-1227.4573046260564,-599.7911597810328,201.25759543601998
1,314.1043362322153,0.9550966522735679,830.125277079738,-1227.1982076516824,-599.6645532797966,230.46072379994143
1,314.1043362322153,0.9550966522735679,785.7624016893205,-1204.003133225488,-588.3303907481452,197.43201094117535
1,314.1043362322153,0.9550966522735679,802.972134745822,-1252.0194046922215,-611.7933128741142,191.17882187170778
1,314.1043362322153,0.9550966522735679,818.3886138649932,-1271.3596402684518,-621.2438267803714,197.14478708462184
1,314.1043362322153,0.9550966522735679,809.5793710072719,-1260.057437584737,-615.7210593242677,193.85831168300422
1,314.1043362322153,0.9550966522735679,799.7352370608518,-1286.3899168686157,-628.588299781482,171.1469372793698
1,314.1043362322153,0.9550966522735679,793.3588211661599,-1222.2882233542055,-597.2653128620718,196.09350830408812
1,314.1043362322153,0.9550966522735679,791.0693494167566,-1237.7735727772315,-604.832155028432,186.2371943883246
1,314.1043362322153,0.9550966522735679,826.6975781163346,-1221.51741385126,-596.8886604734311,229.80891764290357
1,314.1043362322153,0.9550966522735679,801.4900809467326,-1230.7774951048443,-601.4135550288845,200.07652591784813
1,314.1043362322153,0.9550966522735679,806.1088316540867,-1253.2565378719526,-612.3978321041337,193.71099954995293
1,314.1043362322153,0.9550966522735679,816.7702403913132,-1232.355074615516,-602.1844317353789,214.58580865593433
1,314.1043362322153,0.9550966522735679,815.8581466201169,-1230.371309081512,-601.2150741651484,214.64307245496855
1,314.1043362322153,0.9550966522735679,783.1495924755152,-1219.8319347758888,-596.065059159077,187.08453331643818
1,314.1043362322153,0.9550966522735679,806.8256545535573,-1273.014806581665,-622.0526159080185,184.7730386455388
1,314.1043362322153,0.9550966522735679,793.4698825220707,-1228.42136302921,-600.2622423234111,193.20764019865965
1,314.1043362322153,0.9550966522735679,839.4679943947817,-1319.5449316532856,-644.7893396834871,194.6786547112946
1,314.1043362322153,0.9550966522735679,814.145386134262,-1245.2203179918154,-608.4709715738351,205.67441456042695
1,314.1043362322153,0.9550966522735679,816.9805587033915,-1261.3676826137494,-616.3613043108646,200.61925439252684
1,314.1043362322153,0.9550966522735679,815.8022174953046,-1208.5846652090588,-590.5691345086354,225.23308298666916
1,314.1043362322153,0.9550966522735679,811.6249767496752,-1259.5943066884688,-615.4947526198664,196.13022412980877
1,314.1043362322153,0.9550966522735679,816.7427873018073,-1310.404461878285,-640.3228927067744,176.41989459503293
1,314.1043362322153,0.9550966522735679,829.161855883801,-1272.083817940644,-621.5976927472402,207.56416313656075
1,314.1043362322153,0.9550966522735679,823.0194798159379,-1217.9755372022037,-595.1579393354066,227.8615404805313
1,314.1043362322153,0.9550966522735679,784.4527426654748,-1264.0136352941367,-617.6542364730784,166.79850619239642
1,314.1043362322153,0.9550966522735679,826.1927278938452,-1272.468921000572,-621.7858715214256,204.4068563724196
1,314.1043362322153,0.9550966522735679,826.7461872275888,-1277.1991159501806,-624.0972587314927,202.64892849609612
1,314.1043362322153,0.9550966522735679,798.1119901897531,-1298.7544823042801,-634.6301857313196,163.48180445843354
1,314.1043362322153,0.9550966522735679,817.8641031277566,-1262.8697874723307,-617.095300688454,200.7688024393026
1,314.1043362322153,0.9550966522735679,816.1978332283226,-1303.9167826078817,-637.1527191624749,179.04511406584766
1,314.1043362322153,0.9550966522735679,770.7868874011334,-1287.3625255675336,-629.0635603851205,141.72332701601295
1,314.1043362322153,0.9550966522735679,838.7343685636953,-1260.0649883991487,-615.72474899373,223.00961956996525
1,314.1043362322153,0.9550966522735679,848.2101079476038,-1305.2792425161695,-637.818478700886,210.3916292467178
1,314.1043362322153,0.9550966522735679,804.5565977794605,-1282.0668440586016,-626.4758508638994,178.08074691556112
1,314.1043362322153,0.9550966522735679,817.440022000977,-1303.9010784360707,-637.145045393792,180.29497660718505
1,314.1043362322153,0.9550966522735679,793.0040359902051,-1262.1178025379693,-616.7278468355024,176.2761891547027
1,314.1043362322153,0.9550966522735679,809.5827645976764,-1288.2876151972741,-629.5156010221613,180.0671635755151
1,314.1043362322153,0.9550966522735679,824.1904148495275,-1302.9728790367124,-636.6914851826539,187.49892966687366
1,314.1043362322153,0.9550966522735679,805.1449592366306,-1245.4963712056822,-608.6058636606575,196.53909557597308
1,314.1043362322153,0.9550966522735679,822.1224497330015,-1249.9577910045305,-610.7859151747397,211.33653455826186
1,314.1043362322153,0.9550966522735679,821.740323067395,-1296.0612987979396,-633.3141744511852,188.42614861620984
1,314.1043362322153,0.9550966522735679,833.5784737264083,-1286.7164208911852,-628.7478444154436,204.8306293109647
1,314.1043362322153,0.9550966522735679,829.0196134699621,-1218.4801678964611,-595.4045247182376,233.61508875172456
1,314.1043362322153,0.9550966522735679,824.3925181545203,-1284.2304905342771,-627.5331063986627,196.85941175585765
1,314.1043362322153,0.9550966522735679,828.9474949402735,-1260.46564916881,-615.9205299686024,213.02696497167108
1,314.1043362322153,0.9550966522735679,843.1548818458118,-1294.9706973408333,-632.7812572488098,210.37362459700205
1,314.1043362322153,0.9550966522735679,813.6171585144143,-1258.5246747410522,-614.9720820684249,198.6450764459894
1,314.1043362322153,0.9550966522735679,796.8884617216675,-1248.5197061147296,-610.0832018496681,186.8052598719994
1,314.1043362322153,0.9550966522735679,780.3672303973487,-1243.72144232601,-607.7385531258999,172.62867727144885
1,314.1043362322153,0.9550966522735679,770.177734124903,-1236.2101098943826,-604.0681763448198,166.10955778008326
1,314.1043362322153,0.9550966522735679,787.505645434976,-1301.7531387746867,-636.0954649189472,151.41018051602884
1,314.1043362322153,0.9550966522735679,820.6446882321388,-1254.7674576648549,-613.1361358573523,207.50855237478652
1,314.1043362322153,0.9550966522735679,794.1999070071074,-1208.357337538647,-590.4580519263145,203.7418550807929
1,314.1043362322153,0.9550966522735679,784.7360791045509,-1245.7841058189433,-608.7464638076008,175.9896152969501
1,314.1043362322153,0.9550966522735679,794.3251834754798,-1298.6374217166563,-634.5729846332846,159.75219884219518
1,314.1043362322153,0.9550966522735679,826.9955743232453,-1246.8393347256829,-609.2620963818846,217.73347794136066
1,314.1043362322153,0.9550966522735679,772.8114617647605,-1210.3265497237528,-591.4202980719915,181.39116369276894
1,314.1043362322153,0.9550966522735679,832.4172585813278,-1264.3573170293648,-617.8221749144328,214.595083666895
1,314.1043362322153,0.9550966522735679,805.1252615917927,-1260.989565648372,-616.1765392584739,188.94872233331876
1,314.1043362322153,0.9550966522735679,785.4063720418367,-1286.0016200738512,-628.3985604039955,157.0078116378412
1,314.1043362322153,0.9550966522735679,799.9047413506042,-1298.9120827261029,-634.7071964260547,165.19754492454956
1,314.1043362322153,0.9550966522735679,800.6905773571614,-1256.9780797446715,-614.2163457971145,186.47423156004686
1,314.1043362322153,0.9550966522735679,812.6921631991605,-1270.0284626267849,-620.5933531724007,192.0988100267598
1,314.1043362322153,0.9550966522735679,769.5465963339063,-1273.1576524428372,-622.1224168570369,147.42417947686943
1,314.1043362322153,0.9550966522735679,784.7659863080287,-1263.9419057625848,-617.6191861794691,167.14680012855956
1,314.1043362322153,0.9550966522735679,813.3174516128657,-1289.7861422100975,-630.2478491024791,183.06960251038663
1,314.1043362322153,0.9550966522735679,769.8856316730887,-1240.8123103651524,-606.3170196630391,163.5686120100496
1,314.1043362322153,0.9550966522735679,804.6277159162045,-1241.2347384262941,-606.5234371211138,198.10427879509064
1,314.1043362322153,0.9550966522735679,758.4465708181897,-1222.9338914951334,-597.5808155207967,160.86575529739298
1,314.1043362322153,0.9550966522735679,797.6278434466634,-1268.7710949525715,-619.978946453124,177.64889699353944
1,314.1043362322153,0.9550966522735679,824.2137168908338,-1268.7926441258257,-619.9894763538952,204.22424053693862
1,314.1043362322153,0.9550966522735679,798.3794582218686,-1248.2560279516867,-609.9543567724305,188.4251014494381
1,314.1043362322153,0.9550966522735679,779.2381017256063,-1221.2590278160467,-596.7624013692262,182.47570035638012
1,314.1043362322153,0.9550966522735679,802.3342750206957,-1221.509411343758,-596.8847500862937,205.449524934402
1,314.1043362322153,0.9550966522735679,814.1052432110516,-1259.869712456993,-615.629328335609,198.47591487544264
1,314.1043362322153,0.9550966522735679,792.7688630109136,-1258.414112783304,-614.9180564948954,177.85080651601822
1,314.1043362322153,0.9550966522735679,800.1363804990589,-1270.7252475911985,-620.9338338232133,179.2025466758456
1,314.1043362322153,0.9550966522735679,803.8049577978746,-1236.3744896462651,-604.1484997268669,199.6564580710077
1,314.1043362322153,0.9550966522735679,795.7368222697039,-1250.62513628909,-611.1120102663506,184.62481200335333
1,314.1043362322153,0.9550966522735679,813.0684281758564,-1271.9873438768489,-621.5505511559243,191.51787701993214
1,314.1043362322153,0.9550966522735679,783.7514930194046,-1250.6165464962976,-611.1078129050559,172.64368011434874
1,314.1043362322153,0.9550966522735679,788.9458431649056,-1292.8408843293307,-631.7405342750073,157.20530888989822
1,314.1043362322153,0.9550966522735679,781.8098328692342,-1225.6980197150297,-598.9314935969683,182.87833927226598
1,314.1043362322153,0.9550966522735679,787.5655656511691,-1242.9477179653188,-607.3604764059188,180.2050892452503
1,314.1043362322153,0.9550966522735679,815.4960226064336,-1258.7267471370878,-615.070823781331,200.4251988251026
1,314.1043362322153,0.9550966522735679,806.4567328920123,-1247.6501217790487,-609.658283609938,196.79844928207422
1,314.1043362322153,0.9550966522735679,795.8635894581503,-1249.363080568531,-610.495312755578,185.3682767025723
1,314.1043362322153,0.9550966522735679,820.6502580356661,-1249.185578883892,-610.4085774036506,210.24168063201546
1,314.1043362322153,0.9550966522735679,827.6490994154332,-1232.9066087875558,-602.4539362790073,225.1951631364259
1,314.1043362322153,0.9550966522735679,820.9644227334354,-1231.2989381623897,-601.66835569288,219.29606704055539
1,314.1043362322153,0.9550966522735679,825.4729318418756,-1235.0425270440603,-603.4976425516719,221.9752892902037
1,314.1043362322153,0.9550966522735679,796.8815731674433,-1234.4760310805502,-603.2208269999746,193.6607461674687
1,314.1043362322153,0.9550966522735679,820.4956335654168,-1268.433938501347,-619.8141965606875,200.68143700472933
1,314.1043362322153,0.9550966522735679,793.434479721093,-1258.770332940829,-615.0921217765259,178.34235794456708
1,314.1043362322153,0.9550966522735679,805.6135201067864,-1241.9680954133348,-606.8817885164193,198.73173159036708
1,314.1043362322153,0.9550966522735679,797.6920988431409,-1218.5686206267358,-595.4477467231718,202.2443521199691
1,314.1043362322153,0.9550966522735679,829.3291305043392,-1298.291345040158,-634.4038759152968,194.92525458904242
1,314.1043362322153,0.9550966522735679,808.8015580559285,-1231.5471072151452,-601.7896223173182,207.0119357386103
1,314.1043362322153,0.9550966522735679,812.5016693249389,-1209.6809144269985,-591.1048114624155,221.39685786252346
1,314.1043362322153,0.9550966522735679,809.5764177402987,-1288.1224928800914,-629.4349147891204,180.14150295117827
1,314.1043362322153,0.9550966522735679,800.0905375912105,-1289.207090073834,-629.9648980368296,170.12563955438088
1,314.1043362322153,0.9550966522735679,787.2161564656777,-1246.8574606204786,-609.270953513958,177.9452029517197
1,314.1043362322153,0.9550966522735679,788.7838019953363,-1232.9497602709812,-602.4750220456506,186.3087799496857
1,314.1043362322153,0.9550966522735679,800.1504411420502,-1279.8645014825918,-625.3996866641983,174.75075447785196
1,314.1043362322153,0.9550966522735679,815.0505569096825,-1296.0081073295746,-633.2881826937686,181.76237421591395
1,314.1043362322153,0.9550966522735679,811.133262627771,-1229.4580316419433,-600.7688054985184,210.36445712925263
1,314.1043362322153,0.9550966522735679,802.2029283150961,-1268.6655766817132,-619.9273854531465,182.2755428619496
1,314.1043362322153,0.9550966522735679,793.4069562234228,-1263.0783346366345,-617.1972062660049,176.2097499574179
1,314.1043362322153,0.9550966522735679,795.0800299692211,-1228.1246102217976,-600.1172354788918,194.96279449032932
1,314.1043362322153,0.9550966522735679,806.1137157640476,-1251.020240150825,-611.3050758846582,194.80863987938937
1,314.1043362322153,0.9550966522735679,787.45378634552,-1213.4159168706215,-592.9299025991928,194.52388374632721
1,314.1043362322153,0.9550966522735679,788.8133866271805,-1246.6245125342016,-609.1571245422209,179.65626208495962
1,314.1043362322153,0.9550966522735679,781.5781200685639,-1241.6420512468262,-606.7224685889294,174.8556514796345
1,314.1043362322153,0.9550966522735679,788.454996791781,-1260.9855360097888,-616.1745701947923,172.28042659698872
1,314.1043362322153,0.9550966522735679,785.8092566319824,-1257.550877360759,-614.4962406212995,171.31301601068287
1,314.1043362322153,0.9550966522735679,812.7883937401541,-1234.7048451273922,-603.3326358930516,209.45575784710252
1,314.1043362322153,0.9550966522735679,816.1954175904335,-1289.557321303808,-630.1360368575657,186.0593807328678
1,314.1043362322153,0.9550966522735679,811.354773879131,-1280.0771642452557,-625.5036033092659,185.85117056986508
1,314.1043362322153,0.9550966522735679,812.7663378016726,-1229.3280266747954,-600.7052791911437,212.0610586105289
1,314.1043362322153,0.9550966522735679,829.4602322323624,-1262.004433278644,-616.6724494874416,212.78778274492083
1,314.1043362322153,0.9550966522735679,808.9083531928469,-1279.5796733795216,-625.2605067696026,183.64784642324435
1,314.1043362322153,0.9550966522735679,790.3309368376337,-1236.849396064258,-604.380560483817,185.95037635381664
1,314.1043362322153,0.9550966522735679,804.428875011884,-1246.5790402161917,-609.1349047108229,195.2939703010611
1,314.1043362322153,0.9550966522735679,826.3203328885984,-1316.6941885678966,-643.3963376662446,182.92399522235382
1,314.1043362322153,0.9550966522735679,814.2851067705283,-1261.4645973300578,-616.4086612249304,197.8764455455979
1,314.1043362322153,0.9550966522735679,832.8070920473896,-1210.331169425707,-591.4225554673261,241.38453658006347
1,314.1043362322153,0.9550966522735679,830.2211205725939,-1246.4530408406983,-609.0733357167128,221.14778485588113
1,314.1043362322153,0.9550966522735679,817.7683498678701,-1242.8183287036998,-607.2972509601153,210.47109890775482
1,314.1043362322153,0.9550966522735679,807.4945610790144,-1298.2759673266116,-634.3963616688884,173.09819941012597
1,314.1043362322153,0.9550966522735679,789.4038293270335,-1256.6457771544287,-614.053967720705,175.34986160632843
1,314.1043362322153,0.9550966522735679,789.2242185815711,-1248.0497096221577,-609.853540304366,179.37067827720512
1,314.1043362322153,0.9550966522735679,828.3109788823516,-1256.9188667894439,-614.187411668851,214.12356721350056
1,314.1043362322153,0.9550966522735679,826.6052615388685,-1270.113902010171,-620.6351027197447,205.97015881912375
1,314.1043362322153,0.9550966522735679,830.5364855393415,-1278.1454015127788,-624.5596566600689,205.9768288792726
1,314.1043362322153,0.9550966522735679,799.1853055116924,-1256.0182968069964,-613.7473524405582,185.4379530711342
1,314.1043362322153,0.9550966522735679,805.89123662917,-1274.669876536158,-622.8613579504365,183.02987867873344
1,314.1043362322153,0.9550966522735679,788.1902523323678,-1273.7697465295737,-622.4215137142515,165.76873861811623
1,314.1043362322153,0.9550966522735679,826.9300567241894,-1255.1546054602873,-613.3253137817933,213.60474294239611
1,314.1043362322153,0.9550966522735679,809.2207357261628,-1283.6433417822186,-627.2461989603071,181.97453676585576
1,314.1043362322153,0.9550966522735679,795.432885294733,-1239.780116174701,-605.8126428930474,189.62024240168557
1,314.1043362322153,0.9550966522735679,815.5054771212708,-1289.2179260316614,-629.9701929759595,185.53528414531127
1,314.1043362322153,0.9550966522735679,778.7729810344405,-1278.4697776398639,-624.7181615080473,154.0548195263932
1,314.1043362322153,0.9550966522735679,788.8891560516352,-1236.1980633595695,-604.0622898630173,184.82686618861783
1,314.1043362322153,0.9550966522735679,797.9192539508166,-1261.2519032978737,-616.3047293001608,181.61452465065577
1,314.1043362322153,0.9550966522735679,801.5902000385413,-1240.7240808462323,-606.2739067292689,195.3162933092724
1,314.1043362322153,0.9550966522735679,828.796039043834,-1279.713855515352,-625.3260742305384,203.46996481329552
1,314.1043362322153,0.9550966522735679,809.8792395171195,-1265.5879536159878,-618.4235196152039,191.4557199019156
1,314.1043362322153,0.9550966522735679,805.6750502502285,-1303.0312811750553,-636.7200231091124,168.95502714111615
1,314.1043362322153,0.9550966522735679,834.9159694163869,-1306.1044144894051,-638.2216950514511,196.69427436493584
1,314.1043362322153,0.9550966522735679,852.2698754273904,-1273.364665720864,-622.2235729083715,230.04630251901892
1,314.1043362322153,0.9550966522735679,817.1546404856277,-1211.6125384261065,-592.0486903202132,225.10595016541458
1,314.1043362322153,0.9550966522735679,784.2446524807854,-1234.810163265496,-603.3840990991127,180.86055338167262
1,314.1043362322153,0.9550966522735679,798.4338933695843,-1256.2015172683055,-613.8368822454402,184.59701112414416
1,314.1043362322153,0.9550966522735679,791.7212954159797,-1262.0218998325186,-616.6809844357174,175.04031098026235
1,314.1043362322153,0.9550966522735679,806.0043599863249,-1290.5636121617322,-630.6277560876168,175.37660389870803
1,314.1043362322153,0.9550966522735679,795.0998152659593,-1269.3421558424982,-620.2579926343507,174.84182263160858
1,314.1043362322153,0.9550966522735679,819.974290704074,-1253.2367948588217,-612.3881847748958,207.5861059291782
1,314.1043362322153,0.9550966522735679,770.4524498527533,-1218.2945643677579,-595.313830438835,175.13861941391826
1,314.1043362322153,0.9550966522735679,777.704067193459,-1236.325277799478,-604.1244525925608,173.57961460089814
1,314.1043362322153,0.9550966522735679,782.5786023702736,-1265.9309636875353,-618.5911298513031,163.98747251897055
1,314.1043362322153,0.9550966522735679,814.60903388143,-1192.5266934080873,-582.7224831473728,231.8865507340572
1,314.1043362322153,0.9550966522735679,796.8150000578944,-1275.2366769265554,-623.138322258881,173.67667779901342
1,314.1043362322153,0.9550966522735679,813.3482669570199,-1274.720954860618,-622.8863171301587,190.4619498268612
1,314.1043362322153,0.9550966522735679,788.4913339833964,-1239.1975061725566,-605.5279532931979,182.9633806901985
1,314.1043362322153,0.9550966522735679,797.8505617880808,-1246.8568144287153,-609.2706377554338,188.579924032647
1,314.1043362322153,0.9550966522735679,828.1483035489638,-1252.6750528786247,-612.1136922344789,216.0346113144849
1,314.1043362322153,0.9550966522735679,809.4476315591486,-1236.371136130203,-604.1468610472317,205.30077051191688
1,314.1043362322153,0.9550966522735679,802.3712654232562,-1177.8162664080494,-575.5343031284231,226.83696229483314
1,314.1043362322153,0.9550966522735679,777.6068659094263,-1237.8954922829337,-604.8917304136202,172.71513549580618
1,314.1043362322153,0.9550966522735679,838.2400377223225,-1236.6058445835763,-604.2615502139575,233.978487508365
1,314.1043362322153,0.9550966522735679,794.3982648384265,-1226.8858327290397,-599.5119127631511,194.88635207527534
1,314.1043362322153,0.9550966522735679,818.7885699341932,-1285.0818878176638,-627.9491376219992,190.83943231219405
1,314.1043362322153,0.9550966522735679,821.4955769159494,-1266.1670812054758,-618.7065075507118,202.78906936523765
1,314.1043362322153,0.9550966522735679,821.6582875824546,-1283.9297904078537,-627.386170715528,194.27211686692658
1,314.1043362322153,0.9550966522735679,776.2844483408909,-1252.252742773235,-611.90733241492,164.37711592597088
1,314.1043362322153,0.9550966522735679,788.5014201368881,-1225.014378457726,-598.59743555597,189.90398458091806
1,314.1043362322153,0.9550966522735679,797.1406669611325,-1278.6153925419412,-624.789315535702,172.3513514254305
1,314.1043362322153,0.9550966522735679,795.0740072451102,-1275.3090370508016,-623.1736806886039,171.90032655650634
1,314.1043362322153,0.9550966522735679,795.60981823817,-1190.7217759697678,-581.840518846408,213.76929939176193
1,314.1043362322153,0.9550966522735679,777.0943289822733,-1280.8218133347507,-625.8674725365985,151.2268564456748
1,314.1043362322153,0.9550966522735679,806.8229148645045,-1298.9159504321838,-634.7090863621911,172.11382850231337
1,314.1043362322153,0.9550966522735679,790.0451932115029,-1230.3273311531962,-601.1935845601496,188.85160865135333
1,314.1043362322153,0.9550966522735679,797.6803940845674,-1288.0666871482472,-629.4076455843186,168.27274850024878
1,314.1043362322153,0.9550966522735679,802.9027991296372,-1250.289627750154,-610.9480656183971,191.95473351124008
1,314.1043362322153,0.9550966522735679,801.8353215537333,-1244.494332207623,-608.116222081658,193.7190994720753
1,314.1043362322153,0.9550966522735679,817.2103343152899,-1253.3987171161903,-612.4673073139653,204.74302700132455
1,314.1043362322153,0.9550966522735679,781.3861741573191,-1249.9670531090783,-610.7904410579682,170.59573309935092
1,314.1043362322153,0.9550966522735679,790.8019622703138,-1245.1018770951966,-608.4130959943907,182.38886627592308
1,314.1043362322153,0.9550966522735679,775.1738457197256,-1200.38338468206,-586.5616178802043,188.61222783952132
1,314.1043362322153,0.9550966522735679,829.6409726091866,-1271.0699973665264,-621.1022941572704,208.5386784519162
1,314.1043362322153,0.9550966522735679,802.7169486898392,-1250.8223922907903,-611.2083984711277,191.50855021871155
1,314.1043362322153,0.9550966522735679,776.5049790240494,-1176.2912515982123,-574.7891119123798,201.71586711166958
1,314.1043362322153,0.9550966522735679,849.8194564801469,-1330.915972622931,-650.3457446398119,199.473711840335
1,314.1043362322153,0.9550966522735679,826.1590190991669,-1323.0774607014664,-646.5154931609102,179.64352593825674
1,314.1043362322153,0.9550966522735679,794.9692269819665,-1242.2633911976168,-607.0260833935328,187.9431435884337
1,314.1043362322153,0.9550966522735679,794.5445328529901,-1253.77932505414,-612.6532895682273,181.89124328476282
1,314.1043362322153,0.9550966522735679,831.7617552613893,-1266.848503899236,-619.0394815012119,212.72227376017747
1,314.1043362322153,0.9550966522735679,793.7922388704967,-1244.7112852935077,-608.2222351727124,185.57000369778427
1,314.1043362322153,0.9550966522735679,826.9476924921653,-1200.0244789320332,-586.3862402966017,240.56145219556356
1,314.1043362322153,0.9550966522735679,784.2499965876584,-1291.9200555483653,-631.2905756814063,152.95942090625215
1,314.1043362322153,0.9550966522735679,821.9328811102149,-1250.240946473945,-610.9242777448743,211.0086033653406
1,314.1043362322153,0.9550966522735679,789.764124688347,-1253.5013536361062,-612.517460160084,177.24666452826295
1,314.1043362322153,0.9550966522735679,789.946125110353,-1213.1081408367572,-592.7795093076229,197.16661580273012
1,314.1043362322153,0.9550966522735679,810.9393542787706,-1218.4986714420322,-595.4135663875618,215.52578789120878
1,314.1043362322153,0.9550966522735679,795.5543422633604,-1269.2111094466827,-620.1939574378229,175.3603848255375
1,314.1043362322153,0.9550966522735679,803.1016362493125,-1304.1519777494616,-637.2676461470726,165.8339901022399
1,314.1043362322153,0.9550966522735679,767.8563201566757,-1227.4414917305292,-599.7834328850242,168.07288727165144
1,314.1043362322153,0.9550966522735679,796.5795954548307,-1283.010972885016,-626.937194913622,169.64240054120876
1,314.1043362322153,0.9550966522735679,786.5333084529148,-1295.7108818946394,-633.1429449020635,153.39036355085125
1,314.1043362322153,0.9550966522735679,791.9005959402914,-1240.660125268981,-606.2426551413648,185.65794079892657
1,314.1043362322153,0.9550966522735679,822.2522303622035,-1280.3552136020676,-625.6394708018215,196.61275956038196
1,314.1043362322153,0.9550966522735679,823.6596618764606,-1256.9321961489559,-614.1939249968265,209.46573687963416
1,314.1043362322153,0.9550966522735679,804.7377132740132,-1210.7873677634195,-591.6454746100413,213.0922386639719
1,314.1043362322153,0.9550966522735679,789.4281697926042,-1204.3789692804203,-588.5140412445215,200.91412854808266
1,314.1043362322153,0.9550966522735679,804.4138281547773,-1275.9219487068037,-623.4731770471423,180.94065110763506
1,314.1043362322153,0.9550966522735679,796.2689051766391,-1218.9377505962805,-595.628120322896,200.64078485374307
1,314.1043362322153,0.9550966522735679,794.6383481127201,-1247.7021462912542,-609.683705139791,184.95464297292915
1,314.1043362322153,0.9550966522735679,788.1764959686566,-1261.7988347205232,-616.5719847322441,171.60451123641246
1,314.1043362322153,0.9550966522735679,792.0976772775879,-1204.5304301959252,-588.5880518987657,203.5096253788222
1,314.1043362322153,0.9550966522735679,762.599306545507,-1189.1630686090343,-581.0788639260046,181.52044261950243
1,314.1043362322153,0.9550966522735679,783.4583549098114,-1281.2643035587066,-626.0836932748825,157.37466163492888
1,314.1043362322153,0.9550966522735679,817.506432975682,-1258.5607100367508,-614.9896905438633,202.51674243181867
1,314.1043362322153,0.9550966522735679,834.1157967419351,-1301.5580232976968,-636.0001226713642,198.1156740705709
1,314.1043362322153,0.9550966522735679,801.6630185990525,-1204.4821103031477,-588.5644406135337,213.09857798551877
1,314.1043362322153,0.9550966522735679,821.8919960032015,-1237.3503122739044,-604.6253308014522,217.26666520174933
1,314.1043362322153,0.9550966522735679,791.9030533809204,-1228.3294756880823,-600.2173420122587,191.6857113686617
1,314.1043362322153,0.9550966522735679,805.8524391888965,-1209.9508930386494,-591.2367352238268,214.61570396506966
1,314.1043362322153,0.9550966522735679,771.9873881026869,-1244.724122330537,-608.2285079296539,163.75888017303294
1,314.1043362322153,0.9550966522735679,814.2773749850423,-1217.7607220197374,-595.0529709206646,219.22440406437772
1,314.1043362322153,0.9550966522735679,794.2650051569788,-1242.6698785776607,-607.2247115137892,187.04029364318956
1,314.1043362322153,0.9550966522735679,818.399064724174,-1181.4721169963518,-577.3207170884688,241.0783476357052
1,314.1043362322153,0.9550966522735679,769.7930045232813,-1218.8008047793105,-595.5612024023476,174.2318021209337
1,314.1043362322153,0.9550966522735679,794.8497896759824,-1235.0139844539428,-603.483695351093,191.36609432488933
1,314.1043362322153,0.9550966522735679,800.3603623374026,-1309.3436838844389,-639.8045485975322,160.55581373987047
1,314.1043362322153,0.9550966522735679,784.9662628255722,-1193.5570298398138,-583.2259521324208,201.7403106931514
1,314.1043362322153,0.9550966522735679,780.1956544787741,-1224.482185665317,-598.3373820852847,181.85827239348941
1,314.1043362322153,0.9550966522735679,785.159833439842,-1225.4797686180202,-598.8248462389662,186.33498720087584
1,314.1043362322153,0.9550966522735679,846.0314995744516,-1314.7347669012283,-642.4388756107239,203.59262396372765
1,314.1043362322153,0.9550966522735679,793.1933346007912,-1234.0237931041345,-602.9998430689253,190.1934915318659
1,314.1043362322153,0.9550966522735679,803.5656050805565,-1261.2058812611215,-616.2822408513202,187.2833642292362
1,314.1043362322153,0.9550966522735679,809.332294504737,-1296.024658238574,-633.2962702165416,176.03602428819534
1,314.1043362322153,0.9550966522735679,814.2565942102735,-1247.2339824351254,-609.4549391035495,204.80165510672407
1,314.1043362322153,0.9550966522735679,829.5755454844251,-1286.338173305716,-628.5630155361679,201.01252994825722
1,314.1043362322153,0.9550966522735679,839.6278078833134,-1320.1521248533302,-645.0860417457856,194.54176613752782
1,314.1043362322153,0.9550966522735679,813.5754905976003,-1259.3137421692802,-615.357656105207,198.2178344923933
1,314.1043362322153,0.9550966522735679,791.7669542914991,-1253.9736242865197,-612.7482329617729,179.0187213297262
1,314.1043362322153,0.9550966522735679,812.7412072724547,-1243.5620074513565,-607.660646034535,205.0805612379197
1,314.1043362322153,0.9550966522735679,823.7124397891473,-1277.3033491449942,-624.1481917851878,199.5642480039595
1,314.1043362322153,0.9550966522735679,824.997498407603,-1260.0590646319718,-615.7218543731417,209.27564403446127
1,314.1043362322153,0.9550966522735679,838.1216889499952,-1228.7936637122666,-600.444165277176,237.67752367281923
1,314.1043362322153,0.9550966522735679,797.6533875778767,-1188.475404401714,-580.7428400896608,216.9105474882159
1,314.1043362322153,0.9550966522735679,859.3438839522912,-1279.2142200221574,-625.0819297288914,234.2619542233998
1,314.1043362322153,0.9550966522735679,799.1644699282206,-1261.2999976077099,-616.3282303553639,182.8362395728567
1,314.1043362322153,0.9550966522735679,774.3647695868247,-1207.281841485501,-589.9325159075664,184.43225367925822
1,314.1043362322153,0.9550966522735679,817.4791993085453,-1274.6100515865016,-622.8321247740132,194.64707453453207
1,314.1043362322153,0.9550966522735679,806.3036075203398,-1260.7052524899752,-616.0376109891376,190.26599653120218
1,314.1043362322153,0.9550966522735679,814.1854906441523,-1235.8497425339217,-603.892084552247,210.29340609190535
1,314.1043362322153,0.9550966522735679,808.7434179795227,-1253.1510542328579,-612.3462880268024,196.39712995272032
1,314.1043362322153,0.9550966522735679,845.2658956465792,-1288.5247718789167,-629.6314865039585,215.6344091426207
2,329.0632268572581,0.9116788978980468,839.6792451601495,-1296.4368660122338,-618.9311317665425,220.748113393607
2,329.0632268572581,0.9116788978980468,816.5631434514991,-1212.4230501069444,-578.8221472679514,237.74099618354762
2,329.0632268572581,0.9116788978980468,798.050890985723,-1225.2170576417625,-584.9301265849172,213.1207644008058
2,329.0632268572581,0.9116788978980468,825.060119277022,-1264.575634226933,-603.7202805748376,221.33983870218435
2,329.0632268572581,0.9116788978980468,824.2763828915432,-1226.0928779780259,-585.3482514363147,238.92813145522848
2,329.0632268572581,0.9116788978980468,821.2886285814382,-1269.3884575824338,-606.0179676311886,215.27066095024952
2,329.0632268572581,0.9116788978980468,818.1670514741139,-1241.5164068137751,-592.7115889102847,225.4554625638292
2,329.0632268572581,0.9116788978980468,799.0633414642599,-1206.5150295467422,-576.0016027835342,223.06173868072574
2,329.0632268572581,0.9116788978980468,814.6511695398223,-1220.0299919288998,-582.4537727134906,232.19739682633167
2,329.0632268572581,0.9116788978980468,847.0581288080361,-1242.6337227193305,-593.2450060138058,253.81312279423037
2,329.0632268572581,0.9116788978980468,816.3051845131343,-1270.4916886568665,-606.5446605040926,209.76052400904177
2,329.0632268572581,0.9116788978980468,810.3452731883033,-1210.7403296410507,-578.0188007188781,232.3264724694252
2,329.0632268572581,0.9116788978980468,816.1097573091257,-1219.63983515303,-582.2675082056027,233.84224910352305
2,329.0632268572581,0.9116788978980468,829.4776979228058,-1221.1823404108889,-583.0039146979135,246.47378322489226
2,329.0632268572581,0.9116788978980468,825.1882161369873,-1244.7158621294147,-594.2390389168836,230.9491772201037
2,329.0632268572581,0.9116788978980468,840.370159193857,-1303.2953288752624,-622.2054263298021,218.16473286405494
2,329.0632268572581,0.9116788978980468,827.5045490239046,-1216.415920898684,-580.7283812720264,246.77616775187823
2,329.0632268572581,0.9116788978980468,821.7752277330658,-1259.7144614894212,-601.3995110695739,220.37571666349186
2,329.0632268572581,0.9116788978980468,811.827890705237,-1265.2193510847144,-604.0275970464444,207.8002936587926
2,329.0632268572581,0.9116788978980468,841.5348398337202,-1267.433804031089,-605.084797674007,236.45004215971323
2,329.0632268572581,0.9116788978980468,851.757454010154,-1291.075647814357,-616.3716358636946,235.38581814645943
2,329.0632268572581,0.9116788978980468,804.2577985198776,-1300.104383867656,-620.6820392241596,183.57575929571806
2,329.0632268572581,0.9116788978980468,807.1145184524338,-1253.1888024640748,-598.2841001830386,208.83041826939518
2,329.0632268572581,0.9116788978980468,832.0309813448665,-1256.7180314606117,-599.9689872410631,232.06199410380339
2,329.0632268572581,0.9116788978980468,813.4746080614591,-1264.0015119315967,-603.4461892007487,210.02841886071042
2,329.0632268572581,0.9116788978980468,816.113502030226,-1270.6061741358465,-606.5993169466341,209.51418508359188
2,329.0632268572581,0.9116788978980468,816.9877063190811,-1269.1834531478905,-605.9200965894006,211.0676097296805
2,329.0632268572581,0.9116788978980468,798.5313658167005,-1208.5590301332286,-576.9774278541502,221.55393796255032
2,329.0632268572581,0.9116788978980468,827.7816497959691,-1263.2951654789604,-603.108972772544,224.67267702342508
2,329.0632268572581,0.9116788978980468,814.3760395424242,-1251.7739141872553,-597.6086192356411,216.76742030678315
2,329.0632268572581,0.9116788978980468,856.6500347993378,-1240.3928482334695,-592.175191495227,264.4748433041109
2,329.0632268572581,0.9116788978980468,799.1196281960239,-1245.646193235691,-594.6831877216737,204.4364404743502
2,329.0632268572581,0.9116788978980468,826.5909599298949,-1226.1209257953599,-585.3616417276442,241.22931820225074
2,329.0632268572581,0.9116788978980468,828.1776190707438,-1235.9880505678216,-590.0722997340663,238.10531933667755
2,329.0632268572581,0.9116788978980468,832.2546724344057,-1287.7666184477896,-614.7918741764187,217.46279825798706
2,329.0632268572581,0.9116788978980468,827.7023851907229,-1236.375206782775,-590.2571317460012,237.44525344472174
2,329.0632268572581,0.9116788978980468,803.0063326356508,-1250.9736884959354,-597.2265839774794,205.77974865817134
2,329.0632268572581,0.9116788978980468,828.5251916166008,-1275.922808728708,-609.1375282178631,219.3876633987377
2,329.0632268572581,0.9116788978980468,824.2476183174973,-1264.594445019625,-603.7292610238787,220.51835729361858
2,329.0632268572581,0.9116788978980468,802.1503072341529,-1196.2834543038205,-571.116952700777,231.03335453337593
2,329.0632268572581,0.9116788978980468,809.5886564726364,-1256.898703310464,-600.0552416784669,209.53341479416952
2,329.0632268572581,0.9116788978980468,793.9782201511339,-1240.7541845823566,-592.3476968606853,201.63052329044854
2,329.0632268572581,0.9116788978980468,817.5787798562736,-1273.62575031211,-608.0408909632531,209.53788889302052
2,329.0632268572581,0.9116788978980468,832.2318217764216,-1205.017440893972,-575.2866399002039,256.9451818762177
2,329.0632268572581,0.9116788978980468,823.759696429034,-1244.9784305761734,-594.3643915585578,229.39530487047614
2,329.0632268572581,0.9116788978980468,816.1929043271025,-1183.889206930174,-565.1998226380061,250.99308168909636
2,329.0632268572581,0.9116788978980468,841.6580027626258,-1282.54914672347,-612.3010041896478,229.356998572978
2,329.0632268572581,0.9116788978980468,770.7294933491233,-1207.4191412478842,-576.4332341981456,194.2962591509778
2,329.0632268572581,0.9116788978980468,842.0520383042356,-1249.6457127519784,-596.5925958892711,245.45944241496443
2,329.0632268572581,0.9116788978980468,823.3937221080171,-1213.7548724017531,-579.4579717356506,243.93575037236644
2,329.0632268572581,0.9116788978980468,825.0538497928372,-1224.3808612452285,-584.5309185743661,240.52293121847117
2,329.0632268572581,0.9116788978980468,827.1186384335679,-1207.1065622177555,-576.2840060344332,250.83463239913465
2,329.0632268572581,0.9116788978980468,812.3717137536576,-1239.1858213117125,-591.5989455102963,220.77276824336127
2,329.0632268572581,0.9116788978980468,844.9837701858808,-1286.7856864460264,-614.3235680290435,230.66020215683727
2,329.0632268572581,0.9116788978980468,837.8943626810155,-1245.003561925925,-594.3763895008814,243.51797318013416
2,329.0632268572581,0.9116788978980468,806.1890616935372,-1286.4500217776442,-614.1633185648834,192.02574312865374
2,329.0632268572581,0.9116788978980468,857.4923832322934,-1236.546832459456,-590.3390674554007,267.15331577689267
2,329.0632268572581,0.9116788978980468,814.3843786619178,-1232.2581003941307,-588.2915865015459,226.0927921603719
2,329.0632268572581,0.9116788978980468,825.9292471172382,-1283.9256161168476,-612.9581436013847,212.97110351585354
2,329.0632268572581,0.9116788978980468,810.733075993746,-1281.3232863578937,-611.7157669418151,199.01730905193085
2,329.0632268572581,0.9116788978980468,823.8981852239575,-1238.8761278713375,-591.4510949542243,232.44709026973317
2,329.0632268572581,0.9116788978980468,794.7257048398342,-1243.8861041459293,-593.8429046651705,200.88280017466366
2,329.0632268572581,0.9116788978980468,799.5886990064081,-1231.7443983899377,-588.0463403417202,211.54235866468787
2,329.0632268572581,0.9116788978980468,781.3310648119245,-1263.3941078502748,-603.1562087895555,178.174856022369
2,329.0632268572581,0.9116788978980468,859.1975851487682,-1267.3138272747117,-605.0275196440797,254.17006550468852
2,329.0632268572581,0.9116788978980468,830.0410568739399,-1273.805752065743,-608.1268254904304,221.91423138350945
2,329.0632268572581,0.9116788978980468,832.1403526187709,-1266.0152309366174,-604.4075575600664,227.73279505870448
2,329.0632268572581,0.9116788978980468,809.8268515870734,-1252.7110726323076,-598.056027476063,211.77082411101037
2,329.0632268572581,0.9116788978980468,819.5020002482946,-1211.6903489562062,-578.472348859435,241.02965138885963
2,329.0632268572581,0.9116788978980468,812.9262614412132,-1228.6440929078021,-586.5662253965301,226.36003604468317
2,329.0632268572581,0.9116788978980468,783.180663379862,-1245.8970960391348,-594.8029710757036,188.37769230415847
2,329.0632268572581,0.9116788978980468,829.3468820926787,-1220.0452698145825,-582.4610665195559,246.88581557312284
2,329.0632268572581,0.9116788978980468,833.1548839743958,-1283.0452501927866,-612.5378486436952,220.61703533070067
2,329.0632268572581,0.9116788978980468,829.0655551168921,-1255.178220865995,-599.2338672062837,229.83168791060848
2,329.0632268572581,0.9116788978980468,818.6848705388378,-1245.6500036805976,-594.6850068638474,223.99986367499037
2,329.0632268572581,0.9116788978980468,839.7622447746619,-1235.4523636809488,-589.8165577848386,249.94568698982334
2,329.0632268572581,0.9116788978980468,803.8026099965897,-1242.6782485713138,-593.2662630735852,210.53634692300454
2,329.0632268572581,0.9116788978980468,824.6598434257851,-1273.9376793965685,-608.1898088368002,216.47003458898484
2,329.0632268572581,0.9116788978980468,831.9077252599417,-1200.4783230001328,-573.1196224010046,258.7881028589371
2,329.0632268572581,0.9116788978980468,810.7784504405988,-1262.0072060911248,-602.494088868452,208.28436157214685
2,329.0632268572581,0.9116788978980468,814.0990690736018,-1213.266208037944,-579.2246787804165,234.87439029318523
2,329.0632268572581,0.9116788978980468,839.074479346286,-1245.3126118666964,-594.5239328442009,244.55054650208513
2,329.0632268572581,0.9116788978980468,825.6160254129177,-1229.6626941476998,-587.052515191858,238.5635102210597
2,329.0632268572581,0.9116788978980468,818.9580428770979,-1300.917527911259,-621.0702418249884,197.88780105210947
2,329.0632268572581,0.9116788978980468,826.7286352585522,-1200.4735197120788,-573.1173292661906,253.61130599236162
2,329.0632268572581,0.9116788978980468,832.8429896259264,-1230.3094458279502,-587.3612805162047,245.4817091097217
2,329.0632268572581,0.9116788978980468,823.1142369337716,-1219.2213240103622,-582.0677070567932,241.0465298769784
2,329.0632268572581,0.9116788978980468,833.8150923755628,-1247.374542681285,-595.5083179740553,238.30677440150748
2,329.0632268572581,0.9116788978980468,850.5420531311422,-1287.1199943961828,-614.4831697831847,236.05888334795748
2,329.0632268572581,0.9116788978980468,805.5458225431131,-1223.546818144853,-584.1327385676177,221.4130839754954
2,329.0632268572581,0.9116788978980468,803.052232123586,-1232.0960864364354,-588.2142395170323,214.8379926065537
2,329.0632268572581,0.9116788978980468,823.0932458832023,-1225.625167595816,-585.124962108628,237.96828377457427
2,329.0632268572581,0.9116788978980468,809.914316652177,-1168.7791538150307,-557.9861414162011,251.9281752359759
2,329.0632268572581,0.9116788978980468,797.8078726257199,-1249.7523388229702,-596.6435001766489,201.16437244907104
2,329.0632268572581,0.9116788978980468,811.1343860983511,-1262.6139822298144,-602.7837694939368,208.3506166044143
2,329.0632268572581,0.9116788978980468,833.5752679643718,-1243.0564921538378,-593.4468401111196,240.12842785325222
2,329.0632268572581,0.9116788978980468,827.9025539172377,-1267.080877364618,-604.9163071698905,222.9862467473472
2,329.0632268572581,0.9116788978980468,818.8968889555886,-1282.9212540474523,-612.4786517197427,206.41823723584582
2,329.0632268572581,0.9116788978980468,832.333410356125,-1268.3172466460944,-605.5065614728397,226.82684888328527
2,329.0632268572581,0.9116788978980468,786.6485659696516,-1172.062865489063,-559.5538161993591,227.09474977029254
2,329.0632268572581,0.9116788978980468,823.1190323447488,-1220.27024448329,-582.5684715386296,240.55056080611917
2,329.0632268572581,0.9116788978980468,813.9962381590602,-1238.3175304637787,-591.1844153073198,222.81182285174043
2,329.0632268572581,0.9116788978980468,845.2217949275251,-1280.0870918943763,-611.1255960986009,234.09619882892423
2,329.0632268572581,0.9116788978980468,794.594602945754,-1249.7606695407676,-596.6474773395405,197.9471256062135
2,329.0632268572581,0.9116788978980468,825.2878039285372,-1244.1403008609018,-593.9642605634899,231.32354336504727
2,329.0632268572581,0.9116788978980468,832.0914958223601,-1253.540481385854,-598.4519950021244,233.63950082023575
2,329.0632268572581,0.9116788978980468,825.5255874621688,-1243.7656692287057,-593.7854079049537,231.74017955721513
2,329.0632268572581,0.9116788978980468,813.2943891203412,-1292.8879175652612,-617.2368304577388,196.05755866260233
2,329.0632268572581,0.9116788978980468,828.7710814584719,-1256.448510938675,-599.8403156134276,228.93076584504433
2,329.0632268572581,0.9116788978980468,827.2756681510052,-1222.7707181669587,-583.7622211515559,243.51344699944934
2,329.0632268572581,0.9116788978980468,812.3007361960844,-1211.0998913271985,-578.1904588436828,234.11027735240157
2,329.0632268572581,0.9116788978980468,834.5790709987114,-1272.8642856750732,-607.6773605963243,226.90171040238704
2,329.0632268572581,0.9116788978980468,822.8640510260977,-1231.9418267597,-588.140594499052,234.72345652704576
2,329.0632268572581,0.9116788978980468,808.9248867494063,-1215.0843692039732,-580.0926859913545,228.83220075805173
2,329.0632268572581,0.9116788978980468,817.7521490769482,-1221.6882480429977,-583.2454397513267,234.5067093256215
2,329.0632268572581,0.9116788978980468,831.169272148404,-1244.9614500904493,-594.3562849152474,236.8129872331566
2,329.0632268572581,0.9116788978980468,809.3233779292607,-1242.6895951575855,-593.2716800404015,216.05169788885917
2,329.0632268572581,0.9116788978980468,805.4515861550209,-1236.5002429675142,-590.3168251945301,215.13476096049078
2,329.0632268572581,0.9116788978980468,813.7619798073406,-1279.1427919896921,-610.6747784583013,203.08720134903933
2,329.0632268572581,0.9116788978980468,808.9663575301548,-1224.3911624634093,-584.5358364726412,224.4305210575136
2,329.0632268572581,0.9116788978980468,823.1424310322747,-1233.7020717771566,-588.9809519969007,234.161479035374
2,329.0632268572581,0.9116788978980468,809.3834539369144,-1234.6561482824704,-589.4364370781311,219.9470168587833
2,329.0632268572581,0.9116788978980468,831.6886174787905,-1231.14940000946,-587.7622825285841,243.9263349502064
2,329.0632268572581,0.9116788978980468,819.7952870756225,-1288.588128952269,-615.1840710042206,204.61121607140183
2,329.0632268572581,0.9116788978980468,799.941736549589,-1280.3794347416388,-611.2651633186204,188.67657323096864
2,329.0632268572581,0.9116788978980468,805.772285066943,-1193.6587455220467,-569.8638920856021,235.90839298134097
2,329.0632268572581,0.9116788978980468,826.2344728892944,-1218.4530634323655,-581.7009322438447,244.53354064544965
2,329.0632268572581,0.9116788978980468,821.6644263752702,-1224.6129362747297,-584.6417133723462,237.02271300292398
2,329.0632268572581,0.9116788978980468,821.7691532769281,-1203.417525846055,-574.5228254351127,247.2463278418154
2,329.0632268572581,0.9116788978980468,811.6721470164833,-1241.6738898356984,-592.786772783521,218.88537423296236
2,329.0632268572581,0.9116788978980468,816.4169349918728,-1245.5584838042942,-594.6413144156422,221.7756205762306
2,329.0632268572581,0.9116788978980468,825.5353367917785,-1219.1989872124839,-582.0570432597713,243.47829353200723
2,329.0632268572581,0.9116788978980468,815.0814552029351,-1260.857048339665,-601.944992759352,213.13646244358313
2,329.0632268572581,0.9116788978980468,806.7308731258797,-1223.1710622799885,-583.9533491898504,222.7775239360293
2,329.0632268572581,0.9116788978980468,785.4153952180836,-1167.7969410043286,-557.5172237986133,227.89817141947037
2,329.0632268572581,0.9116788978980468,816.4033491001181,-1205.5880147112766,-575.5590371975647,240.8443119025534
2,329.0632268572581,0.9116788978980468,813.4754174562651,-1288.3493519190672,-615.0700766067503,198.4053408495148
2,329.0632268572581,0.9116788978980468,812.1146157514813,-1202.812034313074,-574.233758092454,237.88085765902736
2,329.0632268572581,0.9116788978980468,785.5913549320844,-1189.5924427622908,-567.9226009705611,217.6687539615233
2,329.0632268572581,0.9116788978980468,803.6767941204043,-1216.6193715935744,-580.8255105439165,222.85128357648784
2,329.0632268572581,0.9116788978980468,840.8713811474482,-1259.9463515934897,-601.5102175824163,239.36116356503192
2,329.0632268572581,0.9116788978980468,808.4065694259466,-1215.3184770167786,-580.2044512591696,228.20211816677704
2,329.0632268572581,0.9116788978980468,828.2786582353184,-1218.2151662368813,-581.5873578891612,246.69130034615716
2,329.0632268572581,0.9116788978980468,777.7808334688376,-1209.3199581930712,-577.3407020540886,200.44013141474898
2,329.0632268572581,0.9116788978980468,813.4943550954115,-1193.8540139710092,-569.957115076465,243.53724001894648
2,329.0632268572581,0.9116788978980468,837.0520038964385,-1318.7314811527756,-629.5747903533887,207.47721354304974
2,329.0632268572581,0.9116788978980468,840.4951206933445,-1242.9890850415638,-593.414659322851,247.08046137049348
2,329.0632268572581,0.9116788978980468,799.6438076744511,-1248.24994495865,-595.9262432402098,203.71756443424124
2,329.0632268572581,0.9116788978980468,827.9803481203406,-1210.1259667315858,-577.7254980977948,250.25485002254584
2,329.0632268572581,0.9116788978980468,806.1425699088236,-1280.5681987625944,-611.3552810344844,194.7872888743392
2,329.0632268572581,0.9116788978980468,848.8766418133325,-1227.0304555642435,-585.7958597786643,263.08078203466823
2,329.0632268572581,0.9116788978980468,830.3020713532251,-1223.515732335209,-584.1178979102365,246.1841734429886
2,329.0632268572581,0.9116788978980468,819.1276041525102,-1238.412680838523,-591.2298409895667,227.89776316294353
2,329.0632268572581,0.9116788978980468,834.6043615940821,-1230.6552186406618,-587.5263557033705,247.07800589071155
2,329.0632268572581,0.9116788978980468,850.3562609115501,-1289.9922946895008,-615.8544329105478,234.5018280010023
2,329.0632268572581,0.9116788978980468,797.2964858319286,-1204.030998931168,-574.8157032456961,222.48078258623252
2,329.0632268572581,0.9116788978980468,802.6126540649865,-1206.0306813130985,-575.7703703893642,226.8422836756223
2,329.0632268572581,0.9116788978980468,813.4364510699188,-1289.628297643058,-615.6806573030956,197.75579376682322
2,329.0632268572581,0.9116788978980468,822.2517366123393,-1213.6857876270383,-579.4249900155816,242.82674659675774
2,329.0632268572581,0.9116788978980468,831.1041621664867,-1283.1626060755675,-612.5938754439608,218.51028672252596
2,329.0632268572581,0.9116788978980468,842.842869538919,-1266.4850922571302,-604.6318737658936,238.2109957730254
2,329.0632268572581,0.9116788978980468,814.5379821286584,-1217.2477954885674,-581.1255260115062,233.41245611715226
2,329.0632268572581,0.9116788978980468,798.1933079185105,-1236.883129500972,-590.499618820432,207.6936890980785
2,329.0632268572581,0.9116788978980468,847.8592870091097,-1278.1919127949516,-610.2208198031573,237.63846720595245
2,329.0632268572581,0.9116788978980468,777.4585448108141,-1171.3584963035757,-559.2175437370555,218.24100107375864
2,329.0632268572581,0.9116788978980468,817.6384839450453,-1282.618362645902,-612.3340485208684,205.30443542417697
2,329.0632268572581,0.9116788978980468,822.3410438858921,-1298.6005963886457,-619.964116962983,202.3769269229091
2,329.0632268572581,0.9116788978980468,817.2887148062898,-1243.3128326557235,-593.5692194734388,223.719495332851
2,329.0632268572581,0.9116788978980468,834.2483705098989,-1232.7814629095196,-588.5414446801167,245.70692582978222
2,329.0632268572581,0.9116788978980468,793.24378855271,-1193.0174927408639,-569.557751987298,223.686036565412
2,329.0632268572581,0.9116788978980468,795.7490321019034,-1176.6852222877008,-561.7605727332193,233.98845936868406
2,329.0632268572581,0.9116788978980468,823.3470868403309,-1258.3682184603647,-600.756802007952,222.59028483237887
2,329.0632268572581,0.9116788978980468,819.1167258431709,-1256.538115951436,-599.8830938877995,219.23363195537138
2,329.0632268572581,0.9116788978980468,821.4845109729561,-1209.2131306003128,-577.2897015583272,244.19480941462882
2,329.0632268572581,0.9116788978980468,784.8836618590269,-1202.8017349609327,-574.2288410850437,210.65482077398326
2,329.0632268572581,0.9116788978980468,807.6222345255998,-1247.7344387602332,-595.6801357411225,211.94209878447725
2,329.0632268572581,0.9116788978980468,817.6831464382658,-1230.5334651556877,-587.4682294465299,230.2149169917359
2,329.0632268572581,0.9116788978980468,835.1158944122611,-1271.8727584276721,-607.2039961792054,227.9118982330557
2,329.0632268572581,0.9116788978980468,787.0569898161465,-1182.999650857266,-564.775140216973,222.28184959917348
2,329.0632268572581,0.9116788978980468,813.7956651717543,-1212.3669720228738,-578.7953750641126,235.00029010764172
2,329.0632268572581,0.9116788978980468,811.3196764393116,-1242.118474840795,-592.9990218390552,218.32065460025638
2,329.0632268572581,0.9116788978980468,846.3600863807553,-1246.3232445041642,-595.0064183539134,251.3536680268419
2,329.0632268572581,0.9116788978980468,849.7861216936279,-1320.8787764177077,-630.5999292733034,219.18619242032457
2,329.0632268572581,0.9116788978980468,830.1877907461726,-1275.1247337764025,-608.7565197426997,221.43127100347294
2,329.0632268572581,0.9116788978980468,838.1108158043726,-1215.4476872076764,-580.2661374174273,257.84467838694525
2,329.0632268572581,0.9116788978980468,828.3062949254297,-1182.209120465457,-564.3977335858247,263.90856133960506
2,329.0632268572581,0.9116788978980468,833.2704679865543,-1279.2183908229022,-610.7108700510548,222.55959793549948
2,329.0632268572581,0.9116788978980468,801.5532514848427,-1226.2774304264553,-585.4363585079133,216.11689297692942
2,329.0632268572581,0.9116788978980468,828.7097127600592,-1270.9034973756368,-606.741261852806,221.9684509072532
2,329.0632268572581,0.9116788978980468,810.2584345101504,-1248.4825329101222,-596.0372829119547,214.22115159819577
2,329.0632268572581,0.9116788978980468,808.5361346036909,-1215.5358536603626,-580.3082289097133,228.22790569397762
2,329.0632268572581,0.9116788978980468,824.4564345639636,-1241.0848357291482,-592.5055528225673,231.9508817413963
2,329.0632268572581,0.9116788978980468,834.4618868770664,-1246.132753586811,-594.915476201496,239.54641067557043
2,329.0632268572581,0.9116788978980468,823.4597978970761,-1251.6278916970507,-597.5389067278475,225.92089116922864
2,329.0632268572581,0.9116788978980468,844.8367819159583,-1287.4463120617368,-614.6389569004377,230.1978250155206
2,329.0632268572581,0.9116788978980468,840.0269092753294,-1234.2850961414144,-589.2592933022721,250.76761597305733
2,329.0632268572581,0.9116788978980468,828.265317470701,-1208.9462607467685,-577.1622953846687,251.1030220860323
2,329.0632268572581,0.9116788978980468,816.3976369745899,-1256.8228048014141,-600.0190070176537,216.37862995693615
2,329.0632268572581,0.9116788978980468,834.1254252337794,-1249.5852243087907,-596.5637181385819,237.56170709519756
2,329.0632268572581,0.9116788978980468,830.9595100475083,-1269.805175713969,-606.2169127796493,224.74259726785897
2,329.0632268572581,0.9116788978980468,861.6895895537973,-1251.5543424431712,-597.5037936235093,264.185795930288
2,329.0632268572581,0.9116788978980468,791.66034110993,-1254.2711727246274,-598.8008339075391,192.8595072023909
2,329.0632268572581,0.9116788978980468,816.1953782980873,-1226.7956616996973,-585.6837669833071,230.51161131478023
2,329.0632268572581,0.9116788978980468,844.2873796242219,-1255.4755308000065,-599.3758057601519,244.91157386406996
2,329.0632268572581,0.9116788978980468,854.0917686946891,-1266.6569694375673,-604.7139295455476,249.37783914914155
2,329.0632268572581,0.9116788978980468,825.638821441983,-1230.5099908691814,-587.4570226017573,238.18179884022572
2,329.0632268572581,0.9116788978980468,804.1248016897405,-1186.3507485308162,-566.3749857089716,237.74981598076886
2,329.0632268572581,0.9116788978980468,819.0253056600008,-1237.0290158154808,-590.5692663166699,228.45603934333087
2,329.0632268572581,0.9116788978980468,805.7389081152676,-1255.247030681729,-599.2667176583539,206.47219045691372
2,329.0632268572581,0.9116788978980468,805.060324807651,-1253.9797101572324,-598.6616869413932,206.3986378662578
2,329.0632268572581,0.9116788978980468,804.7007989958635,-1228.8520686995016,-586.6655149921219,218.0352840037416
2,329.0632268572581,0.9116788978980468,798.7372247145762,-1216.2305768655203,-580.6398962904437,218.09732842413246
2,329.0632268572581,0.9116788978980468,806.4781198154748,-1244.805937326883,-594.2820416618491,212.19607815362565
2,329.0632268572581,0.9116788978980468,801.3478027927009,-1213.2326827049003,-579.2086734716603,222.13912932104063
2,329.0632268572581,0.9116788978980468,827.8911320396476,-1229.418596972576,-586.9359809086845,240.95515113096303
2,329.0632268572581,0.9116788978980468,800.273640468186,-1267.5430064216778,-605.1369319205489,195.1367085476371
2,329.0632268572581,0.9116788978980468,808.5029091708501,-1240.829293101874,-592.3835543730787,216.1193547977714
2,329.0632268572581,0.9116788978980468,812.9348909467174,-1271.0640168723253,-606.8178953676039,206.11699557911345
2,329.0632268572581,0.9116788978980468,837.4699146329893,-1273.232359485837,-607.8530824893389,229.6168321436504
2,329.0632268572581,0.9116788978980468,834.0189425804691,-1248.2951872917365,-595.9478423547946,238.0711002256745
2,329.0632268572581,0.9116788978980468,797.4342746797793,-1224.213841067067,-584.4511815731997,212.98309310657953
2,329.0632268572581,0.9116788978980468,834.9057268704689,-1268.8056174242904,-605.7397142675457,229.16601260292327
2,329.0632268572581,0.9116788978980468,813.5205070280415,-1269.4404570365195,-606.0427926587795,207.477714369262
2,329.0632268572581,0.9116788978980468,817.0632379065022,-1182.3850530479892,-564.481725452514,252.58151245398824
2,329.0632268572581,0.9116788978980468,848.4433836302233,-1251.6752852248658,-597.5615328429927,250.88185078723052
2,329.0632268572581,0.9116788978980468,800.6357195292817,-1241.6773705603744,-592.7884345141609,207.84728501512075
2,329.0632268572581,0.9116788978980468,828.8733271844856,-1212.906914857754,-579.053148842877,249.82017834160854
2,329.0632268572581,0.9116788978980468,816.6816754717404,-1223.1289191250492,-583.9332296520105,232.7484458197299
2,329.0632268572581,0.9116788978980468,789.7851469664474,-1229.136349149464,-586.8012331479742,202.98391381847318
2,329.0632268572581,0.9116788978980468,775.8303135838952,-1260.8676079352254,-601.950034009414,173.88027957448116
2,329.0632268572581,0.9116788978980468,839.9932324262779,-1249.9945461718032,-596.7591322390081,243.23410018726986
2,329.0632268572581,0.9116788978980468,809.2791132681215,-1203.574934547452,-574.5979738270319,234.6811394410896
2,329.0632268572581,0.9116788978980468,829.4697369933023,-1199.3648515942905,-572.5880406977416,256.8816962955607
2,329.0632268572581,0.9116788978980468,831.209121713364,-1292.4998030035465,-617.0515409220625,214.15758079130148
2,329.0632268572581,0.9116788978980468,814.3142235502096,-1215.4742216028303,-580.2788051867989,234.0354183634107
2,329.0632268572581,0.9116788978980468,830.3273265912892,-1256.789615363983,-600.0031620686166,230.32416452267262
2,329.0632268572581,0.9116788978980468,813.5616311226373,-1223.3003820357758,-584.0150876554152,229.54654346722214
2,329.0632268572581,0.9116788978980468,830.9057496577619,-1235.1353606516057,-589.6652175623653,241.2405320953966
2,329.0632268572581,0.9116788978980468,856.4230138022931,-1207.423337569906,-576.435237561677,279.9877762406161
2,329.0632268572581,0.9116788978980468,800.4539303818541,-1287.0275946746353,-614.4390572885992,186.0148730932549
2,329.0632268572581,0.9116788978980468,822.1555468161702,-1231.72360565729,-588.0364136959362,234.11913312023398
2,329.0632268572581,0.9116788978980468,820.1296035466827,-1238.9544177035452,-591.4884712551647,228.64113229151803
2,329.0632268572581,0.9116788978980468,844.6521373067226,-1281.3002189473334,-611.7047543434393,232.9473829632833
2,329.0632268572581,0.9116788978980468,823.2801945534633,-1239.608235995735,-591.8006102463979,231.47958430706535
2,329.0632268572581,0.9116788978980468,830.6205567430185,-1224.0550064844033,-584.3753524521766,246.2452042908419
2,329.0632268572581,0.9116788978980468,823.7275803693112,-1204.9069181479454,-575.2338753035795,248.49370506573177
2,329.0632268572581,0.9116788978980468,807.119569121418,-1224.3374799047863,-584.510207915142,222.60936120627593
2,329.0632268572581,0.9116788978980468,822.0662789194005,-1261.752232920179,-602.372362282761,219.69391663663953
2,329.0632268572581,0.9116788978980468,801.7645632836546,-1253.2483625762472,-598.3125347397853,203.45202854386935
2,329.0632268572581,0.9116788978980468,820.201333015007,-1258.2216953851525,-600.686850516176,219.51448249883094
2,329.0632268572581,0.9116788978980468,799.9533913934265,-1217.8403124836807,-581.4083991879721,218.54499220545438
2,329.0632268572581,0.9116788978980468,859.7993042428722,-1238.4389528321087,-591.2423834859658,268.5569207569064
2,329.0632268572581,0.9116788978980468,839.6235357685932,-1235.3634801349078,-589.7741239454525,249.8494118231407
2,329.0632268572581,0.9116788978980468,810.2110282854172,-1272.4240274202996,-607.467177172017,202.74385111340018
2,329.0632268572581,0.9116788978980468,862.560993632139,-1265.3313330832084,-604.0810583038973,258.4799353282417
2,329.0632268572581,0.9116788978980468,829.1601493838751,-1251.1069025122526,-597.2901815995834,231.8699677842917
2,329.0632268572581,0.9116788978980468,855.1508177091331,-1254.1594905443903,-598.747515786137,256.4033019229961
2,329.0632268572581,0.9116788978980468,807.2359491317419,-1251.7658062178361,-597.6047484149166,209.63120071682533
2,329.0632268572581,0.9116788978980468,804.2567857609752,-1239.3871732380428,-591.6950728103709,212.56171295060426
2,329.0632268572581,0.9116788978980468,827.7675461672288,-1255.2518335284815,-599.2690105824863,228.4985355847425
2,329.0632268572581,0.9116788978980468,834.6440805361343,-1237.6663823993972,-590.8735511079124,243.77052942822195
2,329.0632268572581,0.9116788978980468,824.5951529468301,-1228.6568662657617,-586.5723235175459,238.02282942928423
2,329.0632268572581,0.9116788978980468,842.8181081673391,-1225.0811921305708,-584.8652631142659,257.95284505307325
2,329.0632268572581,0.9116788978980468,836.9270279525996,-1251.3656990562017,-597.4137334994429,239.51329445315673
2,329.0632268572581,0.9116788978980468,839.4337515397119,-1259.0575062176329,-601.085874454828,238.34787708488398
2,329.0632268572581,0.9116788978980468,809.1224621899241,-1210.5070723128163,-577.9074414803823,231.21502070954182
2,329.0632268572581,0.9116788978980468,808.6528524396759,-1215.3908095109584,-580.2389834710033,228.41386896867266
2,329.0632268572581,0.9116788978980468,820.6712356233257,-1270.5484095708741,-606.5717396009788,214.0994960223469
2,329.0632268572581,0.9116788978980468,815.9521078146447,-1236.3492072765985,-590.2447193376494,225.70738847699533
2,329.0632268572581,0.9116788978980468,834.5186191353147,-1249.8650319885164,-596.6973009519296,237.82131818338507
2,329.0632268572581,0.9116788978980468,787.3822433814471,-1225.0086212673941,-584.8306171028349,202.55162627861216
2,329.0632268572581,0.9116788978980468,828.0551010441708,-1262.0326079553736,-602.5062159569363,225.54888508723445
2,329.0632268572581,0.9116788978980468,798.5821726379145,-1242.0993766806096,-592.9899041980747,205.5922684398398
2,329.0632268572581,0.9116788978980468,790.7109533646276,-1243.5956380617613,-593.7042334294729,197.0067199351547
2,329.0632268572581,0.9116788978980468,828.1346004968842,-1250.9990255842677,-597.238680141333,230.8959203555512
2,329.0632268572581,0.9116788978980468,821.9928343755006,-1251.3396744487227,-597.4013091074936,224.591525268007
2,329.0632268572581,0.9116788978980468,812.2091845528084,-1237.380208241442,-590.7369288780845,221.4722556747239
2,329.0632268572581,0.9116788978980468,782.3679123110495,-1217.9842637266836,-581.477122862905,200.89078944814446
2,329.0632268572581,0.9116788978980468,807.4721668652159,-1253.8915360117305,-598.6195917764849,208.852575088731
2,329.0632268572581,0.9116788978980468,801.3471295061813,-1193.390750303484,-569.7359486521179,231.61118085406338
2,329.0632268572581,0.9116788978980468,836.6364184214016,-1266.3832151977747,-604.5832367012581,232.05318172014347
2,329.0632268572581,0.9116788978980468,855.2732080915821,-1261.326568799844,-602.1691462352555,253.10406185632655
2,329.0632268572581,0.9116788978980468,821.9272798589736,-1223.2069974418996,-583.9705049735334,237.95677488544027
2,329.0632268572581,0.9116788978980468,806.2694234280902,-1232.1875944531228,-588.2579263033455,218.01149712474478
2,329.0632268572581,0.9116788978980468,795.0776297197461,-1185.3976898561245,-565.9199865496364,229.15764317010974
2,329.0632268572581,0.9116788978980468,824.1831678017106,-1225.2682000366638,-584.9545424444066,239.22862535730405
2,329.0632268572581,0.9116788978980468,811.764695299988,-1206.5781805608985,-576.031751670602,235.732943629386
2,329.0632268572581,0.9116788978980468,813.5671300656226,-1253.6147616585895,-598.4874571017278,215.07967296389472
2,329.0632268572581,0.9116788978980468,828.9742739670297,-1231.7431784464293,-588.0457579292355,240.92851603779422
2,329.0632268572581,0.9116788978980468,835.7046359421387,-1256.898174390318,-600.0549891670233,235.64964677511534
2,329.0632268572581,0.9116788978980468,841.7090973215028,-1275.140358869127,-608.7639793086665,232.94511801283625
2,329.0632268572581,0.9116788978980468,841.8296564800137,-1229.104169493373,-586.7858702780295,255.04378620198418
2,329.0632268572581,0.9116788978980468,826.5936232637107,-1240.0658032318765,-592.01905714092,234.57456612279066
2,329.0632268572581,0.9116788978980468,792.4007086829105,-1187.7554424403288,-567.0455997697045,225.35510891320598
2,329.0632268572581,0.9116788978980468,794.64417594338,-1204.9448666118326,-575.2519922565282,219.3921836868518
2,329.0632268572581,0.9116788978980468,826.8533233727709,-1243.0077627781652,-593.4235762496652,233.4297471231057
2,329.0632268572581,0.9116788978980468,831.6063887931492,-1223.161361937474,-583.9487181552599,247.65767063788928
2,329.0632268572581,0.9116788978980468,793.0776919862244,-1192.1716281831114,-569.1539283058091,223.92376368041528
2,329.0632268572581,0.9116788978980468,863.435050844347,-1244.6172050031844,-594.1919390785533,269.2431117657936
2,329.0632268572581,0.9116788978980468,873.5546692576225,-1287.8694485406488,-614.8409662281965,258.71370302942603
2,329.0632268572581,0.9116788978980468,832.1939177468793,-1243.1562231610367,-593.4944526303067,238.69946511657258
2,329.0632268572581,0.9116788978980468,828.4922224480333,-1218.9008474717139,-581.9147085483658,246.57751389966757
2,329.0632268572581,0.9116788978980468,809.781847279753,-1219.991019430489,-582.4351668768459,227.34668040290717
2,329.0632268572581,0.9116788978980468,826.5708224015707,-1272.6495174185825,-607.5748282142683,218.99599418730236
2,329.0632268572581,0.9116788978980468,824.7315399981504,-1215.4098509085745,-580.2480740130003,244.48346598515013
2,329.0632268572581,0.9116788978980468,826.6622945735687,-1248.6594245945014,-596.1217326628705,230.54056191069822
2,329.0632268572581,0.9116788978980468,822.8007913530748,-1207.4044483540072,-576.4262196726606,246.3745716804142
2,329.0632268572581,0.9116788978980468,820.2450210249065,-1260.0333220070265,-601.551738074383,218.69328295052344
2,329.0632268572581,0.9116788978980468,769.5032711072777,-1194.8630007283234,-570.4388148275395,199.06445627973812
2,329.0632268572581,0.9116788978980468,818.1924569920247,-1280.34590876717,-611.2491577036417,206.94329928838306
2,329.0632268572581,0.9116788978980468,829.2197075989881,-1277.5793314719467,-609.9283677281768,219.29133987081127
2,329.0632268572581,0.9116788978980468,810.1139130365128,-1258.9042947860796,-601.0127298789394,209.10118315757347
2,329.0632268572581,0.9116788978980468,834.2812089993831,-1236.6194116135657,-590.3737174250008,243.90749157438233
2,329.0632268572581,0.9116788978980468,823.7013749755062,-1255.3843681313886,-599.3322838462494,224.36909112925673
2,329.0632268572581,0.9116788978980468,830.6408012822459,-1251.7497662144494,-597.597090766704,233.04371051554187
2,329.0632268572581,0.9116788978980468,839.2660060694224,-1202.6513579410355,-574.1570496838912,265.1089563855312
2,329.0632268572581,0.9116788978980468,802.1898209916719,-1202.2420484006432,-573.9616414663996,228.22817952527237
2,329.0632268572581,0.9116788978980468,790.536173999089,-1149.4772404999876,-548.7712267786019,241.7649472204871
2,329.0632268572581,0.9116788978980468,810.2228935527974,-1188.9610727842166,-567.6211790152483,242.60171453754901
2,329.0632268572581,0.9116788978980468,799.8088889798545,-1224.264524104512,-584.4753781311267,215.33351084872777
2,329.0632268572581,0.9116788978980468,849.6616754728958,-1252.0777316263639,-597.7536645335399,251.9080109393559
2,329.0632268572581,0.9116788978980468,824.9490689401246,-1243.3383230580123,-593.5813888308147,231.36768010930984
2,329.0632268572581,0.9116788978980468,809.4919006912094,-1301.1244134392043,-621.1690109184277,188.32288977278165
2,329.0632268572581,0.9116788978980468,806.7068443505406,-1238.6230683175197,-591.3302819473168,215.37656240322372
2,329.0632268572581,0.9116788978980468,828.472049912682,-1193.6002523387697,-569.8359668907273,258.63608302195473
2,329.0632268572581,0.9116788978980468,810.3138962038953,-1267.8924568292693,-605.3037628260385,205.01013337785685
2,329.0632268572581,0.9116788978980468,839.9077417476693,-1260.0103952171598,-601.5407926096466,238.36694913802273
2,329.0632268572581,0.9116788978980468,804.2939405511612,-1251.6213139598337,-597.5357664543434,206.7581740968178
2,329.0632268572581,0.9116788978980468,817.150762643651,-1239.8507061809964,-591.9163677893357,225.23439485431527
2,329.0632268572581,0.9116788978980468,859.4482075388034,-1267.888556628581,-605.3019008336119,254.1463067051916
2,329.0632268572581,0.9116788978980468,814.0317587193749,-1245.7491619120872,-594.7323459345332,219.2994127848417
2,329.0632268572581,0.9116788978980468,785.6625968436589,-1216.8643347937127,-580.9424582755628,204.7201385680961
2,329.0632268572581,0.9116788978980468,804.322322081282,-1226.4113355945144,-585.5002860923479,218.8220359889341
2,329.0632268572581,0.9116788978980468,803.1107023680838,-1206.9612271467263,-576.214621707008,226.89608066107587
2,329.0632268572581,0.9116788978980468,795.4188881849481,-1246.6548145726415,-595.1647130176358,200.25417516731227
2,329.0632268572581,0.9116788978980468,825.7512507323798,-1207.7210815325548,-576.5773833248916,249.17386740748827
2,329.0632268572581,0.9116788978980468,799.0486174839295,-1210.2240801937974,-577.7723383858181,221.27627909811144
2,329.0632268572581,0.9116788978980468,809.1778834571381,-1209.936954476673,-577.6352618727091,231.54262158442907
2,329.0632268572581,0.9116788978980468,822.7218982526882,-1197.9535844923357,-571.9142885332228,250.8076097194654
2,329.0632268572581,0.9116788978980468,811.1930001841952,-1238.5912451925894,-591.3150892886955,219.87791089549967
2,329.0632268572581,0.9116788978980468,809.6506343845838,-1251.3046010328676,-597.3845647294686,212.2660696551152
2,329.0632268572581,0.9116788978980468,812.3258081959856,-1200.504899833652,-573.1323104308501,239.19349776513548
2,329.0632268572581,0.9116788978980468,843.5827904697849,-1231.8988010169674,-588.1200536055131,255.46273686427173
2,329.0632268572581,0.9116788978980468,820.6659580738507,-1280.6423167822263,-611.3906656729328,209.27529240091792
2,329.0632268572581,0.9116788978980468,836.0541457094487,-1285.7964056250796,-613.851276077005,222.2028696324437
2,329.0632268572581,0.9116788978980468,860.6028993196305,-1228.6364264313181,-586.5625653486779,274.0403339709526
2,329.0632268572581,0.9116788978980468,832.9390190600427,-1264.3630512695736,-603.6187914751042,229.3202275849385
2,329.0632268572581,0.9116788978980468,810.9144454450793,-1201.9911584329209,-573.8418642402637,237.0725812048156
2,329.0632268572581,0.9116788978980468,850.1339046080122,-1272.6270116933774,-607.5640837697547,242.56982083825756
2,329.0632268572581,0.9116788978980468,836.8205841702996,-1220.9215738118505,-582.879422275258,253.94116189504166
2,329.0632268572581,0.9116788978980468,832.3226370414363,-1301.894485292086,-621.536650451012,210.7859865904244
2,329.0632268572581,0.9116788978980468,804.632969097013,-1212.1288913980497,-578.6817131385401,225.95125595847287
2,329.0632268572581,0.9116788978980468,840.8060784047515,-1244.0506667579577,-593.9214684011914,246.88461000356006
2,329.0632268572581,0.9116788978980468,826.3315665256681,-1253.211970464666,-598.2951608040396,228.0364057216285
2,329.0632268572581,0.9116788978980468,841.948226234076,-1268.4179483587207,-605.5546374159114,236.39358881816452
2,329.0632268572581,0.9116788978980468,795.8412452451997,-1217.6072442476516,-581.2971302238705,214.54411502132928
2,329.0632268572581,0.9116788978980468,820.1780709649375,-1226.7724642957792,-585.6726923248817,234.50537864005582
2,329.0632268572581,0.9116788978980468,833.4409509196923,-1273.812510425881,-608.1300519950129,225.31089892467946
2,329.0632268572581,0.9116788978980468,842.1085995416872,-1259.0948164884965,-601.1036867284354,241.00491281325185
2,329.0632268572581,0.9116788978980468,842.265752482728,-1286.520854561527,-614.1971348009408,228.06861768178715
2,329.0632268572581,0.9116788978980468,816.0173498468079,-1240.463700491265,-592.2090170283133,223.8083328184946
2,329.0632268572581,0.9116788978980468,806.3658429235713,-1212.35411596766,-578.789237462651,227.5766054609203
2,329.0632268572581,0.9116788978980468,803.3106649731875,-1216.1150243149639,-580.5847304179132,222.7259345552743
2,329.0632268572581,0.9116788978980468,797.7374228038789,-1200.9456074029315,-573.3427083621209,224.39471444175797
2,329.0632268572581,0.9116788978980468,822.2516279004946,-1240.591263591181,-592.2699168498723,229.98171105062227
2,329.0632268572581,0.9116788978980468,801.706882872949,-1222.0399869613493,-583.4133632133394,218.29351965960961
2,329.0632268572581,0.9116788978980468,862.1813570711874,-1310.677420123988,-625.7297060006136,236.4516510705738
2,329.0632268572581,0.9116788978980468,811.0206182675228,-1223.5853884688247,-584.1511524024093,226.8694658651135
2,329.0632268572581,0.9116788978980468,804.0144495007828,-1250.5528057962993,-597.0256506251071,206.98879887567568
2,329.0632268572581,0.9116788978980468,801.1457860394922,-1197.0389056599113,-571.477612270925,229.66817376856727
2,329.0632268572581,0.9116788978980468,813.847581885959,-1238.7087263033793,-591.3711758739882,222.47640601197077
2,329.0632268572581,0.9116788978980468,843.7835808456506,-1251.6205638159909,-597.5354083286298,246.24817251702075
2,329.0632268572581,0.9116788978980468,786.5096857595796,-1235.8343989109915,-589.9989449904973,196.5107407690823
2,329.0632268572581,0.9116788978980468,823.0740039913829,-1225.0683637835948,-584.8591387409772,238.21486525040575
2,329.0632268572581,0.9116788978980468,790.4238170660468,-1230.6489379009256,-587.5233572192521,202.90045984679466
2,329.0632268572581,0.9116788978980468,829.9531266898615,-1232.8164765356312,-588.5581605139568,241.39496617590476
2,329.0632268572581,0.9116788978980468,833.816779000244,-1251.1477410248317,-597.3096782889115,236.50710071133244
2,329.0632268572581,0.9116788978980468,816.7049225236065,-1272.6366985876964,-607.5687083840504,209.13621413955605
2,329.0632268572581,0.9116788978980468,798.7011710107852,-1209.2466060588233,-577.3056830565132,221.39548795427197
2,329.0632268572581,0.9116788978980468,808.5485804244042,-1244.7892573149056,-594.2740784675266,214.27450195687766
2,329.0632268572581,0.9116788978980468,833.794318111427,-1266.0786303627347,-604.4378250413366,229.35649307009032
2,329.0632268572581,0.9116788978980468,782.9838585960331,-1220.2534012279696,-582.5604304104024,200.42342818563066
2,329.0632268572581,0.9116788978980468,839.3020820255387,-1225.5948947614563,-585.1105095732804,254.19157245225824
2,329.0632268572581,0.9116788978980468,846.2152639942029,-1242.477116672265,-593.1702408166004,253.0450231776025
2,329.0632268572581,0.9116788978980468,845.7046712575881,-1268.8526540364737,-605.7621699878173,239.9425012697708
2,329.0632268572581,0.9116788978980468,802.6919496235453,-1177.8667745065293,-562.3246568557961,240.36729276774918
2,329.0632268572581,0.9116788978980468,807.7472939953868,-1266.6430769752515,-604.7072971536049,203.03999684178189
2,329.0632268572581,0.9116788978980468,803.8611739094861,-1259.7708707754023,-601.4264413923145,202.4347325171716
2,329.0632268572581,0.9116788978980468,847.8948567656741,-1243.5176128891173,-593.6669834794932,254.22787328618097
2,329.0632268572581,0.9116788978980468,822.5006367384412,-1231.569852199532,-587.9630103516486,234.53762638679268
2,329.0632268572581,0.9116788978980468,836.282371003531,-1264.324521938361,-603.6003972106407,232.6819737928903
2,329.0632268572581,0.9116788978980468,832.5184734163406,-1268.3999924593707,-605.5460651009782,226.97240831536237
2,329.0632268572581,0.9116788978980468,820.0741998657714,-1280.129910196121,-611.1460379578646,208.92816190790688
2,329.0632268572581,0.9116788978980468,833.7482134089349,-1204.0905071031586,-574.8441130057123,258.9041004032226
2,329.0632268572581,0.9116788978980468,819.7161512335716,-1259.3286776344858,-601.2153342351963,218.50081699837529
2,329.0632268572581,0.9116788978980468,818.266962431789,-1221.6859326076744,-583.2443343407643,235.02262809102467
2,329.0632268572581,0.9116788978980468,841.5006248330617,-1275.0575147666646,-608.7244287563477,232.77619607671397
2,329.0632268572581,0.9116788978980468,840.282717830269,-1240.2598831921164,-592.1117127361084,248.1710050941606
2,329.0632268572581,0.9116788978980468,798.2467953094753,-1254.8981218870733,-599.100145323965,199.1466499855103
2,329.0632268572581,0.9116788978980468,783.8935332443058,-1199.5356872817172,-572.6695992588541,211.2239339854517
3,344.9284476693435,0.8697456009415235,864.1322242173674,-1273.1689402719392,-593.6796464487289,270.45257776863843
3,344.9284476693435,0.8697456009415235,849.2522586087588,-1226.836719954919,-572.0748968299407,277.17736177881807
3,344.9284476693435,0.8697456009415235,849.5581166916788,-1225.0528431985101,-571.2430737398905,278.3150429517883
3,344.9284476693435,0.8697456009415235,818.7672105076238,-1216.367856989774,-567.1932580565821,251.5739524510417
3,344.9284476693435,0.8697456009415235,840.6429021416744,-1218.5755731153215,-568.2227177672424,272.420184374432
3,344.9284476693435,0.8697456009415235,860.8875065161023,-1212.125969467016,-565.2152626742501,295.67224384185226
3,344.9284476693435,0.8697456009415235,834.737613111525,-1212.9225956946225,-565.5867300908651,269.1508830206599
3,344.9284476693435,0.8697456009415235,785.8873812778551,-1224.293509997038,-570.888996089763,214.99838518809202
3,344.9284476693435,0.8697456009415235,844.4286635967534,-1257.4171181558247,-586.3345597999604,258.094103796793
3,344.9284476693435,0.8697456009415235,866.3873381525464,-1220.971710036582,-569.3400382384384,297.04729991410795
3,344.9284476693435,0.8697456009415235,834.202742459238,-1199.6108477415694,-559.3794518826054,274.82329057663264
3,344.9284476693435,0.8697456009415235,847.2980636274252,-1208.522876105254,-563.5351374956736,283.76292613175167
3,344.9284476693435,0.8697456009415235,845.570923174755,-1225.8382937473036,-571.6093299289639,273.96159324579105
3,344.9284476693435,0.8697456009415235,838.1341082986253,-1256.9138280458644,-586.0998752383982,252.03423306022705
3,344.9284476693435,0.8697456009415235,820.53777421629,-1204.255741805812,-561.5453695221469,258.99240469414315
3,344.9284476693435,0.8697456009415235,837.8043557491128,-1265.4005909737532,-590.0572592548879,247.74709649422493
3,344.9284476693435,0.8697456009415235,822.6271103450953,-1219.0573599377637,-568.4473753294589,254.17973501563642
3,344.9284476693435,0.8697456009415235,830.6761536156353,-1223.6650080225336,-570.5959251404071,260.0802284752282
3,344.9284476693435,0.8697456009415235,855.2262866843798,-1235.1725545197796,-575.9619028358086,279.26438384857124
3,344.9284476693435,0.8697456009415235,823.3913079397092,-1166.2345378989155,-543.8160531847722,279.5752547549371
3,344.9284476693435,0.8697456009415235,813.0355619193932,-1230.1154727115725,-573.603781737349,239.43178018204424
3,344.9284476693435,0.8697456009415235,813.297133636861,-1215.4070086903307,-566.7452137628039,246.55191987405703
3,344.9284476693435,0.8697456009415235,820.3146472286967,-1200.7992524855897,-559.9336059197885,260.38104130890815
3,344.9284476693435,0.8697456009415235,840.4181546794952,-1225.4129038597168,-571.4109703004206,269.0071843790746
3,344.9284476693435,0.8697456009415235,837.0539104391377,-1255.306434759154,-585.3503465246719,251.7035639144658
3,344.9284476693435,0.8697456009415235,845.0781672864663,-1250.987551932133,-583.3364481733254,261.7417191131409
3,344.9284476693435,0.8697456009415235,856.2290007533015,-1186.1216630861363,-553.0894348048964,303.1395659484051
3,344.9284476693435,0.8697456009415235,856.399460342353,-1188.291308468721,-554.1011420991199,302.2983182432331
3,344.9284476693435,0.8697456009415235,879.9697133188338,-1248.5926262361838,-582.2196924974145,297.7500208214193
3,344.9284476693435,0.8697456009415235,827.7663560363491,-1296.6931317376286,-604.6489948443626,223.11736119198645
3,344.9284476693435,0.8697456009415235,831.9228704670747,-1220.61437875242,-569.1734143885029,262.7494560785718
3,344.9284476693435,0.8697456009415235,861.2413240208238,-1264.3799645433262,-589.5813403731071,271.6599836477167
3,344.9284476693435,0.8697456009415235,836.6154785641311,-1234.1966976166343,-575.5068600186943,261.1086185454368
3,344.9284476693435,0.8697456009415235,865.3936185708251,-1233.4199659851192,-575.1446694673878,290.2489491034373
3,344.9284476693435,0.8697456009415235,803.9794941520469,-1202.5074101454315,-560.7301211374446,243.24937301460227
3,344.9284476693435,0.8697456009415235,840.9738493141065,-1224.696090352686,-571.0767196161926,269.8971296979139
3,344.9284476693435,0.8697456009415235,837.9091919206074,-1241.661688591155,-578.9877909951834,258.921400925424
3,344.9284476693435,0.8697456009415235,840.7112582134689,-1228.6799174930202,-572.9343812456706,267.77687696779833
3,344.9284476693435,0.8697456009415235,814.8946132024076,-1196.438965742272,-557.9004008907411,256.9942123116665
3,344.9284476693435,0.8697456009415235,865.3420136578211,-1263.1130962677587,-588.9905987314085,276.35141492641264
3,344.9284476693435,0.8697456009415235,804.5977733160604,-1188.5931130047788,-554.2418737841273,250.35589953193312
3,344.9284476693435,0.8697456009415235,835.9062011474853,-1222.1467063853397,-569.8879399306993,266.01826121678596
3,344.9284476693435,0.8697456009415235,842.9662435848459,-1239.6420504345444,-578.0460321846717,264.92021140017414
3,344.9284476693435,0.8697456009415235,819.5161034543784,-1191.7055302319063,-555.6931963074425,263.8229071469359
3,344.9284476693435,0.8697456009415235,820.5865816930684,-1239.5808928852655,-578.0175143728675,242.56906732020093
3,344.9284476693435,0.8697456009415235,841.6239312892034,-1249.3887290924176,-582.5909158655597,259.03301542364363
3,344.9284476693435,0.8697456009415235,842.5444386346643,-1226.5715646751803,-571.9512547210658,270.5931839135985
3,344.9284476693435,0.8697456009415235,850.2346049217336,-1271.2150133586424,-592.7685288410178,257.4660760807159
3,344.9284476693435,0.8697456009415235,830.254982630766,-1234.5621476727451,-575.6772696581725,254.57771297259353
3,344.9284476693435,0.8697456009415235,809.8991556778153,-1179.3960558920016,-549.9532790482896,259.94587662952574
3,344.9284476693435,0.8697456009415235,843.3691740620691,-1281.9733206956166,-597.7851357453909,245.58403831667817
3,344.9284476693435,0.8697456009415235,821.8115179805761,-1175.4883560489754,-548.131115635522,273.6804023450542
3,344.9284476693435,0.8697456009415235,818.6101163837615,-1217.408484254372,-567.6785033425687,250.9316130411928
3,344.9284476693435,0.8697456009415235,843.5569484342019,-1204.0274922116655,-561.4389365625697,282.11801187163223
3,344.9284476693435,0.8697456009415235,845.5645648237132,-1190.826809611098,-555.2834482127573,290.2811166109559
3,344.9284476693435,0.8697456009415235,836.329294381765,-1259.3411358030394,-587.2317306941196,249.09756368764533
3,344.9284476693435,0.8697456009415235,830.5377283188215,-1251.4352287431482,-583.5452002112364,246.99252810758503
3,344.9284476693435,0.8697456009415235,834.9698971290294,-1247.9898819158734,-581.9386323618253,253.0312647672041
3,344.9284476693435,0.8697456009415235,821.0244598581193,-1228.8218949164811,-573.0005854263553,248.02387443176394
3,344.9284476693435,0.8697456009415235,840.3053199335781,-1247.8462577717535,-581.8716603140431,258.433659619535
3,344.9284476693435,0.8697456009415235,854.8385040835456,-1260.5259498233852,-587.7842103741189,267.0542937094267
3,344.9284476693435,0.8697456009415235,857.5464618716844,-1259.720538128766,-587.4086462875453,270.13781558413916
3,344.9284476693435,0.8697456009415235,812.6763821094444,-1231.8995813121558,-574.4357129365143,238.2406691729301
3,344.9284476693435,0.8697456009415235,849.0677244340774,-1288.7125680507106,-600.9276519194409,248.14007251463647
3,344.9284476693435,0.8697456009415235,804.3894356755486,-1221.1857070155643,-569.4398251927103,234.94961048283835
3,344.9284476693435,0.8697456009415235,844.8377977993003,-1242.6264187284532,-579.4376453929095,265.4001524063908
3,344.9284476693435,0.8697456009415235,846.5546606828609,-1244.2794972233112,-580.2084771539872,266.34618352887367
3,344.9284476693435,0.8697456009415235,819.2165111737445,-1205.294045287101,-562.0295312262067,257.1869799475378
3,344.9284476693435,0.8697456009415235,804.3788184242159,-1206.4494319927003,-562.5682889269289,241.810529497287
3,344.9284476693435,0.8697456009415235,810.2221221959578,-1253.0439886771787,-584.2953661936489,225.92675600230893
3,344.9284476693435,0.8697456009415235,856.3744413558182,-1207.1675221132111,-562.9031348969949,293.4713064588234
3,344.9284476693435,0.8697456009415235,837.2116141287362,-1230.4012138456544,-573.7370230457817,263.4745910829545
3,344.9284476693435,0.8697456009415235,845.9916675997302,-1218.6910241353849,-568.2765526658213,277.7151149339089
3,344.9284476693435,0.8697456009415235,818.3991300242957,-1142.8957817826906,-532.9331734338147,285.465956590481
3,344.9284476693435,0.8697456009415235,840.0890821063759,-1256.9598799706785,-586.1213492860105,253.96773282036543
3,344.9284476693435,0.8697456009415235,845.6034508897129,-1270.363012514413,-592.3712401985002,253.23221069121269
3,344.9284476693435,0.8697456009415235,857.8457304115778,-1219.534799275393,-568.6700056561962,289.1757247553817
3,344.9284476693435,0.8697456009415235,802.7310344082805,-1226.4559211794804,-571.8973300709509,230.83370433732955
3,344.9284476693435,0.8697456009415235,831.2545749411239,-1198.8928948228315,-559.0446698898306,272.2099050512933
3,344.9284476693435,0.8697456009415235,841.4390370918879,-1212.457865088868,-565.3700258554795,276.0690112364084
3,344.9284476693435,0.8697456009415235,832.6152124212873,-1247.1772302230504,-581.5596922585754,251.0555201627119
3,344.9284476693435,0.8697456009415235,832.4949620308752,-1273.8849374346669,-594.0135164709867,238.48144555988847
3,344.9284476693435,0.8697456009415235,849.6075350324877,-1213.4256118851317,-565.8212869235787,283.78624810890904
3,344.9284476693435,0.8697456009415235,832.1061808028993,-1234.1198377406888,-575.4710202000072,256.63516060289214
3,344.9284476693435,0.8697456009415235,841.9494302624814,-1260.5553165501476,-587.7979041011729,254.15152616130854
3,344.9284476693435,0.8697456009415235,835.894464677633,-1242.2825606298416,-579.2773040996568,256.61716057797616
3,344.9284476693435,0.8697456009415235,817.314277060269,-1237.7418346144793,-577.159960100639,240.15431695963002
3,344.9284476693435,0.8697456009415235,843.9200903541254,-1215.8888080204779,-566.9698771573727,276.95021319675266
3,344.9284476693435,0.8697456009415235,832.3587788315427,-1187.8550510900996,-553.8977149512308,278.46106388031194
3,344.9284476693435,0.8697456009415235,865.6035379582676,-1229.8551464766665,-573.4823914157572,292.12114654251036
3,344.9284476693435,0.8697456009415235,855.1260869566504,-1257.3395963106816,-586.2984113045324,268.82767565211805
3,344.9284476693435,0.8697456009415235,800.7226817714056,-1198.119937650978,-558.6842393719388,242.03844239946682
3,344.9284476693435,0.8697456009415235,829.3247578854443,-1200.6151062007023,-559.8477383669064,269.477019518538
3,344.9284476693435,0.8697456009415235,857.4870945013589,-1239.034988866103,-577.762958912991,279.72413558836786
3,344.9284476693435,0.8697456009415235,812.7281835584255,-1171.728400927049,-546.3778456987204,266.35033785970506
3,344.9284476693435,0.8697456009415235,846.8386756165982,-1267.3135433119908,-590.9492703870441,255.8894052295541
3,344.9284476693435,0.8697456009415235,813.2663771674987,-1226.3579227382777,-571.851633323186,241.41474384431274
3,344.9284476693435,0.8697456009415235,847.4288309547265,-1190.6802708584232,-555.2151170807864,292.21371387394015
3,344.9284476693435,0.8697456009415235,817.6510861495676,-1222.909787684441,-570.2437653216057,247.40732082796194
3,344.9284476693435,0.8697456009415235,837.9497556141943,-1230.393725371119,-573.7335311644028,264.2162244497914
3,344.9284476693435,0.8697456009415235,850.0522169231104,-1180.6918612112913,-550.5575140555133,299.4947028675972
3,344.9284476693435,0.8697456009415235,814.8141015059539,-1176.7258326533913,-548.708151918579,266.1059495873749
3,344.9284476693435,0.8697456009415235,805.5355697049796,-1251.5007650544392,-583.5757598431014,221.95980986187817
3,344.9284476693435,0.8697456009415235,825.0190375233362,-1256.2132620401221,-585.7732007763946,239.24583674694168
3,344.9284476693435,0.8697456009415235,846.3674446349602,-1217.8818352245314,-567.8992272604411,278.4682173745191
3,344.9284476693435,0.8697456009415235,862.7852852635474,-1234.9325938839736,-575.8500090085869,286.9352762549605
3,344.9284476693435,0.8697456009415235,824.8011614717635,-1232.6288377802514,-574.7757657829629,250.0253956888006
3,344.9284476693435,0.8697456009415235,850.2225479268723,-1242.9022007586016,-579.5662427635934,270.65630516327883
3,344.9284476693435,0.8697456009415235,830.4518112226863,-1228.1376833410027,-572.6815370476387,257.7702741750476
3,344.9284476693435,0.8697456009415235,824.6650267476364,-1281.171400032603,-597.4111995295136,227.25382721812275
3,344.9284476693435,0.8697456009415235,842.7273786022827,-1244.8451063540285,-580.4722211223884,262.25515747989425
3,344.9284476693435,0.8697456009415235,821.1482918353772,-1193.9389537454094,-556.7346433926843,264.4136484426929
3,344.9284476693435,0.8697456009415235,826.7258541321045,-1237.1985898758137,-576.9066446652834,249.81920946682112
3,344.9284476693435,0.8697456009415235,824.429288773617,-1203.8347368483853,-561.3490545898765,263.0802341837406
3,344.9284476693435,0.8697456009415235,824.0539392777312,-1237.3090628679795,-576.9581583056626,247.0957809720686
3,344.9284476693435,0.8697456009415235,841.0640139008826,-1280.3160739072146,-597.0123603058591,244.05165359502348
3,344.9284476693435,0.8697456009415235,853.2645816558954,-1230.5562067209867,-573.8092963415861,279.4552853143093
3,344.9284476693435,0.8697456009415235,822.4729027878127,-1210.3334045715055,-564.3793882983204,258.09351448949235
3,344.9284476693435,0.8697456009415235,852.885670213691,-1215.4717946653348,-566.775423512287,286.110246701404
3,344.9284476693435,0.8697456009415235,818.2548391130263,-1237.6156733419034,-577.1011310031569,241.1537081098694
3,344.9284476693435,0.8697456009415235,831.8592470173899,-1191.8096197149823,-555.7417333126716,276.11751370471825
3,344.9284476693435,0.8697456009415235,848.8602490960266,-1217.948890193715,-567.9304950436381,280.9297540523885
3,344.9284476693435,0.8697456009415235,836.8354374524976,-1197.7418600968756,-558.5079415205305,278.32749593196706
3,344.9284476693435,0.8697456009415235,853.0753326957541,-1237.2650889147433,-576.9376532177795,276.13767947797464
3,344.9284476693435,0.8697456009415235,835.1438501201959,-1244.9170205544347,-580.5057547688051,254.6380953513908
3,344.9284476693435,0.8697456009415235,839.4726468311196,-1273.4807485657905,-593.8250428936138,245.64760393750578
3,344.9284476693435,0.8697456009415235,814.8630953509277,-1256.821236226362,-586.0566996024496,228.80639574847805
3,344.9284476693435,0.8697456009415235,840.445538203765,-1198.871776985331,-559.0348226261216,281.4107155776434
3,344.9284476693435,0.8697456009415235,838.4011605711045,-1231.0376233223103,-574.033781269413,264.36737930169147
3,344.9284476693435,0.8697456009415235,827.3428127536243,-1166.3611605731437,-543.875097434196,283.4677153194283
3,344.9284476693435,0.8697456009415235,799.1282240824063,-1179.2130279493454,-549.8679329792413,249.26029110316495
3,344.9284476693435,0.8697456009415235,861.9122681795303,-1271.9751055502416,-593.1229604088195,268.7893077707108
3,344.9284476693435,0.8697456009415235,833.2467299804599,-1239.6965708344196,-578.0714550886543,255.17527489180566
3,344.9284476693435,0.8697456009415235,823.8171829416478,-1245.029676467245,-580.5582863067433,243.25889663490454
3,344.9284476693435,0.8697456009415235,823.694150986433,-1199.6621658590411,-559.4033815598644,264.29076942656854
3,344.9284476693435,0.8697456009415235,869.0868132933487,-1243.4181727821747,-579.8068409111314,289.27997238221724
3,344.9284476693435,0.8697456009415235,805.0368183265373,-1194.8570845969928,-557.1627685079933,247.874049818544
3,344.9284476693435,0.8697456009415235,858.2954248495128,-1261.095027833283,-588.0495718835236,270.2458529659891
3,344.9284476693435,0.8697456009415235,809.3670835987341,-1228.3441098535457,-572.7777938876445,236.58928971108958
3,344.9284476693435,0.8697456009415235,817.8184194559044,-1205.6108952161892,-562.1772785894422,255.64114086646225
3,344.9284476693435,0.8697456009415235,838.5937400325267,-1264.9851985115813,-589.863561433429,248.7301785990977
3,344.9284476693435,0.8697456009415235,844.7117754276027,-1239.8303135571116,-578.1338194220992,266.57795600550344
3,344.9284476693435,0.8697456009415235,846.451143289337,-1243.7555367953653,-579.9641540074065,266.4869892819305
3,344.9284476693435,0.8697456009415235,818.5825579329775,-1177.2099619496444,-548.9339017781174,269.6486561548601
3,344.9284476693435,0.8697456009415235,838.9254170169163,-1178.9521205119327,-549.7462716424781,289.17914537443824
3,344.9284476693435,0.8697456009415235,810.9442910768595,-1261.1972101101849,-588.0972195570614,222.84707151979808
3,344.9284476693435,0.8697456009415235,817.1797193679802,-1185.4533136685084,-552.7777829624655,264.4019364055147
3,344.9284476693435,0.8697456009415235,868.5857963699639,-1232.3111661074875,-574.6276352400257,293.95816112993816
3,344.9284476693435,0.8697456009415235,858.9169535554182,-1228.037836201521,-572.6349782504584,286.2819753049598
3,344.9284476693435,0.8697456009415235,824.3059708397968,-1224.771883983885,-571.1120622441423,253.19390859565453
3,344.9284476693435,0.8697456009415235,841.7629889485565,-1263.327730271521,-589.0906827308204,252.67230621773615
3,344.9284476693435,0.8697456009415235,817.1577872526436,-1230.410216796744,-573.741221128731,243.41656612391262
3,344.9284476693435,0.8697456009415235,790.6878935557712,-1171.1475546111315,-546.1069966192563,244.58089693651493
3,344.9284476693435,0.8697456009415235,828.6352637530792,-1225.977987660368,-571.6744693070117,256.96079444606755
3,344.9284476693435,0.8697456009415235,863.1108878430231,-1252.1479123777256,-583.8775251327942,279.2333627102289
3,344.9284476693435,0.8697456009415235,815.5624111435345,-1185.141856606152,-552.6325502970942,262.9298608464403
3,344.9284476693435,0.8697456009415235,806.1478019431696,-1195.861566829969,-557.6311593382079,248.5166426049617
3,344.9284476693435,0.8697456009415235,808.1482500452893,-1210.7770583538738,-564.5862643949096,243.5619856503797
3,344.9284476693435,0.8697456009415235,831.8436661564178,-1210.5143792027384,-564.463776906688,267.3798892497298
3,344.9284476693435,0.8697456009415235,828.3078687600433,-1206.5523981188107,-562.6163021099495,265.6915666500938
3,344.9284476693435,0.8697456009415235,839.4204290042894,-1238.7613341978042,-577.6353535327578,261.7850754715316
3,344.9284476693435,0.8697456009415235,822.3223716043684,-1169.3505584650177,-545.2690559477954,277.053315656573
3,344.9284476693435,0.8697456009415235,831.6827972687406,-1248.8576287575543,-582.343263374946,249.33953389379462
3,344.9284476693435,0.8697456009415235,840.8335557651112,-1192.6063237249548,-556.113236999263,284.7203187658482
3,344.9284476693435,0.8697456009415235,814.0840312877142,-1280.1954419915187,-596.9561095517012,217.12792173601304
3,344.9284476693435,0.8697456009415235,863.2236074068542,-1244.3066120942383,-580.2211208389502,283.00248656790393
3,344.9284476693435,0.8697456009415235,830.6187117042708,-1255.2074198625826,-585.3041758029945,245.31453590127637
3,344.9284476693435,0.8697456009415235,856.3878953786146,-1225.8755385016332,-571.626697186272,284.7611981923426
3,344.9284476693435,0.8697456009415235,815.9056133189939,-1221.4685881667135,-569.5717328889233,246.33388043007062
3,344.9284476693435,0.8697456009415235,833.9429898805844,-1239.8477424738903,-578.1419465392664,255.80104334131795
3,344.9284476693435,0.8697456009415235,818.6584072338372,-1195.8081548854948,-557.606253307823,261.0521539260143
3,344.9284476693435,0.8697456009415235,841.3109378268218,-1263.409843205713,-589.1289720545684,252.18196577225342
3,344.9284476693435,0.8697456009415235,833.1007756827952,-1186.8155338905588,-553.4129872894258,279.6877883933694
3,344.9284476693435,0.8697456009415235,827.5900838681713,-1201.618150842057,-560.315458847053,267.27462502111825
3,344.9284476693435,0.8697456009415235,856.4545181096286,-1220.9383739164855,-569.3244935802499,287.1300245293787
3,344.9284476693435,0.8697456009415235,837.8348036215074,-1243.9369092277555,-580.0487281107568,257.7860755107506
3,344.9284476693435,0.8697456009415235,821.389572104252,-1173.9328135321152,-547.4057649752646,273.98380712898745
3,344.9284476693435,0.8697456009415235,831.3792165284648,-1198.6967171466385,-558.9531920900199,272.42602443844487
3,344.9284476693435,0.8697456009415235,826.3822325912209,-1221.5899300959932,-569.6283147229561,256.7539178682648
3,344.9284476693435,0.8697456009415235,843.0585070741681,-1232.1981276937179,-574.5749253415989,268.4835817325692
3,344.9284476693435,0.8697456009415235,842.9997671605872,-1214.2712953352009,-566.2156297603882,276.78413740019903
3,344.9284476693435,0.8697456009415235,832.0736614594393,-1230.7040961302907,-573.878257285772,258.1954041736674
3,344.9284476693435,0.8697456009415235,841.3153823793136,-1229.826778127398,-573.4691632328891,267.8462191464246
3,344.9284476693435,0.8697456009415235,850.4470283240443,-1228.9526549137713,-573.061558912674,277.3854694113703
3,344.9284476693435,0.8697456009415235,820.9022623913612,-1249.733172980561,-582.7515303129172,238.15073207844398
3,344.9284476693435,0.8697456009415235,820.458362792145,-1208.1332788317295,-563.3534679903257,257.1048948018192
3,344.9284476693435,0.8697456009415235,840.7178518320998,-1240.0371146500731,-578.2302509292394,262.4876009028603
3,344.9284476693435,0.8697456009415235,859.3604869052939,-1218.2562904930658,-568.0738360373304,291.28665086796354
3,344.9284476693435,0.8697456009415235,861.8459362857147,-1236.1354795155744,-576.4109154946769,285.4350207910378
3,344.9284476693435,0.8697456009415235,846.743716138483,-1183.1827429064654,-551.7190140869394,295.0247020515436
3,344.9284476693435,0.8697456009415235,826.6865378587783,-1157.8789040640547,-539.9198147642247,286.7667230945535
3,344.9284476693435,0.8697456009415235,835.078056683724,-1186.8763435067026,-553.441342859744,281.6367138239799
3,344.9284476693435,0.8697456009415235,800.8776686751636,-1221.7665295981149,-569.7106632052873,231.16700546987624
3,344.9284476693435,0.8697456009415235,853.0850825272743,-1251.6290414511905,-583.6355752245973,269.4495073026769
3,344.9284476693435,0.8697456009415235,824.4816999189679,-1225.538032115467,-571.4693177013701,253.01238221759786
3,344.9284476693435,0.8697456009415235,866.2092933635238,-1248.222531530363,-582.0471170542394,284.1621763092844
3,344.9284476693435,0.8697456009415235,861.2808134051913,-1283.8493072882368,-598.6599097222139,262.6209036829774
3,344.9284476693435,0.8697456009415235,842.1792919192928,-1203.650864610925,-561.2633148255183,280.9159770937746
3,344.9284476693435,0.8697456009415235,846.9874392815427,-1234.5837185244716,-575.6873281627601,271.30011111878264
3,344.9284476693435,0.8697456009415235,878.7111286829474,-1194.502937901594,-556.9976296342234,321.7134990487241
3,344.9284476693435,0.8697456009415235,831.0866057370561,-1244.203667037451,-580.173117480571,250.91348825648504
3,344.9284476693435,0.8697456009415235,855.0375376420085,-1193.1849031270044,-556.3830290150642,298.65450862694433
3,344.9284476693435,0.8697456009415235,835.299734235037,-1183.6396469125682,-551.9320687729469,283.36766546209014
3,344.9284476693435,0.8697456009415235,817.6480590477388,-1177.7587062709977,-549.1897816730685,268.4582773746703
3,344.9284476693435,0.8697456009415235,817.9974106509668,-1199.0800167530022,-559.1319249883745,258.8654856625923
3,344.9284476693435,0.8697456009415235,818.1939154475413,-1161.8033674715507,-541.7497950398711,276.4441204076702
3,344.9284476693435,0.8697456009415235,847.1602024766711,-1222.6063322178798,-570.1022638064474,277.05793867022373
3,344.9284476693435,0.8697456009415235,847.983947086414,-1215.8182205079995,-566.9369621465471,281.0469849398669
3,344.9284476693435,0.8697456009415235,854.6940111704914,-1235.6613919136653,-576.1898480848586,278.50416308563285
3,344.9284476693435,0.8697456009415235,828.8724099019163,-1192.5603119093648,-556.0917816546125,272.78062824730375
3,344.9284476693435,0.8697456009415235,854.8588776526333,-1257.5771507007582,-586.4091830975381,268.4496945550952
3,344.9284476693435,0.8697456009415235,868.2673696520186,-1268.2989230258288,-591.4087536980367,276.85861595398194
3,344.9284476693435,0.8697456009415235,853.3567717456118,-1172.25490675397,-546.6233557667816,306.7334159788302
3,344.9284476693435,0.8697456009415235,851.328313384252,-1276.7053844292454,-595.3286930525102,255.99962033174188
3,344.9284476693435,0.8697456009415235,829.5481443196724,-1204.9413093868757,-561.8650502073006,267.6830941123718
3,344.9284476693435,0.8697456009415235,831.1700472293646,-1186.2925495456684,-553.1691192911172,278.0009279382474
3,344.9284476693435,0.8697456009415235,848.6605641754779,-1226.7440145601809,-572.0316682337732,276.62889594170474
3,344.9284476693435,0.8697456009415235,846.2512307595895,-1277.6510144407225,-595.76964104702,250.48158971256953
3,344.9284476693435,0.8697456009415235,859.5330499571727,-1231.4815989469669,-574.2408074413063,285.2922425158664
3,344.9284476693435,0.8697456009415235,881.0844486862121,-1197.3930281870694,-558.3452809353299,322.7391677508822
3,344.9284476693435,0.8697456009415235,824.6920843480716,-1262.1130534837625,-588.5242780196343,236.16780632843734
3,344.9284476693435,0.8697456009415235,813.6784198190757,-1222.8055891779431,-570.1951774786719,243.48324234040376
3,344.9284476693435,0.8697456009415235,851.8759443769371,-1257.8909236259385,-586.5554956515078,265.3204487254293
3,344.9284476693435,0.8697456009415235,845.9518883599377,-1205.9524055988084,-562.3365251409396,283.61536321899814
3,344.9284476693435,0.8697456009415235,862.9386671360289,-1273.9283367672863,-594.0337536128385,268.90491352319043
3,344.9284476693435,0.8697456009415235,838.6606106675337,-1189.875288042246,-554.8397529805568,283.82085768697686
3,344.9284476693435,0.8697456009415235,860.2261518839093,-1199.5284031069036,-559.3410078866739,300.88514399723545
3,344.9284476693435,0.8697456009415235,824.3725664573894,-1234.159200710961,-575.4893751830225,248.88319127436694
3,344.9284476693435,0.8697456009415235,811.0360103622933,-1206.1314402582263,-562.4200091389725,248.61600122332072
3,344.9284476693435,0.8697456009415235,851.5921637356324,-1206.309028223021,-562.5028185422009,289.08934519343154
3,344.9284476693435,0.8697456009415235,825.433993494644,-1251.6751501457527,-583.6570757439864,241.77691775065762
3,344.9284476693435,0.8697456009415235,851.3897115612563,-1234.0237931466495,-575.4262345326625,275.96347702859373
3,344.9284476693435,0.8697456009415235,817.7685669858689,-1190.1720617768565,-554.978138799018,262.79042818685093
3,344.9284476693435,0.8697456009415235,834.3085368767923,-1227.4766886862042,-572.3733147367162,261.9352221400761
3,344.9284476693435,0.8697456009415235,844.8374018583734,-1279.1352370725588,-596.4617351905761,248.3756666677973
3,344.9284476693435,0.8697456009415235,834.1723293742132,-1255.2399602376972,-585.319349404692,248.85297996952113
3,344.9284476693435,0.8697456009415235,845.9123467496281,-1248.3334284151451,-582.0988283560683,263.8135183935598
3,344.9284476693435,0.8697456009415235,849.8031983661667,-1250.6166366225968,-583.1634900820128,266.6397082841539
3,344.9284476693435,0.8697456009415235,827.1713710482909,-1236.8197068113923,-576.7299712037999,250.441399844491
3,344.9284476693435,0.8697456009415235,813.5803270459471,-1155.675714187686,-538.8924656470034,274.6878613989437
3,344.9284476693435,0.8697456009415235,809.6097656571064,-1173.939524546498,-547.4088943263821,262.20087133072434
3,344.9284476693435,0.8697456009415235,834.0197775982089,-1152.45704587602,-537.3915981620509,296.628179436158
3,344.9284476693435,0.8697456009415235,844.6411529817395,-1184.0956932610493,-552.1447235325521,292.4964294491874
3,344.9284476693435,0.8697456009415235,822.1133070898622,-1235.514877442781,-576.121528275505,245.9917788143572
3,344.9284476693435,0.8697456009415235,843.6702788654188,-1165.7981584048093,-543.6125690943394,300.05770977107943
3,344.9284476693435,0.8697456009415235,850.68113618255,-1246.2839947031907,-581.1431758554087,269.53796032714126
3,344.9284476693435,0.8697456009415235,867.11057586139,-1232.16267800216,-574.5583951234283,292.55218073796163
3,344.9284476693435,0.8697456009415235,811.2466997107488,-1199.2628890864364,-559.217198496724,252.02950121402478
3,344.9284476693435,0.8697456009415235,818.3872538575288,-1239.3719669734644,-577.9200920610841,240.46716179644466
3,344.9284476693435,0.8697456009415235,824.5978217560008,-1223.0678011363204,-570.3174471145544,254.28037464144643
3,344.9284476693435,0.8697456009415235,843.7526912903527,-1251.8800943060542,-583.7526413620132,260.00004992833954
3,344.9284476693435,0.8697456009415235,863.9236436928782,-1194.9636736003056,-557.2124710414124,306.71117265146574
3,344.9284476693435,0.8697456009415235,837.5616125839218,-1221.2533362278216,-569.4713607458898,268.09025183803203
3,344.9284476693435,0.8697456009415235,869.3804342365229,-1207.2323822094943,-562.9333792092867,306.44705502723616
3,344.9284476693435,0.8697456009415235,851.0334801521874,-1217.4639210756188,-567.7043535745347,283.3291265776527
3,344.9284476693435,0.8697456009415235,845.0606549660001,-1287.4797429025311,-600.3527846139693,244.7078703520308
3,344.9284476693435,0.8697456009415235,809.4740412575784,-1206.0404905366458,-562.3775992145355,247.09644204304288
3,344.9284476693435,0.8697456009415235,875.784069935752,-1204.4305615450678,-561.6268880996984,314.1571818360536
3,344.9284476693435,0.8697456009415235,825.3655613060912,-1251.927006694436,-583.7745166444423,241.59104466164888
3,344.9284476693435,0.8697456009415235,865.0963736679452,-1270.5590862527306,-592.4626695320005,272.63370413594464
3,344.9284476693435,0.8697456009415235,830.8528680645827,-1223.7331098623279,-570.627681080167,260.2251869844157
3,344.9284476693435,0.8697456009415235,839.7363333909339,-1250.0422813436132,-582.8956677780143,256.84066561291957
3,344.9284476693435,0.8697456009415235,839.1825390490446,-1230.8808294008513,-573.960668144428,265.2218709046166
3,344.9284476693435,0.8697456009415235,819.1336631441783,-1252.6972771343974,-584.1336943372067,234.99996880697154
3,344.9284476693435,0.8697456009415235,842.3427589313517,-1262.8232108871168,-588.8554249576488,253.4873339737029
3,344.9284476693435,0.8697456009415235,841.5036556271451,-1225.350470978626,-571.3818578004212,270.1217978267239
3,344.9284476693435,0.8697456009415235,856.791025765515,-1256.0828880128092,-585.7124072681704,271.07861849734456
3,344.9284476693435,0.8697456009415235,841.9239815823365,-1207.8501371845196,-563.2214388246011,278.7025427577354
3,344.9284476693435,0.8697456009415235,837.3088853935836,-1195.7533069021415,-557.580677651415,279.7282077421686
3,344.9284476693435,0.8697456009415235,791.736687400436,-1206.2813553848641,-562.4899146766937,229.2467727237423
3,344.9284476693435,0.8697456009415235,842.3740087354781,-1226.9105818624985,-572.1093386936956,270.26467004178255
3,344.9284476693435,0.8697456009415235,842.1912998734055,-1219.982427785527,-568.8787351713695,273.31256470203596
3,344.9284476693435,0.8697456009415235,853.6274771123967,-1237.3271145563688,-576.966575821706,276.66090129069073
3,344.9284476693435,0.8697456009415235,847.8552631767617,-1191.7421390231193,-555.710267014665,292.14499616209673
3,344.9284476693435,0.8697456009415235,852.2469074467565,-1218.6922250323837,-568.2771126450065,283.96979480175
3,344.9284476693435,0.8697456009415235,838.4578637448817,-1255.7995092682672,-585.5802675437793,252.8775962011024
3,344.9284476693435,0.8697456009415235,851.6686357657796,-1238.326884916923,-577.4327695022218,274.2358662635578
3,344.9284476693435,0.8697456009415235,824.2848906829455,-1221.9259177177707,-569.7849860068671,254.49990467607836
3,344.9284476693435,0.8697456009415235,828.8143856638765,-1231.8523291245754,-574.41367920546,254.4007064584165
3,344.9284476693435,0.8697456009415235,861.5525269131731,-1281.2209243125437,-597.4342927389658,264.11823417420726
3,344.9284476693435,0.8697456009415235,856.306475379787,-1245.9139593954499,-580.9706281096035,275.33584727018354
3,344.9284476693435,0.8697456009415235,826.8872639429386,-1214.5740390219987,-566.3567993721008,260.5304645708378
3,344.9284476693435,0.8697456009415235,844.1914712471098,-1205.4000390130611,-562.078956181343,282.11251506576684
3,344.9284476693435,0.8697456009415235,880.3442147149104,-1233.9470186604938,-575.3904345312993,304.9537801836111
3,344.9284476693435,0.8697456009415235,810.8630511581887,-1232.9446592302909,-574.9230335656347,235.940017592554
3,344.9284476693435,0.8697456009415235,837.8641413714076,-1261.3783322428578,-588.181676945463,249.68246442594466
3,344.9284476693435,0.8697456009415235,841.0550649797676,-1286.0429682815068,-599.6828155139895,241.37224946577817
3,344.9284476693435,0.8697456009415235,803.2286484966414,-1191.8063027678136,-555.7401866176807,247.48846187896072
3,344.9284476693435,0.8697456009415235,858.3640692117876,-1226.506540965259,-571.9209341156097,286.4431350961779
3,344.9284476693435,0.8697456009415235,857.9675688818816,-1229.0861950602812,-573.1238287846909,284.8437400971907
3,344.9284476693435,0.8697456009415235,845.0804879954685,-1208.109514873616,-563.3423868385596,281.7381011569089
3,344.9284476693435,0.8697456009415235,840.7705770793893,-1215.1610755097317,-566.6305349333967,274.14004214599265
3,344.9284476693435,0.8697456009415235,854.1776531690905,-1207.8809077976068,-563.2357871849175,290.941865984173
3,344.9284476693435,0.8697456009415235,851.1202925236109,-1265.7288507051092,-590.21032701761,260.90996550600096
3,344.9284476693435,0.8697456009415235,846.7216515237108,-1189.6534033984751,-554.736288002187,291.9853635215237
3,344.9284476693435,0.8697456009415235,829.2435011176377,-1206.0467776514704,-562.3805309009662,266.86297021667156
3,344.9284476693435,0.8697456009415235,804.6669107294156,-1220.055448433128,-568.9127847549557,235.75412597445984
3,344.9284476693435,0.8697456009415235,866.9604399471349,-1247.307608858813,-581.6204879157232,285.3399520314117
3,344.9284476693435,0.8697456009415235,838.6495015404154,-1244.9823046360434,-580.5361967857773,258.1133047546381
3,344.9284476693435,0.8697456009415235,881.2123783094164,-1225.8968796999864,-571.6366486033169,309.57572970609954
3,344.9284476693435,0.8697456009415235,867.6109267222763,-1246.880371597853,-581.4212668555689,286.1896598667074
3,344.9284476693435,0.8697456009415235,853.7720983237485,-1264.3203200529306,-589.5535281018125,264.21857022193603
3,344.9284476693435,0.8697456009415235,845.2497256245504,-1200.6906134117428,-559.8829474369181,285.36677818763224
3,344.9284476693435,0.8697456009415235,807.6585213647585,-1207.7041962232424,-563.1533864432142,244.50513492154425
3,344.9284476693435,0.8697456009415235,864.2667432519123,-1269.612944644411,-592.0214829794935,272.2452602724188
3,344.9284476693435,0.8697456009415235,848.6665091676795,-1236.2362622832586,-576.4579105760007,272.20859859167876
3,344.9284476693435,0.8697456009415235,877.3167284807166,-1241.0639349559729,-578.7090580198701,298.6076704608465
3,344.9284476693435,0.8697456009415235,812.0758599593555,-1195.7053072419546,-557.5582953733151,254.5175645860404
3,344.9284476693435,0.8697456009415235,859.5645013591718,-1295.7050034577499,-604.1882298749321,255.37627148423974
3,344.9284476693435,0.8697456009415235,842.0848964415247,-1238.5213307676952,-577.5234397505199,264.5614566910049
3,344.9284476693435,0.8697456009415235,850.9140592569505,-1243.1846195033625,-579.6979348393554,271.2161244175951
3,344.9284476693435,0.8697456009415235,839.550496837424,-1199.7543543573827,-559.4463691268486,280.1041277105754
3,344.9284476693435,0.8697456009415235,831.1915113019843,-1259.508937494354,-587.3099767505714,243.88153455141287
3,344.9284476693435,0.8697456009415235,848.993559353233,-1211.6520172576288,-564.9942583980679,283.99930095516504
3,344.9284476693435,0.8697456009415235,829.8246675054789,-1233.045252496188,-574.9699402821307,254.85472722334828
3,344.9284476693435,0.8697456009415235,835.6973372190195,-1261.2763902222362,-588.1341413036116,247.56319591540785
3,344.9284476693435,0.8697456009415235,847.9286445024172,-1238.0476589596356,-577.3025662256902,270.62607827672707
3,344.9284476693435,0.8697456009415235,828.237897512595,-1282.0993536485694,-597.8439050073349,230.39399250526014
3,344.9284476693435,0.8697456009415235,842.0646274851924,-1259.8769068401737,-587.4815611367594,254.58306634843302
3,344.9284476693435,0.8697456009415235,869.9262550345829,-1252.016633788546,-583.8163098266826,286.1099452079003
3,344.9284476693435,0.8697456009415235,865.7048433879789,-1252.8649549580427,-584.2118826340701,281.49296075390885
3,344.9284476693435,0.8697456009415235,837.0659740251207,-1206.767975711007,-562.7168261053667,274.34914791975393
3,344.9284476693435,0.8697456009415235,827.2459092722905,-1192.8218422038212,-556.2137334300896,271.0321758422009
3,344.9284476693435,0.8697456009415235,842.946755301344,-1249.5484592977455,-582.665398181949,260.281357119395
3,344.9284476693435,0.8697456009415235,792.6835321293332,-1202.7827670078068,-560.8585202520721,231.8250118772611
3,344.9284476693435,0.8697456009415235,842.8269356856505,-1240.2815821675997,-578.3442463188399,264.48268936681063
3,344.9284476693435,0.8697456009415235,834.4066847055947,-1247.8745229096571,-581.8848403693733,252.52184433622142
3,344.9284476693435,0.8697456009415235,869.963801461227,-1308.637426140723,-610.2186284208728,259.7451730403542
3,344.9284476693435,0.8697456009415235,814.333366946135,-1163.1366452082696,-542.3715034638797,271.96186348225535
3,344.9284476693435,0.8697456009415235,847.7947532070258,-1254.54969158222,-584.997476604959,262.79727660206674
3,344.9284476693435,0.8697456009415235,837.8545486994439,-1255.5759650894431,-585.4760287229504,252.3785199764934
3,344.9284476693435,0.8697456009415235,845.6571544049949,-1236.254531295598,-576.4664294303676,269.1907249746273
3,344.9284476693435,0.8697456009415235,835.0423912296988,-1244.2837824895742,-580.2104753769091,254.83191585278962
3,344.9284476693435,0.8697456009415235,808.9255485746397,-1225.0765042195471,-571.2541068920194,237.6714416826203
3,344.9284476693435,0.8697456009415235,846.0574843227126,-1251.8643026937048,-583.7452777211482,262.3122066015644
3,344.9284476693435,0.8697456009415235,835.3225306317871,-1236.4432048341778,-576.5544080450943,258.7681225866928
3,344.9284476693435,0.8697456009415235,811.878361014734,-1229.5565475352698,-573.3431545019816,238.53520651275232
3,344.9284476693435,0.8697456009415235,839.1938914532864,-1289.0338993261494,-601.0774889378924,238.11640251539393
3,344.9284476693435,0.8697456009415235,802.4280407490106,-1235.1482817533242,-575.9505844263252,226.47745632268538
3,344.9284476693435,0.8697456009415235,811.1102304939616,-1185.6884266118284,-552.8874163069892,258.2228141869724
3,344.9284476693435,0.8697456009415235,832.0838104222872,-1191.9471828188402,-555.8058790927637,276.27793132952354
3,344.9284476693435,0.8697456009415235,833.7094442776952,-1256.8015408729934,-586.0475156441746,247.66192863352057
3,344.9284476693435,0.8697456009415235,839.6756996183128,-1252.3045907654084,-583.9505843842913,255.72511523402147
3,344.9284476693435,0.8697456009415235,850.1441693979066,-1256.0581842238278,-585.7008878725547,264.44328152535184
3,344.9284476693435,0.8697456009415235,859.202814897068,-1235.689237382848,-576.2028324483446,282.9999824487235
3,344.9284476693435,0.8697456009415235,849.7413083099767,-1233.9226771433896,-575.3790840633361,274.3622242466406
3,344.9284476693435,0.8697456009415235,830.1721909993622,-1191.8205827525844,-555.7468453854545,274.42534561390767
3,344.9284476693435,0.8697456009415235,842.2395033036754,-1276.7481947316383,-595.3486555291188,246.89084777455662
3,344.9284476693435,0.8697456009415235,793.6658347525279,-1188.9548189549923,-554.4105375441741,239.2552972083538
3,344.9284476693435,0.8697456009415235,835.0264857518862,-1265.01970948687,-589.8796539274884,245.14683182439774
3,344.9284476693435,0.8697456009415235,830.0179590462178,-1199.0392453238062,-559.1129132398904,270.9050458063274
3,344.9284476693435,0.8697456009415235,849.2285516110411,-1250.482638821052,-583.1010068051045,266.1275448059366
3,344.9284476693435,0.8697456009415235,822.8168302943839,-1207.8230269434666,-563.208797298552,259.6080329958319
3,344.9284476693435,0.8697456009415235,835.1325247609125,-1269.0091033364713,-591.7399113177372,243.39261344317526
3,344.9284476693435,0.8697456009415235,849.3120325342552,-1239.7319825181833,-578.0879675837615,271.2240649504937
3,344.9284476693435,0.8697456009415235,845.368962791189,-1215.3362027741668,-566.7121969101735,278.65676588101553
3,344.9284476693435,0.8697456009415235,860.5867870243696,-1192.1842320012836,-555.9164153070652,304.6703717173044
3,344.9284476693435,0.8697456009415235,858.4904931653424,-1181.4802385849307,-550.9251350252414,307.565358140101
3,344.9284476693435,0.8697456009415235,867.0525325168131,-1249.3255283530034,-582.5614453126395,284.4910872041736
3,344.9284476693435,0.8697456009415235,831.0663695762361,-1247.657408232823,-581.7835996302188,249.2827699460173
3,344.9284476693435,0.8697456009415235,836.5036149186614,-1212.1065976084824,-565.206229561863,271.2973853567984
3,344.9284476693435,0.8697456009415235,855.5178420813378,-1246.679469298686,-581.3275859604673,274.19025612087046
3,344.9284476693435,0.8697456009415235,826.4565838248651,-1196.4219036136537,-557.8924448071725,268.5641390176926
3,344.9284476693435,0.8697456009415235,834.734655733667,-1199.947011071588,-559.536205099403,275.19845063426396
3,344.9284476693435,0.8697456009415235,844.8566857447403,-1232.199374632921,-574.5755067902991,270.2811789544412
3,344.9284476693435,0.8697456009415235,848.7948554275541,-1229.1939643607848,-573.174081691589,275.62077373596514
3,344.9284476693435,0.8697456009415235,843.922298223848,-1242.6580368272346,-579.4523889364505,264.4699092873975
3,344.9284476693435,0.8697456009415235,832.4725301329613,-1220.2195897239308,-568.9893239638612,263.4832061691001
3,344.9284476693435,0.8697456009415235,843.9892329061331,-1229.9721495539109,-573.5369500397817,270.4522828663514
3,344.9284476693435,0.8697456009415235,851.1722808607102,-1201.0149119343682,-560.0341680849925,291.1381127757177
3,344.9284476693435,0.8697456009415235,839.6598838416238,-1174.6814795533526,-547.7548685111248,291.90501533049905
3,344.9284476693435,0.8697456009415235,855.7731640275947,-1223.218930857024,-570.3879190184134,285.3852450091813
3,344.9284476693435,0.8697456009415235,793.4168915729375,-1168.7226726376355,-544.9762723083116,248.44061926462587
3,344.9284476693435,0.8697456009415235,836.6454244233195,-1224.0245140215902,-570.763563061554,265.88186136176546
3,344.9284476693435,0.8697456009415235,833.8736619540689,-1207.195975068497,-562.9164025317134,270.9572594223555
3,344.9284476693435,0.8697456009415235,848.1482210792352,-1248.2534795254123,-582.0615481278998,266.08667295133546
3,344.9284476693435,0.8697456009415235,838.4078748712129,-1215.8011290467962,-566.9289923851717,271.47888248604124
3,344.9284476693435,0.8697456009415235,844.7944918534953,-1232.1306445800044,-574.5434579142817,270.2510339392136
3,344.9284476693435,0.8697456009415235,849.9276732426551,-1216.677332090834,-567.3375665318914,282.59010671076373
3,344.9284476693435,0.8697456009415235,834.8188130015818,-1215.347486415044,-566.7174584805076,268.1013545210742
3,344.9284476693435,0.8697456009415235,820.0636476810628,-1179.095205635709,-549.8129923446635,270.2506553363993
3,344.9284476693435,0.8697456009415235,848.8886465654192,-1191.1951894795513,-555.455224025962,293.4334225394572
3,344.9284476693435,0.8697456009415235,822.6168385601474,-1228.5728286100646,-572.8844456179934,249.73239294215398
3,344.9284476693435,0.8697456009415235,819.42080649734,-1236.0016220354632,-576.3484976497601,243.07230884757985
3,344.9284476693435,0.8697456009415235,883.7710013025032,-1259.8058599839148,-587.4484319335792,296.32256936892406
3,344.9284476693435,0.8697456009415235,818.2225992169392,-1201.8023825737873,-560.4013662438631,257.8212329730761
3,344.9284476693435,0.8697456009415235,832.8403094064872,-1206.2118937359814,-562.4575246569202,270.382784749567
3,344.9284476693435,0.8697456009415235,823.5510069624476,-1191.7291694710773,-555.7042193026707,267.84678765977685
3,344.9284476693435,0.8697456009415235,807.8717135604386,-1167.1404249179254,-544.2384689916277,263.63324456881094
3,344.9284476693435,0.8697456009415235,849.1309807378566,-1231.703526196631,-574.3442922868365,274.78668845102004
3,344.9284476693435,0.8697456009415235,832.143726827766,-1152.4705775264913,-537.3979079809709,294.74581884679515
3,344.9284476693435,0.8697456009415235,858.5096961403805,-1240.493725248344,-578.4431687989514,280.06652734142904
3,344.9284476693435,0.8697456009415235,841.5806304897952,-1211.731685803101,-565.0314079014943,276.54922258830095
3,344.9284476693435,0.8697456009415235,855.3100439361893,-1266.5294247361273,-590.5836352979624,264.726408638227
3,344.9284476693435,0.8697456009415235,841.3275343667966,-1192.9789758318116,-556.2870049604888,285.04052940630777
3,344.9284476693435,0.8697456009415235,850.0045537822135,-1249.0111767615374,-582.41486292614,267.5896908560735
3,344.9284476693435,0.8697456009415235,844.2844894679629,-1204.2742296449835,-561.5539904156323,282.73049905233063
3,344.9284476693435,0.8697456009415235,862.8685621324286,-1215.3180851845498,-566.7037486643374,296.1648134680912
3,344.9284476693435,0.8697456009415235,843.4250850368587,-1218.130280604092,-568.0150775301372,275.4100075067215
3,344.9284476693435,0.8697456009415235,833.9469057743223,-1231.659387123049,-574.3237102032106,259.62319557111175
4,361.75491145769735,0.8292907449166207,842.4190237657086,-1254.6918157946618,-571.2950732240155,271.12395054169315
4,361.75491145769735,0.8292907449166207,844.5208757195692,-1155.8473476001986,-526.288517044975,318.23235867459414
4,361.75491145769735,0.8292907449166207,859.7775463495842,-1236.5204726900952,-563.0211698966656,296.75637645291863
4,361.75491145769735,0.8292907449166207,843.2420393619551,-1204.857573964316,-548.6041968851919,294.63784247676324
4,361.75491145769735,0.8292907449166207,834.6686730152754,-1218.912598447599,-555.0038291616302,279.66484385364527
4,361.75491145769735,0.8292907449166207,846.2611586297819,-1228.4997239726763,-559.3691063634966,286.8920522662853
4,361.75491145769735,0.8292907449166207,836.4536537126988,-1186.9175270397102,-540.4356089559371,296.0180447567617
4,361.75491145769735,0.8292907449166207,845.9200520445744,-1186.1335777682993,-540.0786556780273,305.8413963665471
4,361.75491145769735,0.8292907449166207,827.0656689009405,-1219.142337071744,-555.1084353624924,271.9572335384481
4,361.75491145769735,0.8292907449166207,866.8163704666956,-1203.663164679013,-548.0603500763447,318.75602039035095
4,361.75491145769735,0.8292907449166207,868.3471846866336,-1258.9071471190173,-573.2144274329897,295.13275725364383
4,361.75491145769735,0.8292907449166207,824.6746907273362,-1189.2981438741847,-541.5195681016402,283.155122625696
4,361.75491145769735,0.8292907449166207,841.0805928145458,-1200.7826960421467,-546.7487949039091,294.3317979106366
4,361.75491145769735,0.8292907449166207,859.031131092994,-1223.3759298403995,-557.0361045003021,301.99502659269183
4,361.75491145769735,0.8292907449166207,898.2565282824954,-1256.6398023871714,-572.182044135117,326.07448414737837
4,361.75491145769735,0.8292907449166207,842.892016280247,-1208.7563635397798,-550.3794210860359,292.51259519421114
4,361.75491145769735,0.8292907449166207,868.4935924130262,-1225.1601689544254,-557.8485167615959,310.6450756514304
4,361.75491145769735,0.8292907449166207,840.1969448666488,-1196.5810568903557,-544.8356751109319,295.3612697557169
4,361.75491145769735,0.8292907449166207,855.476522075869,-1216.6619270465092,-553.9790376816009,301.4974843942681
4,361.75491145769735,0.8292907449166207,812.0694256050142,-1200.4347619912555,-546.5903711327657,265.47905447224855
4,361.75491145769735,0.8292907449166207,867.764786222237,-1215.7337242567212,-553.5564018804557,314.2083843417813
4,361.75491145769735,0.8292907449166207,844.8700951674347,-1203.9633162223417,-548.1970171811793,296.6730779862554
4,361.75491145769735,0.8292907449166207,828.4528322034356,-1199.0181992571167,-545.9453718582516,282.507460345184
4,361.75491145769735,0.8292907449166207,884.7612382173195,-1273.6155464286155,-579.9115589156423,304.84967930167716
4,361.75491145769735,0.8292907449166207,837.1190059562442,-1180.4822373169598,-537.5054477266252,299.613558229619
4,361.75491145769735,0.8292907449166207,877.6590535366684,-1253.3516445472817,-570.6848570567729,306.97419647989545
4,361.75491145769735,0.8292907449166207,878.8400853892858,-1252.2648252930562,-570.189998895105,308.65008649418087
4,361.75491145769735,0.8292907449166207,862.9153640302443,-1218.4841749770578,-554.8087563836837,308.10660764656063
4,361.75491145769735,0.8292907449166207,838.223685064967,-1197.4385638705871,-545.2261212004771,292.99756386448985
4,361.75491145769735,0.8292907449166207,846.6315063664408,-1236.8127285806077,-563.1542418975097,283.47726446893114
4,361.75491145769735,0.8292907449166207,855.1529884491474,-1215.2082089082196,-553.3171205480016,301.8358679011458
4,361.75491145769735,0.8292907449166207,868.4886973606258,-1192.6031663666647,-543.0244341118266,325.46426324879917
4,361.75491145769735,0.8292907449166207,860.5495227275666,-1216.837831778665,-554.0591318573756,306.49039087019094
4,361.75491145769735,0.8292907449166207,867.9239920624545,-1255.9500179767092,-571.8679666618101,296.05602540064444
4,361.75491145769735,0.8292907449166207,864.6722026098752,-1183.881208098046,-539.0530909301773,325.6191116796979
4,361.75491145769735,0.8292907449166207,849.8531895241463,-1215.192567660963,-553.3099986656523,296.543190858494
4,361.75491145769735,0.8292907449166207,816.5743715967734,-1204.0495385543034,-548.2362765378049,268.3380950589685
4,361.75491145769735,0.8292907449166207,825.1864271986681,-1152.5579874814623,-524.7907825365982,300.3956446620699
4,361.75491145769735,0.8292907449166207,864.6647482846289,-1260.749172608387,-574.0531513917999,290.61159689282897
4,361.75491145769735,0.8292907449166207,831.3821660984668,-1204.2947747565377,-548.3479392045641,283.03422689390266
4,361.75491145769735,0.8292907449166207,853.0953296789238,-1191.7858173608197,-542.6522730326949,310.4430566462289
4,361.75491145769735,0.8292907449166207,877.9014458058123,-1228.1162583201956,-559.1945040944333,318.70694171137893
4,361.75491145769735,0.8292907449166207,870.2836472265136,-1174.5670926556268,-534.8121225930054,335.47152463350824
4,361.75491145769735,0.8292907449166207,876.7184510999742,-1226.9967399348443,-558.6847571351533,318.03369396482094
4,361.75491145769735,0.8292907449166207,868.063485599469,-1252.8879640601083,-570.4737308068544,297.5897547926146
4,361.75491145769735,0.8292907449166207,843.2284084826657,-1265.6208106763365,-576.2713397881173,266.9570686945484
4,361.75491145769735,0.8292907449166207,840.3743647250858,-1198.8278092860935,-545.8586821619712,294.51568256311464
4,361.75491145769735,0.8292907449166207,869.4284973851026,-1195.2784656521885,-544.2425701369281,325.1859272481745
4,361.75491145769735,0.8292907449166207,828.3536777364849,-1229.385079559767,-559.7722326759416,268.5814450605433
4,361.75491145769735,0.8292907449166207,866.3775982143832,-1236.7986035333613,-563.1478103819778,303.22978783240535
4,361.75491145769735,0.8292907449166207,805.1744879317625,-1152.7247276147625,-524.8667038229762,280.30778410878634
4,361.75491145769735,0.8292907449166207,858.6476412795251,-1233.929132053149,-561.8412625120025,296.8063787675227
4,361.75491145769735,0.8292907449166207,846.0496013691425,-1216.2480588621765,-553.7905923186066,292.25900905053584
4,361.75491145769735,0.8292907449166207,891.6094653187286,-1199.7589663950544,-546.2826631444326,345.32680217429595
4,361.75491145769735,0.8292907449166207,861.9649732009538,-1185.2522483686923,-539.6773625974918,322.287610603462
4,361.75491145769735,0.8292907449166207,863.8917453785015,-1249.398029511282,-568.8846693428995,295.0070760356019
4,361.75491145769735,0.8292907449166207,891.154143022184,-1199.5903294980537,-546.2058782103097,344.9482648118743
4,361.75491145769735,0.8292907449166207,858.6926830247991,-1224.557608847144,-557.574154869474,301.11852815532507
4,361.75491145769735,0.8292907449166207,880.9222542730372,-1267.435757863923,-577.0977342647349,303.82452000830233
4,361.75491145769735,0.8292907449166207,830.3047946018587,-1203.4379264261786,-547.957793016096,282.34700158576265
4,361.75491145769735,0.8292907449166207,809.4340842385235,-1174.3082278027757,-534.6942544335076,274.7398298050159
4,361.75491145769735,0.8292907449166207,852.9908679067994,-1203.897036267031,-548.1668381272905,304.8240297795089
4,361.75491145769735,0.8292907449166207,881.8518910833834,-1210.7807206489451,-551.3011655561547,330.5507255272287
4,361.75491145769735,0.8292907449166207,819.216341860385,-1167.1426687962366,-531.4315818745581,287.7847599858269
4,361.75491145769735,0.8292907449166207,851.3318389207484,-1215.369351974314,-553.3904933385029,297.9413455822455
4,361.75491145769735,0.8292907449166207,835.5822480126695,-1208.8606010941164,-550.4268832600038,285.1553647526657
4,361.75491145769735,0.8292907449166207,822.4866526993388,-1194.3007433472105,-543.7973867629843,278.68926593635456
4,361.75491145769735,0.8292907449166207,857.4375485119967,-1227.2376313587272,-558.7944415069758,298.64310700502097
4,361.75491145769735,0.8292907449166207,844.5964904441392,-1189.3268116285942,-541.532621304545,303.0638691395942
4,361.75491145769735,0.8292907449166207,822.1524479235579,-1221.0391532191306,-555.972106987805,266.18034093575295
4,361.75491145769735,0.8292907449166207,810.4447643667502,-1218.7051552443525,-554.9093746681069,255.53538969864326
4,361.75491145769735,0.8292907449166207,817.4421602456221,-1197.9989439759217,-545.4812773984218,271.9608828472003
4,361.75491145769735,0.8292907449166207,847.2791580505316,-1227.689022426726,-558.9999720524044,288.2791859981272
4,361.75491145769735,0.8292907449166207,894.9147361710308,-1191.1536367795904,-542.3644241387293,352.55031203230146
4,361.75491145769735,0.8292907449166207,872.7582825726714,-1227.4049340249553,-558.87061892979,313.8876636428814
4,361.75491145769735,0.8292907449166207,850.0065107388175,-1208.9785379725051,-550.4805831062343,299.52592763258315
4,361.75491145769735,0.8292907449166207,851.6660966847712,-1200.762186175039,-546.7394562074392,304.92664047733206
4,361.75491145769735,0.8292907449166207,814.9364722368816,-1182.0824290121998,-538.2340582269859,276.70241400989573
4,361.75491145769735,0.8292907449166207,880.1366635026919,-1234.5879300398612,-562.1412310296262,317.99543247306576
4,361.75491145769735,0.8292907449166207,849.3500339187967,-1247.6424965440974,-568.0853277656217,281.264706153175
4,361.75491145769735,0.8292907449166207,839.4433731140444,-1212.7151841811346,-552.181979052632,287.2613940614125
4,361.75491145769735,0.8292907449166207,908.8291511992571,-1239.2691161673174,-564.2727015132896,344.55644968596755
4,361.75491145769735,0.8292907449166207,830.3451309588071,-1226.7638092711331,-558.5786975124588,271.7664334463483
4,361.75491145769735,0.8292907449166207,878.0264208303888,-1257.7751929452904,-572.699018123369,305.3274027070198
4,361.75491145769735,0.8292907449166207,846.5455915774459,-1179.3562336071084,-536.9927478239302,309.5528437535156
4,361.75491145769735,0.8292907449166207,807.141424635964,-1156.7705046944175,-526.7088554046422,280.43256923132174
4,361.75491145769735,0.8292907449166207,834.0576231586275,-1201.3581135128625,-547.0107980204742,287.0468251381533
4,361.75491145769735,0.8292907449166207,848.9284821830273,-1147.7898613484772,-522.6197259201494,326.30875626287786
4,361.75491145769735,0.8292907449166207,821.3632006439522,-1169.2467900548288,-532.3896451163577,288.9735555275945
4,361.75491145769735,0.8292907449166207,851.8026270797718,-1216.7044798838415,-553.9984131377995,297.8042139419723
4,361.75491145769735,0.8292907449166207,847.6599273800019,-1159.4460186717617,-527.9270891847284,319.73283819527353
4,361.75491145769735,0.8292907449166207,838.2434139543492,-1229.859953126811,-559.9884554374528,278.2549585168964
4,361.75491145769735,0.8292907449166207,820.9572186352935,-1171.847058282224,-533.5736174740883,287.3836011612052
4,361.75491145769735,0.8292907449166207,796.033282579567,-1149.2143145392297,-523.2683179326826,272.7649646468843
4,361.75491145769735,0.8292907449166207,861.0588668304633,-1226.641707147576,-558.5231011175989,302.5357657128644
4,361.75491145769735,0.8292907449166207,814.9731702907363,-1184.7835589261415,-539.4639556348968,275.5092146558395
4,361.75491145769735,0.8292907449166207,859.9094973495842,-1183.5735099318558,-538.912987644118,320.9965097054662
4,361.75491145769735,0.8292907449166207,828.4089544103613,-1212.2316370272247,-551.9618069727453,276.44714743761597
4,361.75491145769735,0.8292907449166207,841.4193241283397,-1193.4676867650464,-543.4180736000895,298.0012505282501
4,361.75491145769735,0.8292907449166207,872.2068652910584,-1195.2722684999194,-544.2397484061136,327.96711688494486
4,361.75491145769735,0.8292907449166207,860.4030174715314,-1240.259730917954,-564.7237551659694,295.679262305562
4,361.75491145769735,0.8292907449166207,871.2232679851986,-1233.0056587007373,-561.4207801514377,309.8024878337609
4,361.75491145769735,0.8292907449166207,879.6460824298558,-1188.1530120595337,-540.9981586561759,338.64792377367996
4,361.75491145769735,0.8292907449166207,865.164041088351,-1214.1950287136272,-552.8557922391913,312.3082488491598
4,361.75491145769735,0.8292907449166207,857.0702741614656,-1206.5272183192087,-549.3644310574235,307.70584310404206
4,361.75491145769735,0.8292907449166207,891.2907304678403,-1216.0789594875862,-553.7135968059455,337.5771336618948
4,361.75491145769735,0.8292907449166207,861.7445619542907,-1217.3837719180742,-554.3077131488079,307.4368488054828
4,361.75491145769735,0.8292907449166207,862.2216425441475,-1237.2277274937865,-563.3432021118888,298.8784404322587
4,361.75491145769735,0.8292907449166207,854.454256551971,-1224.4845338518817,-557.5408818503599,296.913374701611
4,361.75491145769735,0.8292907449166207,859.3305331582688,-1195.3194199907227,-544.2612177534481,315.0693154048207
4,361.75491145769735,0.8292907449166207,852.9140907827251,-1252.235289296635,-570.1765503581609,282.73754042456426
4,361.75491145769735,0.8292907449166207,832.7449611573013,-1160.0763633046658,-528.2141021218322,304.5308590354691
4,361.75491145769735,0.8292907449166207,850.7249713655068,-1223.0102148579076,-556.8695845907341,293.8553867747727
4,361.75491145769735,0.8292907449166207,844.447159875914,-1195.4077292294583,-544.3014273350957,300.14573254081836
4,361.75491145769735,0.8292907449166207,837.5756824444876,-1221.2067282731857,-556.0484084361541,281.5272740083335
4,361.75491145769735,0.8292907449166207,859.935024802063,-1228.9293799767897,-559.5647403472694,300.3702844547936
4,361.75491145769735,0.8292907449166207,845.5497148475918,-1200.5524749677136,-546.6439690303996,298.90574581719216
4,361.75491145769735,0.8292907449166207,851.4724511794535,-1228.6136815468192,-559.4209943250222,292.0514568544313
4,361.75491145769735,0.8292907449166207,904.7797696766465,-1277.0434633065656,-581.4723820589368,323.30738761770976
4,361.75491145769735,0.8292907449166207,858.9367949145958,-1230.993964394625,-560.5048013975739,298.43199351702185
4,361.75491145769735,0.8292907449166207,846.925909759048,-1218.3877694927385,-554.7648603627405,292.1610493963075
4,361.75491145769735,0.8292907449166207,839.3620577443863,-1181.1213582920884,-537.7964567693947,301.56560097499164
4,361.75491145769735,0.8292907449166207,897.4216453165004,-1229.0470915926853,-559.6183376254025,337.80330769109787
4,361.75491145769735,0.8292907449166207,848.352212437023,-1196.9785550238894,-545.0166667476389,303.33554568938416
4,361.75491145769735,0.8292907449166207,877.2588559897488,-1221.1240858349206,-556.0107791018222,321.2480768879266
4,361.75491145769735,0.8292907449166207,855.1945713620636,-1211.9692026980117,-551.8423135342476,303.35225782781595
4,361.75491145769735,0.8292907449166207,875.2433981735028,-1196.7049091452675,-544.8920683878689,330.3513297856339
4,361.75491145769735,0.8292907449166207,881.019979616281,-1205.1191310692714,-548.723290899791,332.29668871649005
4,361.75491145769735,0.8292907449166207,845.6676322458735,-1221.5750051726627,-556.2160948557233,289.4515373901502
4,361.75491145769735,0.8292907449166207,824.70734406854,-1236.1689920346969,-562.8611312606955,261.8462128078445
4,361.75491145769735,0.8292907449166207,837.663722726298,-1244.9901915243497,-566.8776616508081,270.7860610754899
4,361.75491145769735,0.8292907449166207,833.2928041665236,-1160.2689369085426,-528.3017860851313,304.9910180813923
4,361.75491145769735,0.8292907449166207,877.2504999663099,-1213.764420726642,-552.6597247919036,324.5907751744063
4,361.75491145769735,0.8292907449166207,846.0330219219934,-1223.3269429639265,-557.013799452298,289.01922246969536
4,361.75491145769735,0.8292907449166207,838.5690850074292,-1182.2347074117317,-538.3033946953648,300.2656903120644
4,361.75491145769735,0.8292907449166207,856.4465548184368,-1199.7894818218472,-546.2965576424795,310.1499971759573
4,361.75491145769735,0.8292907449166207,863.6434298061114,-1258.7694622058766,-573.1517357731381,290.4916940329733
4,361.75491145769735,0.8292907449166207,863.4992176118855,-1190.3172847186036,-541.983610455315,321.51560715657047
4,361.75491145769735,0.8292907449166207,855.551175359752,-1209.2506667964353,-550.6044907100272,304.94668464972483
4,361.75491145769735,0.8292907449166207,855.3822880584443,-1241.596312794946,-565.3323369959246,290.04995106251965
4,361.75491145769735,0.8292907449166207,873.7417699529063,-1227.6450056217443,-558.9799300121929,314.76183994071346
4,361.75491145769735,0.8292907449166207,815.1594258838626,-1233.664595371125,-561.7208118154848,253.43861406837777
4,361.75491145769735,0.8292907449166207,853.6869831765965,-1182.341145394684,-538.3518587839154,315.3351243926811
4,361.75491145769735,0.8292907449166207,860.6586602843481,-1210.4045786714503,-551.1298979541266,309.5287623302215
4,361.75491145769735,0.8292907449166207,838.8159602057643,-1233.2478045289838,-561.5310356874487,277.2849245183156
4,361.75491145769735,0.8292907449166207,861.4908719614804,-1218.7327153194121,-554.9219235146851,306.5689484467953
4,361.75491145769735,0.8292907449166207,861.432794652766,-1233.7103730844483,-561.7416556448268,299.6911390079392
4,361.75491145769735,0.8292907449166207,864.5219113032518,-1199.6266563350441,-546.222418800387,318.29949250286484
4,361.75491145769735,0.8292907449166207,856.5900374221549,-1177.3616227133348,-536.0845476091308,320.50548981302404
4,361.75491145769735,0.8292907449166207,848.9557975927816,-1197.18271244281,-545.1096251348088,303.8461724579728
4,361.75491145769735,0.8292907449166207,846.2645649607048,-1174.350586846674,-534.7135416503213,311.55102331038347
4,361.75491145769735,0.8292907449166207,854.2823423373621,-1229.4734395139444,-559.8124653496998,294.46987698766236
4,361.75491145769735,0.8292907449166207,860.1168531222819,-1221.5210533177153,-556.1915291189147,303.9253240033672
4,361.75491145769735,0.8292907449166207,849.1213889552389,-1227.7538483755768,-559.0294890578788,290.0918998973601
4,361.75491145769735,0.8292907449166207,829.9511100258742,-1169.9743039629482,-532.7209018490298,297.23020817684437
4,361.75491145769735,0.8292907449166207,851.306727332471,-1238.4969587931266,-563.9211174046857,287.38560992778537
4,361.75491145769735,0.8292907449166207,858.1903721299077,-1212.997023882095,-552.3103082810294,305.8800638488783
4,361.75491145769735,0.8292907449166207,858.0256677707865,-1215.4282209918254,-553.4172979922405,304.60836977854603
4,361.75491145769735,0.8292907449166207,885.657544356131,-1217.642344160833,-554.4254480750272,331.23209628110374
4,361.75491145769735,0.8292907449166207,820.5116086067853,-1232.3761659411382,-561.1341550952591,259.37745351152626
4,361.75491145769735,0.8292907449166207,855.5949846798829,-1250.5489112511027,-569.4086968846004,286.1862877952825
4,361.75491145769735,0.8292907449166207,847.696609338273,-1222.6753626733002,-556.7171173466537,290.9794919916193
4,361.75491145769735,0.8292907449166207,872.2552131071553,-1246.4905002550872,-567.5607927395707,304.6944203675846
4,361.75491145769735,0.8292907449166207,863.0066580801932,-1108.9302058198448,-504.9258751504053,358.0807829297879
4,361.75491145769735,0.8292907449166207,877.9348546828332,-1274.358456562919,-580.2498259659515,297.6850287168818
4,361.75491145769735,0.8292907449166207,847.2486575362827,-1184.9234522240251,-539.527652831971,307.7210047043118
4,361.75491145769735,0.8292907449166207,836.1035188778745,-1173.3648079072186,-534.2646898730885,301.838829004786
4,361.75491145769735,0.8292907449166207,843.223502014482,-1158.3226568266582,-527.4155921944106,315.8079098200715
4,361.75491145769735,0.8292907449166207,857.2088150347638,-1223.6232637444107,-557.1487223073397,300.06009272742415
4,361.75491145769735,0.8292907449166207,872.3401025170099,-1209.993404049882,-550.9426790430126,321.39742347399726
4,361.75491145769735,0.8292907449166207,846.0885749402784,-1223.2167927183823,-556.9636450703201,289.12492986995824
4,361.75491145769735,0.8292907449166207,842.5639532712744,-1193.3542822899751,-543.3664374795106,299.19751579176375
4,361.75491145769735,0.8292907449166207,864.8315817556195,-1231.1106163898446,-560.5579162017926,304.27366555382685
4,361.75491145769735,0.8292907449166207,859.8873489065265,-1215.9109884987888,-553.637115077814,306.25023382871257
4,361.75491145769735,0.8292907449166207,840.3029170013025,-1194.2261276916852,-543.7634122396388,296.5395047616637
4,361.75491145769735,0.8292907449166207,833.9721284235004,-1221.2367514846735,-556.0620788152778,277.9100496082226
4,361.75491145769735,0.8292907449166207,845.5454032691007,-1219.9434656084723,-555.4732108239169,290.07219244518376
4,361.75491145769735,0.8292907449166207,885.7630044748217,-1236.8431186581067,-563.1680793206374,322.59492515418435
4,361.75491145769735,0.8292907449166207,875.3958280357483,-1222.6954601231455,-556.7262682584046,318.6695597773437
4,361.75491145769735,0.8292907449166207,844.1406133073212,-1239.3327117589142,-564.3016583038741,279.83895500344715
4,361.75491145769735,0.8292907449166207,884.5755957904859,-1234.4200093958216,-562.0647722248226,322.51082356566326
4,361.75491145769735,0.8292907449166207,841.2189038733169,-1216.5166458677886,-553.9128872368539,287.306016636463
4,361.75491145769735,0.8292907449166207,826.7353127793749,-1173.168847636987,-534.1754638691235,292.5598489102514
4,361.75491145769735,0.8292907449166207,835.2110648869841,-1184.3915246750094,-539.2854518514279,295.92561303555624
4,361.75491145769735,0.8292907449166207,824.0080960104013,-1150.8160500147276,-523.9976313578925,300.01046465250886
4,361.75491145769735,0.8292907449166207,855.6104693500838,-1193.7241158050972,-543.5348326682275,312.0756366818563
4,361.75491145769735,0.8292907449166207,869.9192456061287,-1184.0498447669602,-539.1298757604461,330.7893698456826
4,361.75491145769735,0.8292907449166207,864.8181034314691,-1251.068339688736,-569.6452066821274,295.1728967493417
4,361.75491145769735,0.8292907449166207,856.5724400279412,-1202.153759334048,-547.3730770534228,309.1993629745184
4,361.75491145769735,0.8292907449166207,833.9902650848055,-1191.9378172896572,-542.721482705845,291.2687823789605
4,361.75491145769735,0.8292907449166207,870.2696993179084,-1186.4236889102337,-540.2107511169137,330.0589482009947
4,361.75491145769735,0.8292907449166207,883.4660688125269,-1188.4667992659581,-541.14103444672,342.3250343658069
4,361.75491145769735,0.8292907449166207,832.9158111555959,-1206.9428794867804,-549.5536928141154,283.3621183414805
4,361.75491145769735,0.8292907449166207,856.3942654415458,-1208.1552176751125,-550.1057031367752,306.2885623047706
4,361.75491145769735,0.8292907449166207,843.481245537567,-1205.001568828076,-548.6697616359936,294.8114839015734
4,361.75491145769735,0.8292907449166207,832.685871494354,-1211.6318838298564,-551.6887231425221,280.9971483518319
4,361.75491145769735,0.8292907449166207,840.7954884337252,-1132.7313820498537,-515.7631935627587,325.03229487096644
4,361.75491145769735,0.8292907449166207,889.1486912253417,-1227.2719388821865,-558.8100626490602,330.3386285762815
4,361.75491145769735,0.8292907449166207,878.1893845570654,-1211.7304450747,-551.7336007394596,326.45578381760583
4,361.75491145769735,0.8292907449166207,894.1271380016886,-1238.617845560284,-563.9761604149496,330.15097758673903
4,361.75491145769735,0.8292907449166207,857.0806961366342,-1209.5741083525854,-550.7517623867675,306.3289337498667
4,361.75491145769735,0.8292907449166207,863.3672099510086,-1170.0833476407643,-532.7705523808323,330.59665757017626
4,361.75491145769735,0.8292907449166207,864.5963514347543,-1185.0222512392613,-539.5726386921905,325.0237127425638
4,361.75491145769735,0.8292907449166207,859.1795979191015,-1197.2749794071792,-545.1516367758363,314.0279611432652
4,361.75491145769735,0.8292907449166207,827.8127521628644,-1213.5689519064738,-552.5707225584266,275.2420296044378
4,361.75491145769735,0.8292907449166207,884.7662569131365,-1174.1696492687356,-534.6311558839235,350.13510102921305
4,361.75491145769735,0.8292907449166207,859.533665355882,-1205.8803519028663,-549.0698953060634,310.46377004981866
4,361.75491145769735,0.8292907449166207,877.6188921421506,-1238.8444749703435,-564.0793509066583,313.53954123549227
4,361.75491145769735,0.8292907449166207,854.2618721039569,-1186.2823230185868,-540.1463834081239,314.11548869583294
4,361.75491145769735,0.8292907449166207,819.0005801563351,-1187.422333164387,-540.6654608194233,278.3351193369118
4,361.75491145769735,0.8292907449166207,875.2684736180089,-1238.5082500981746,-563.9262586408545,311.3422149771544
4,361.75491145769735,0.8292907449166207,877.6383797458232,-1217.069531800247,-554.1646311354688,323.4737486103544
4,361.75491145769735,0.8292907449166207,866.0140405256823,-1213.6447845033056,-552.6052511880188,313.4087893376635
4,361.75491145769735,0.8292907449166207,867.7660351377799,-1195.7381503984773,-544.4518770180961,323.31415811968384
4,361.75491145769735,0.8292907449166207,866.6902568781983,-1224.8340146174673,-557.7000098824809,308.99024699571737
4,361.75491145769735,0.8292907449166207,855.8418170836626,-1212.4884346498425,-552.0787338664816,303.763083217181
4,361.75491145769735,0.8292907449166207,843.2161711986961,-1191.9994257771214,-542.7495347142458,300.4666364844503
4,361.75491145769735,0.8292907449166207,857.5485087896096,-1227.0537148523654,-558.7106993540052,298.8378094356044
4,361.75491145769735,0.8292907449166207,893.0571768386194,-1241.724323912634,-565.3906239154154,327.666552923204
4,361.75491145769735,0.8292907449166207,848.5797525504416,-1186.6191545359366,-540.2997518958642,308.2800006545774
4,361.75491145769735,0.8292907449166207,869.1306146691771,-1164.1327254227504,-530.0610733573993,339.0695413117778
4,361.75491145769735,0.8292907449166207,887.8121609681847,-1206.012404739634,-549.1300225294189,338.68213843876583
4,361.75491145769735,0.8292907449166207,860.7453013806919,-1220.9235706671298,-555.9194791299697,304.82582225072224
4,361.75491145769735,0.8292907449166207,858.8232476147231,-1206.327834891831,-549.2736463975497,309.5496012171734
4,361.75491145769735,0.8292907449166207,845.1929010510389,-1180.3437167494444,-537.4423755707655,307.7505254802734
4,361.75491145769735,0.8292907449166207,863.0836276385955,-1194.9719021468663,-544.1029834926094,318.98064414598616
4,361.75491145769735,0.8292907449166207,821.8037525876321,-1219.9836138240466,-555.4914913908798,266.3122611967523
4,361.75491145769735,0.8292907449166207,852.498019744896,-1218.639965563049,-554.8796920454223,297.61832769947375
4,361.75491145769735,0.8292907449166207,841.724130893822,-1205.1400504190653,-548.7328160447884,292.99131484903364
4,361.75491145769735,0.8292907449166207,871.6972517287309,-1204.716514315569,-548.5399686170662,323.1572831116647
4,361.75491145769735,0.8292907449166207,814.0914203624831,-1148.5834086913756,-522.9810494592535,291.1103709032295
4,361.75491145769735,0.8292907449166207,861.34276761539,-1171.5572134314345,-533.4416432847529,327.9011243306371
4,361.75491145769735,0.8292907449166207,886.3651720476437,-1259.540845980304,-573.5029676408747,312.862204406769
4,361.75491145769735,0.8292907449166207,847.8054755366367,-1164.5666828798508,-530.2586659089003,317.54680962773637
4,361.75491145769735,0.8292907449166207,849.7912189594525,-1230.1526571775398,-560.1217314977482,289.6694874617043
4,361.75491145769735,0.8292907449166207,865.0314735349226,-1232.3059873128814,-561.102200870274,303.9292726646486
4,361.75491145769735,0.8292907449166207,841.4564687517142,-1229.4775309510476,-559.8143282915235,281.6421404601907
4,361.75491145769735,0.8292907449166207,862.7645050585958,-1224.7590958952135,-557.6658973646681,305.09860769392765
4,361.75491145769735,0.8292907449166207,849.7804114785303,-1200.35870206254,-546.5557389928267,303.22467248570354
4,361.75491145769735,0.8292907449166207,862.1140147068679,-1204.9538515632046,-548.6480346764442,313.4659800304237
4,361.75491145769735,0.8292907449166207,857.4771435004296,-1225.1438709874428,-557.8410958570172,299.63604764341244
4,361.75491145769735,0.8292907449166207,853.7542016659422,-1207.4487693860588,-549.7840381494506,303.97016351649165
4,361.75491145769735,0.8292907449166207,844.8500068057886,-1188.9557329972652,-541.3636591807882,303.48634762500035
4,361.75491145769735,0.8292907449166207,859.0155936295849,-1142.0413346548205,-520.0022664475994,339.0133271819856
4,361.75491145769735,0.8292907449166207,871.2833384219658,-1205.6371046066147,-548.9591382419188,322.324200180047
4,361.75491145769735,0.8292907449166207,889.8043190740992,-1250.5613758729298,-569.4143723635904,320.38994671050887
4,361.75491145769735,0.8292907449166207,847.5846387591449,-1197.0969253039586,-545.0705639333609,302.51407482578406
4,361.75491145769735,0.8292907449166207,852.9435967932694,-1190.57383813923,-542.1004261572887,310.84317063598075
4,361.75491145769735,0.8292907449166207,873.5706088590682,-1153.1099614372129,-525.0421111875853,348.5284976714829
4,361.75491145769735,0.8292907449166207,882.1244876504211,-1237.855882147477,-563.6292178923048,318.49526975811625
4,361.75491145769735,0.8292907449166207,817.6033571853457,-1189.9556439644343,-541.8189456519481,275.7844115333976
4,361.75491145769735,0.8292907449166207,900.0506350299434,-1258.9017780567842,-573.2119827539356,326.8386522760078
4,361.75491145769735,0.8292907449166207,854.6570915955105,-1207.2051459354302,-549.6731098120582,304.98398178345224
4,361.75491145769735,0.8292907449166207,872.8808706228045,-1235.825915776893,-562.7049193739547,310.17595124884986
4,361.75491145769735,0.8292907449166207,905.5612449929026,-1244.193264858889,-566.5147994148653,339.0464455780374
4,361.75491145769735,0.8292907449166207,888.815728306726,-1240.2371207137537,-564.7134601292906,324.10226817743535
4,361.75491145769735,0.8292907449166207,850.7439758237512,-1216.2542115315364,-553.793393795151,296.95058202860014
4,361.75491145769735,0.8292907449166207,837.0999486356637,-1202.5728452327653,-547.563898182708,289.5360504529557
4,361.75491145769735,0.8292907449166207,835.2641453872244,-1195.5857471909662,-544.3824837212733,290.8816616659511
4,361.75491145769735,0.8292907449166207,895.1276991109719,-1175.0335830656695,-535.024528276703,360.1031708342689
4,361.75491145769735,0.8292907449166207,850.1854629048073,-1233.4456463984288,-561.621118434358,288.5643444704493
4,361.75491145769735,0.8292907449166207,864.7535180507924,-1214.638894089496,-553.0578961337225,311.69562191706996
4,361.75491145769735,0.8292907449166207,863.2034332551575,-1245.1222583789938,-566.9377952568814,296.26563799827613
4,361.75491145769735,0.8292907449166207,872.0290510897586,-1221.798949567149,-556.3180627873187,315.7109883024399
4,361.75491145769735,0.8292907449166207,858.6364844780376,-1279.8891890454363,-582.7681178515018,275.8683666265358
4,361.75491145769735,0.8292907449166207,867.1103996977847,-1192.757913080978,-543.094894470595,324.0155052271897
4,361.75491145769735,0.8292907449166207,846.4604729124462,-1218.0135817901303,-554.5944825948536,291.8659903175926
4,361.75491145769735,0.8292907449166207,820.479558303083,-1197.7015624706385,-545.3458715667285,275.13368673635443
4,361.75491145769735,0.8292907449166207,882.2437273564958,-1251.7637674582304,-569.9618537292301,312.28187362726567
4,361.75491145769735,0.8292907449166207,869.9184580777398,-1250.4212070319159,-569.3505497042865,300.5679083734533
4,361.75491145769735,0.8292907449166207,855.9812329445168,-1248.0727668186232,-568.2812414433049,287.6999915012119
4,361.75491145769735,0.8292907449166207,821.7516912263528,-1167.9638345085411,-531.8054808032308,289.946210423122
4,361.75491145769735,0.8292907449166207,857.5078394751365,-1239.8188102168997,-564.5229920614175,292.98484741371897
4,361.75491145769735,0.8292907449166207,860.7693446229505,-1236.8149557199592,-563.155255974212,297.6140886487385
4,361.75491145769735,0.8292907449166207,877.9064258949123,-1202.682280514654,-547.6137270224222,330.2926988724902
4,361.75491145769735,0.8292907449166207,888.2434285394899,-1204.184826424869,-548.2978767594276,339.94555178006226
4,361.75491145769735,0.8292907449166207,840.9658441659819,-1232.5196683405131,-561.1994956137248,279.7663485522571
4,361.75491145769735,0.8292907449166207,843.3325124434228,-1246.9674525733217,-567.7779620126464,275.55455043077643
4,361.75491145769735,0.8292907449166207,819.3579079220524,-1187.3481129308227,-540.6316663423771,278.7262415796753
4,361.75491145769735,0.8292907449166207,850.2110556742671,-1234.4758313537468,-562.0901894700289,288.12086620423815
4,361.75491145769735,0.8292907449166207,858.9497807421129,-1213.1231575317968,-552.3677403386354,306.58204040347755
4,361.75491145769735,0.8292907449166207,870.4727867642878,-1236.5272359223422,-563.024249378984,307.4485373853038
4,361.75491145769735,0.8292907449166207,879.9787268093412,-1152.658927790838,-524.8367433858762,355.14198342346504
4,361.75491145769735,0.8292907449166207,883.6406916682178,-1211.602352242958,-551.6752766133528,331.96541505486493
4,361.75491145769735,0.8292907449166207,877.8088737145845,-1250.92182006102,-569.578492338102,308.23038137648246
4,361.75491145769735,0.8292907449166207,874.9567404406557,-1210.7646653457082,-551.2938551429338,323.6628852977219
4,361.75491145769735,0.8292907449166207,855.9442679484022,-1224.515408658908,-557.5549399839341,298.38932796446807
4,361.75491145769735,0.8292907449166207,884.3695064612187,-1230.272926529388,-560.1764933821455,324.19301307907324
4,361.75491145769735,0.8292907449166207,837.6047836418032,-1213.7910591452435,-552.6718539834022,284.932929658401
4,361.75491145769735,0.8292907449166207,864.2632667489718,-1223.826408902865,-557.241219784978,307.02204696399383
4,361.75491145769735,0.8292907449166207,878.0908707345051,-1175.1510598388618,-535.0780186246101,343.012852109895
4,361.75491145769735,0.8292907449166207,849.7667944262811,-1180.8840316575427,-537.6883955424432,312.07839888383785
4,361.75491145769735,0.8292907449166207,919.1427021043663,-1254.597833081427,-571.2522803561866,347.89042174817973
4,361.75491145769735,0.8292907449166207,830.3424350501224,-1195.220681648584,-544.2162595193288,286.1261755307936
4,361.75491145769735,0.8292907449166207,872.1132552391721,-1237.9367862070624,-563.66605569587,308.4471995433021
4,361.75491145769735,0.8292907449166207,908.2007891697561,-1228.3412017905985,-559.2969269322787,348.9038622374775
4,361.75491145769735,0.8292907449166207,837.1117157968084,-1167.1966659318473,-531.4561682288758,305.6555475679327
4,361.75491145769735,0.8292907449166207,860.4162282171974,-1159.2792637230536,-527.851161152495,332.56506706470236
4,361.75491145769735,0.8292907449166207,901.4839837401794,-1203.3696681029344,-547.9267131578512,353.5572705823282
4,361.75491145769735,0.8292907449166207,832.1829292177338,-1193.0921699811379,-543.2470906655878,288.9358385521459
4,361.75491145769735,0.8292907449166207,845.8369940188626,-1200.845271787333,-546.7772873308767,299.0597066879859
4,361.75491145769735,0.8292907449166207,810.9134034827457,-1216.0927150971804,-553.7198601065357,257.19354337620996
4,361.75491145769735,0.8292907449166207,855.1975542112251,-1175.4137700388874,-535.1976376745401,319.99991653668496
4,361.75491145769735,0.8292907449166207,873.3511955028695,-1198.6395659225088,-545.7729698740378,327.57822562883166
4,361.75491145769735,0.8292907449166207,885.7742401575372,-1226.8465954928938,-558.6163923152999,327.1578478422373
4,361.75491145769735,0.8292907449166207,876.5572012739955,-1260.9789656804844,-574.1577823842856,302.39941888970986
4,361.75491145769735,0.8292907449166207,841.8440391705923,-1190.6952358835629,-542.1557018292623,299.68833734133
4,361.75491145769735,0.8292907449166207,818.6598076497694,-1117.0890778556204,-508.6408299611623,310.0189776886071
4,361.75491145769735,0.8292907449166207,835.4936445968909,-1174.0261914735265,-534.5658356749392,300.92780892195174
4,361.75491145769735,0.8292907449166207,838.1489883656477,-1177.6637085618427,-536.2220954553595,301.9268929102882
4,361.75491145769735,0.8292907449166207,870.3168321010909,-1196.247188097065,-544.6836556314795,325.6331764696114
4,361.75491145769735,0.8292907449166207,880.6214657274448,-1229.2866794427996,-559.7274284448783,320.8940372825665
4,361.75491145769735,0.8292907449166207,850.6987425573215,-1196.7392872923433,-544.9077216867936,305.79102087052786
4,361.75491145769735,0.8292907449166207,840.9843135291275,-1164.6940922529448,-530.3166788378243,310.6676346913032
4,361.75491145769735,0.8292907449166207,844.2812328564652,-1203.9036359143545,-548.1698431249748,296.11138973149036
4,361.75491145769735,0.8292907449166207,881.1316951151558,-1227.7128930147494,-559.010840975881,322.1208541392748
4,361.75491145769735,0.8292907449166207,863.7883390418694,-1202.6242238595491,-547.5872922592304,316.2010467826391
4,361.75491145769735,0.8292907449166207,843.1647753458759,-1237.2451109305016,-563.3511172601555,279.81365808572036
4,361.75491145769735,0.8292907449166207,887.3082936577507,-1160.8707039634476,-528.5757868790856,358.7325067786651
4,361.75491145769735,0.8292907449166207,862.1087901646098,-1218.0854379385364,-554.6272006400727,307.48158952453707
4,361.75491145769735,0.8292907449166207,846.1108940966775,-1188.6159232420125,-541.2089346208879,304.90195947578957
4,361.75491145769735,0.8292907449166207,828.7376843638245,-1232.8128049233692,-561.3329686175806,267.40471574624394
4,361.75491145769735,0.8292907449166207,859.8660128102088,-1239.115327114559,-564.2026772036936,295.66333560651515
4,361.75491145769735,0.8292907449166207,837.7660383503713,-1171.0038230958996,-533.1896697177932,304.5763686325781
4,361.75491145769735,0.8292907449166207,844.925400532932,-1221.3764576274957,-556.1256907955974,288.79970973733464
4,361.75491145769735,0.8292907449166207,830.0632019828496,-1213.9928951671327,-552.7637553758022,277.29944660704734
4,361.75491145769735,0.8292907449166207,865.5986209432536,-1193.7686091053226,-543.5550916695937,322.04352927365994
4,361.75491145769735,0.8292907449166207,827.6441207536366,-1189.2543398451373,-541.4996229440588,286.14449780957773
4,361.75491145769735,0.8292907449166207,855.6988218242707,-1227.9772598469997,-559.1312143352089,296.56760748906174
4,361.75491145769735,0.8292907449166207,812.6943882164202,-1133.1202309566636,-515.9402469729209,296.75414124349925
4,361.75491145769735,0.8292907449166207,853.6709288432168,-1203.1792490988646,-547.8400102420404,305.83091860117634
4,361.75491145769735,0.8292907449166207,910.5430476321301,-1220.4011899047289,-555.6816250592332,354.8614225728969
4,361.75491145769735,0.8292907449166207,853.4917640405934,-1205.6638788021953,-548.9713292563434,304.5204347842499
4,361.75491145769735,0.8292907449166207,854.7620607308687,-1171.7375767016365,-533.5237675533261,321.2382931775426
4,361.75491145769735,0.8292907449166207,838.7995340743828,-1203.5594680822198,-548.0131342149576,290.78639985942516
4,361.75491145769735,0.8292907449166207,841.2260263582527,-1190.900972832846,-542.2493794192696,298.9766469389831
4,361.75491145769735,0.8292907449166207,859.2075594441915,-1108.6262785733888,-504.78748886595434,354.42007057823713
4,361.75491145769735,0.8292907449166207,844.2463626347195,-1123.7192456908913,-511.659724458804,332.5866381759155
4,361.75491145769735,0.8292907449166207,885.5589607435576,-1266.8428253884108,-576.827756093402,308.73120465015563
4,361.75491145769735,0.8292907449166207,832.9355702031293,-1161.9984035849407,-529.089258976158,303.84631122697124
4,361.75491145769735,0.8292907449166207,868.3015630788354,-1175.5099486577353,-535.2414303975065,333.0601326813289
4,361.75491145769735,0.8292907449166207,859.4269206776788,-1168.2292139037174,-531.9263152098085,327.5006054678703
4,361.75491145769735,0.8292907449166207,844.4655366211036,-1150.3172956559295,-523.7705350268704,320.6950015942332
4,361.75491145769735,0.8292907449166207,809.9890621400173,-1158.8562586904652,-527.6585555357017,282.3305066043156
4,361.75491145769735,0.8292907449166207,878.6959688825256,-1177.0171325187991,-535.9276919188054,342.76827696372015
4,361.75491145769735,0.8292907449166207,869.3769955795143,-1153.3031510601666,-525.130075641009,344.24691993850536
4,361.75491145769735,0.8292907449166207,861.8911943626182,-1207.4390764444033,-549.7796246913065,312.1115696713117
4,361.75491145769735,0.8292907449166207,871.645991758168,-1199.2218050338965,-546.0380790678548,325.6079126903131
4,361.75491145769735,0.8292907449166207,856.2372672706861,-1173.5101091300476,-534.3308494444594,321.90641782622663
4,361.75491145769735,0.8292907449166207,845.5607504942079,-1165.75289501659,-530.7987803345997,314.76197015960827
4,361.75491145769735,0.8292907449166207,818.5185472600795,-1206.5575532011962,-549.3782433485441,269.1403039115354
4,361.75491145769735,0.8292907449166207,851.8962162873913,-1232.697923837232,-561.2806601560998,290.61555613129156
4,361.75491145769735,0.8292907449166207,859.3925980042244,-1164.5482263458557,-530.2502621504575,329.1423358537669
4,361.75491145769735,0.8292907449166207,878.5433660580776,-1178.3096891000591,-536.5162278424812,342.02713821559644
4,361.75491145769735,0.8292907449166207,851.2983184082817,-1189.8926101434872,-541.7902446507139,309.5080737575678
4,361.75491145769735,0.8292907449166207,842.8422191964657,-1160.694058746345,-528.495355540514,314.3468636559518
4,361.75491145769735,0.8292907449166207,847.7925274672762,-1158.0341273233194,-527.2842169182971,320.508310548979
4,361.75491145769735,0.8292907449166207,873.5285909174362,-1238.3019955189448,-563.8323453599512,309.696245557485
4,361.75491145769735,0.8292907449166207,843.924366673584,-1190.0012563477585,-541.8397142020758,302.0846524715082
4,361.75491145769735,0.8292907449166207,876.8839848789262,-1201.955603578553,-547.2828513857169,329.6011334932093
4,361.75491145769735,0.8292907449166207,852.9279010775598,-1165.531292198412,-530.6978785859441,322.2300224916157
4,361.75491145769735,0.8292907449166207,842.0578923271927,-1123.5309754453422,-511.5739999307861,330.4838923964066
4,361.75491145769735,0.8292907449166207,869.2832488934886,-1205.0961432784995,-548.7128239377475,320.57042495574103
4,361.75491145769735,0.8292907449166207,852.5073008552298,-1183.6292193476893,-538.9383536458702,313.56894720935964
4,361.75491145769735,0.8292907449166207,852.1509230932569,-1184.67798427731,-539.4158846456902,312.7350384475667
4,361.75491145769735,0.8292907449166207,849.9348464256208,-1251.9622868034828,-570.0522449491733,279.88260147644746
4,361.75491145769735,0.8292907449166207,861.4417606936871,-1191.0809269624567,-542.3313173950808,319.11044329860636
4,361.75491145769735,0.8292907449166207,853.8060326341192,-1196.8199337158621,-544.9444421816988,308.8615904524204
4,361.75491145769735,0.8292907449166207,818.1435687920015,-1154.0398246381603,-525.4655030187795,292.678065773222
4,361.75491145769735,0.8292907449166207,855.2814218953924,-1168.2314031776223,-531.9273120453502,323.3541098500423
4,361.75491145769735,0.8292907449166207,866.9165085708347,-1209.4602466139338,-550.6999180617297,316.216590509105
4,361.75491145769735,0.8292907449166207,872.6435261066127,-1157.4144449132325,-527.0020587792309,345.64146732738186
4,361.75491145769735,0.8292907449166207,846.1807488715863,-1250.604087672393,-569.4338201995407,276.74692867204556
4,361.75491145769735,0.8292907449166207,880.162923510248,-1253.939742807009,-570.9526340790858,309.2102894311622
4,361.75491145769735,0.8292907449166207,868.1952964131466,-1190.9792310531047,-542.2850125007246,325.91028391242196
4,361.75491145769735,0.8292907449166207,864.9083605392544,-1210.3694079138277,-551.1138837582114,313.79447678104304
4,361.75491145769735,0.8292907449166207,852.124007185362,-1205.7550407018293,-549.0128377315491,303.11116945381286
4,361.75491145769735,0.8292907449166207,883.7361418583228,-1204.8445875451157,-548.598283817764,335.13785804055874
4,361.75491145769735,0.8292907449166207,873.2908030673864,-1181.72366102649,-538.0707014726927,335.2201015946937
4,361.75491145769735,0.8292907449166207,842.5026626494988,-1164.6597432242515,-530.3010387972857,312.20162385221306
4,361.75491145769735,0.8292907449166207,881.9591373969077,-1180.6199330497277,-537.5681443129455,344.39099308396226
4,361.75491145769735,0.8292907449166207,886.0522856315845,-1228.3828345382242,-559.3158834467821,326.7364021848024
4,361.75491145769735,0.8292907449166207,871.5449376637705,-1193.8791381693848,-543.6054185378747,327.9395191258958
4,361.75491145769735,0.8292907449166207,849.4227473149137,-1188.207811307702,-541.0231102340063,308.3996370809075
4,361.75491145769735,0.8292907449166207,879.939563069525,-1196.4580034715952,-544.7796455656712,335.15991750385376
4,361.75491145769735,0.8292907449166207,830.5905657079021,-1188.893463851208,-541.3353063566855,289.25525935121664
4,361.75491145769735,0.8292907449166207,871.074517316869,-1198.4669679092367,-545.694381336686,325.380135980183
4,361.75491145769735,0.8292907449166207,875.8642039674338,-1172.777440174921,-533.997245479646,341.86695848778777
4,361.75491145769735,0.8292907449166207,864.6056285828432,-1171.2958280599053,-533.3226274650211,331.2830011178221
4,361.75491145769735,0.8292907449166207,858.6441814475957,-1203.21766061677,-547.8575000436459,310.78668140394973
4,361.75491145769735,0.8292907449166207,852.2230596458946,-1187.5984059404323,-540.7456315101198,311.47742813577486
4,361.75491145769735,0.8292907449166207,893.0732690417749,-1205.2557922577075,-548.7855164301337,344.28775261164117
4,361.75491145769735,0.8292907449166207,840.1644304256429,-1178.969603263814,-536.8167045856605,303.34772583998233
4,361.75491145769735,0.8292907449166207,839.4943474882914,-1178.175612668256,-536.4551792216482,303.0391682666432
4,361.75491145769735,0.8292907449166207,896.8704275341177,-1207.5948474707563,-549.8505514470136,347.0198760871041
4,361.75491145769735,0.8292907449166207,847.0093820871136,-1187.5305613239923,-540.7147400237571,306.2946420633565
4,361.75491145769735,0.8292907449166207,842.7004147472448,-1210.6000094662675,-551.2188828736341,291.4815318736107
4,361.75491145769735,0.8292907449166207,822.7036376416067,-1174.3722655501708,-534.7234125495697,287.980225092037
4,361.75491145769735,0.8292907449166207,873.6198131690169,-1185.7187289063736,-539.8897637860365,333.7300493829804
4,361.75491145769735,0.8292907449166207,854.4063234847116,-1169.5680535912554,-532.5359250818891,321.8703984028225
5,379.60085807100313,0.7903037983752027,884.4787629783381,-1224.4220719450482,-544.2496879864125,340.2290749919256
5,379.60085807100313,0.7903037983752027,918.244370081057,-1257.3816610992171,-558.9000659274284,359.3443041536286
5,379.60085807100313,0.7903037983752027,883.7775409969078,-1225.9702320298086,-544.9378376550519,338.83970334185585
5,379.60085807100313,0.7903037983752027,937.3821242433032,-1277.1627968126838,-567.6926850632212,369.689439180082
5,379.60085807100313,0.7903037983752027,843.9453851514086,-1206.2843579404225,-536.1875618503465,307.7578233010621
5,379.60085807100313,0.7903037983752027,880.2881206800673,-1214.2941559602634,-539.74787832374,340.5402423563273
5,379.60085807100313,0.7903037983752027,876.9534867145268,-1190.7509607061047,-529.2830419206159,347.67044479391086
5,379.60085807100313,0.7903037983752027,870.1693660137387,-1196.5996770451538,-531.8827680408679,338.2865979728708
5,379.60085807100313,0.7903037983752027,860.8996892055518,-1167.2245549651097,-518.825668374876,342.07402083067575
5,379.60085807100313,0.7903037983752027,889.8041985717643,-1238.8883186170913,-550.6798646534231,339.1243339183412
5,379.60085807100313,0.7903037983752027,865.504289379623,-1225.8148355873104,-544.8687646880729,320.63552469155
5,379.60085807100313,0.7903037983752027,864.1688243302016,-1212.6649342174235,-539.0236971402101,325.1451271899915
5,379.60085807100313,0.7903037983752027,896.5807085689167,-1218.980176851872,-541.8307919420027,354.749916626914
5,379.60085807100313,0.7903037983752027,857.8775599613696,-1190.5983313885558,-529.2151989272912,328.66236103407834
5,379.60085807100313,0.7903037983752027,862.9138017538966,-1167.6942196502525,-519.034432055476,343.87936969842053
5,379.60085807100313,0.7903037983752027,867.0434040371177,-1228.9021019623237,-546.24103965749,320.80236437962776
5,379.60085807100313,0.7903037983752027,852.2396182173685,-1175.8005616169712,-522.6376618462372,329.60195637113134
5,379.60085807100313,0.7903037983752027,862.0887231513752,-1224.9614010117518,-544.4894171476234,317.59930600375185
5,379.60085807100313,0.7903037983752027,870.3998486416887,-1209.934571715648,-537.810064215968,332.5897844257206
5,379.60085807100313,0.7903037983752027,875.9457749951523,-1166.8823461655033,-518.6735582188445,357.2722167763078
5,379.60085807100313,0.7903037983752027,845.1183027380057,-1217.1620655466866,-541.0226502617405,304.0956524762652
5,379.60085807100313,0.7903037983752027,868.3522018148025,-1205.3982177663577,-535.7936768295701,332.55852498523234
5,379.60085807100313,0.7903037983752027,842.0291751893836,-1247.7861418149553,-554.634904022734,287.3942711666497
5,379.60085807100313,0.7903037983752027,873.5937890962867,-1191.40478228942,-529.573662451617,344.02012664466974
5,379.60085807100313,0.7903037983752027,861.2829799027619,-1244.6325281835955,-553.2331380188177,308.04984188394417
5,379.60085807100313,0.7903037983752027,878.6492881378639,-1214.9147125887193,-540.0237127432213,338.6255753946426
5,379.60085807100313,0.7903037983752027,896.4512784954057,-1233.998403106875,-548.5063208635048,347.94495763190093
5,379.60085807100313,0.7903037983752027,894.8161975128326,-1202.4905460553716,-534.5012308195459,360.3149666932867
5,379.60085807100313,0.7903037983752027,847.7589697031747,-1202.0379254138634,-534.3000431338928,313.45892656928186
5,379.60085807100313,0.7903037983752027,877.749725037098,-1203.0645259418811,-534.7563621025413,342.99336293455667
5,379.60085807100313,0.7903037983752027,844.4663501340533,-1181.3714585125967,-525.1138985678051,319.3524515662482
5,379.60085807100313,0.7903037983752027,869.4178364350265,-1199.9922250979162,-533.3907392392813,336.0270971957452
5,379.60085807100313,0.7903037983752027,885.1783035068664,-1209.209764077537,-537.4878907269967,347.6904127798697
5,379.60085807100313,0.7903037983752027,873.9905451428364,-1186.6123201311066,-527.4434362052008,346.5471089376356
5,379.60085807100313,0.7903037983752027,895.6077331500267,-1236.9855238703688,-549.8340815930436,345.77365155698305
5,379.60085807100313,0.7903037983752027,851.6193670194466,-1176.334660005481,-522.8750659962936,328.74430102315296
5,379.60085807100313,0.7903037983752027,877.1503519148143,-1219.5452548545868,-542.0819663807132,335.06838553410114
5,379.60085807100313,0.7903037983752027,887.0338764208109,-1185.0101822533334,-526.7312936686781,360.3025827521328
5,379.60085807100313,0.7903037983752027,870.4979819632259,-1201.999004364291,-534.2827429156338,336.21523904759215
5,379.60085807100313,0.7903037983752027,897.0894480499019,-1191.2299499710073,-529.4959503318128,367.5934977180891
5,379.60085807100313,0.7903037983752027,887.0223644615234,-1220.2932523605741,-542.4144476537774,344.60791680774594
5,379.60085807100313,0.7903037983752027,909.5067007202625,-1174.0130847483842,-521.8431370248526,387.66356369540995
5,379.60085807100313,0.7903037983752027,874.6950649173345,-1195.6092215059923,-531.442515344919,343.25254957241555
5,379.60085807100313,0.7903037983752027,921.0973680460903,-1182.71038584095,-525.7090452883597,395.38832275773063
5,379.60085807100313,0.7903037983752027,886.1952813182272,-1204.8713807161992,-535.559500309285,350.6357810089422
5,379.60085807100313,0.7903037983752027,882.7649341358714,-1193.923845214457,-530.6933737361348,352.07156039973654
5,379.60085807100313,0.7903037983752027,853.5995709319836,-1210.5954882460135,-538.103838416612,315.4957325153716
5,379.60085807100313,0.7903037983752027,878.7043266737857,-1230.5553356442174,-546.9758940317745,331.72843264201117
5,379.60085807100313,0.7903037983752027,895.8611254779529,-1269.329364178577,-564.2107621506403,331.65036332731256
5,379.60085807100313,0.7903037983752027,908.2134913130998,-1237.2472188607446,-549.950403750348,358.2630875627518
5,379.60085807100313,0.7903037983752027,879.4088093064937,-1189.3980560747648,-528.6816823564973,350.72712694999643
5,379.60085807100313,0.7903037983752027,873.9627063610158,-1209.6289101507753,-537.6741991289829,336.2885072320329
5,379.60085807100313,0.7903037983752027,898.6051509302607,-1251.9703780627121,-556.4947767941269,342.1103741361338
5,379.60085807100313,0.7903037983752027,864.8587509486305,-1212.5583249781007,-538.9763098490404,325.8824410995901
5,379.60085807100313,0.7903037983752027,894.9529007274539,-1197.1956788037116,-532.1476879394606,362.80521278799324
5,379.60085807100313,0.7903037983752027,833.2221556401411,-1177.934901789095,-523.5863657281346,309.63578991200643
5,379.60085807100313,0.7903037983752027,892.3543351181488,-1205.9734529333368,-536.049366078662,356.30496903948676
5,379.60085807100313,0.7903037983752027,862.3794654061267,-1244.633534254072,-553.2335852122777,309.14588019384894
5,379.60085807100313,0.7903037983752027,853.4535509687191,-1215.7190030775382,-540.3812159748436,313.07233499387553
5,379.60085807100313,0.7903037983752027,904.7778531434905,-1237.0260984642518,-549.85211680375,354.9257363397404
5,379.60085807100313,0.7903037983752027,891.3454973466205,-1191.1432345153864,-529.4574057312648,361.88809161535573
5,379.60085807100313,0.7903037983752027,880.9380359491408,-1202.7512816806166,-534.6171265436902,346.3209094054506
5,379.60085807100313,0.7903037983752027,866.403501656963,-1151.9644058796107,-512.0426059254906,354.3608957314724
5,379.60085807100313,0.7903037983752027,868.6443026372954,-1223.4482521419923,-543.8168297946892,324.8274728426062
5,379.60085807100313,0.7903037983752027,869.0275219757384,-1187.2721090311682,-527.7367091796294,341.290812796109
5,379.60085807100313,0.7903037983752027,885.9496760898965,-1186.828924678115,-527.5397158785478,358.4099602113487
5,379.60085807100313,0.7903037983752027,889.6341826282379,-1203.1161663864038,-534.7793160303272,354.8548665979107
5,379.60085807100313,0.7903037983752027,874.5342048088032,-1172.3194513332344,-521.0903251645645,353.4438796442387
5,379.60085807100313,0.7903037983752027,877.859657717758,-1222.3279442656578,-543.3188583630119,334.540799354746
5,379.60085807100313,0.7903037983752027,876.1302675308443,-1187.698510260308,-527.9262424633179,348.20402506752646
5,379.60085807100313,0.7903037983752027,903.0446286279629,-1189.297381236869,-528.6369328780548,374.40769574990804
5,379.60085807100313,0.7903037983752027,844.3780113198615,-1124.0121937160395,-499.617982834217,344.76002848564445
5,379.60085807100313,0.7903037983752027,824.2260102711239,-1167.6207244876505,-519.0017638112233,305.22424645990054
5,379.60085807100313,0.7903037983752027,888.0223306149435,-1204.295302693567,-535.3034364149325,352.71889420001094
5,379.60085807100313,0.7903037983752027,847.8590502980738,-1161.6521756174384,-516.3487727105448,331.510277587529
5,379.60085807100313,0.7903037983752027,898.660511921293,-1194.888115809284,-531.1219873509935,367.5385245702995
5,379.60085807100313,0.7903037983752027,865.4326249208715,-1242.6367007435736,-552.3460023763009,313.08662254457056
5,379.60085807100313,0.7903037983752027,860.2156581809732,-1175.391290397754,-522.4557427690949,337.7599154118783
5,379.60085807100313,0.7903037983752027,875.0115732646198,-1198.6138779731853,-532.7780706099253,342.23350265469446
5,379.60085807100313,0.7903037983752027,849.4151591508647,-1196.7504296710597,-531.9497768538355,317.46538229702924
5,379.60085807100313,0.7903037983752027,906.7049289142367,-1210.416418769622,-538.0242429005829,368.6806860136538
5,379.60085807100313,0.7903037983752027,878.5626903490295,-1173.5887852667875,-521.6545379577801,356.90815239124936
5,379.60085807100313,0.7903037983752027,876.4129970408636,-1211.7077348788366,-538.5982266645439,337.81477037631976
5,379.60085807100313,0.7903037983752027,897.5552303765379,-1242.8960446985343,-552.4612795097361,345.09395086680183
5,379.60085807100313,0.7903037983752027,875.1867575212417,-1159.2494713867716,-515.2807823028036,359.90597521843813
5,379.60085807100313,0.7903037983752027,875.6301946048417,-1173.3943389599533,-521.5681075150027,354.062087089839
5,379.60085807100313,0.7903037983752027,853.2801635513813,-1224.6539140120622,-544.3527406636923,308.927422887689
5,379.60085807100313,0.7903037983752027,900.8738764797275,-1202.5710215215993,-534.5370017749938,366.33687470473376
5,379.60085807100313,0.7903037983752027,859.6434835520821,-1161.6550431363291,-516.3500473088205,343.29343624326157
5,379.60085807100313,0.7903037983752027,853.2879312733451,-1159.1892464492337,-515.2540126093987,338.03391866394634
5,379.60085807100313,0.7903037983752027,866.1621349221963,-1164.278672125231,-517.5162377029005,348.64589721929576
5,379.60085807100313,0.7903037983752027,892.2715631240026,-1242.2292678947265,-552.1649004458953,340.1066626781072
5,379.60085807100313,0.7903037983752027,889.4238760264953,-1180.154237166577,-524.5728495676599,364.85102645883546
5,379.60085807100313,0.7903037983752027,867.5968373562811,-1203.5786922754442,-534.9849065505928,332.6119308056883
5,379.60085807100313,0.7903037983752027,852.2922506096897,-1167.8497756927034,-519.103575963862,333.18867464582775
5,379.60085807100313,0.7903037983752027,876.509702093406,-1186.329873735119,-527.3178901484845,349.1918119449215
5,379.60085807100313,0.7903037983752027,848.5658966162811,-1145.6372683005575,-509.23022387836164,339.3356727379194
5,379.60085807100313,0.7903037983752027,879.5677225054661,-1194.548164435975,-530.9708806100311,348.596841895435
5,379.60085807100313,0.7903037983752027,880.8471351260687,-1170.474913430979,-520.2704369897403,360.57669813632833
5,379.60085807100313,0.7903037983752027,851.3262983150594,-1158.5915167543726,-514.9883246514779,336.33797366358147
5,379.60085807100313,0.7903037983752027,840.2579169763625,-1161.233371045528,-516.1626161042469,324.09530087211556
5,379.60085807100313,0.7903037983752027,876.379368899411,-1191.029571064916,-529.4068828773637,346.9724860220473
5,379.60085807100313,0.7903037983752027,856.5442578774806,-1223.3247270429467,-543.7619234857011,312.7823343917795
5,379.60085807100313,0.7903037983752027,858.8420328630875,-1152.7662108945751,-512.399004376008,346.4430284870796
5,379.60085807100313,0.7903037983752027,871.6362792034159,-1212.3080214905417,-538.8650511596331,332.7712280437828
5,379.60085807100313,0.7903037983752027,900.0544160735969,-1174.9580617585252,-522.2631747346487,377.7912413389482
5,379.60085807100313,0.7903037983752027,860.9044763548741,-1211.975949312723,-538.7174466829516,322.18702967192246
5,379.60085807100313,0.7903037983752027,829.5328045738562,-1214.4603313807004,-539.8217424942708,289.7110620795854
5,379.60085807100313,0.7903037983752027,868.0336151918432,-1195.6251895959842,-531.4496130836767,336.5840021081665
5,379.60085807100313,0.7903037983752027,873.427921533566,-1184.6765789740236,-526.5830086247903,346.84491290877565
5,379.60085807100313,0.7903037983752027,850.2005274125472,-1183.726567750512,-526.1607332315034,324.0397941810438
5,379.60085807100313,0.7903037983752027,871.7157876418916,-1237.5684955887605,-550.0932097018139,321.6225779400777
5,379.60085807100313,0.7903037983752027,858.6173352706278,-1161.9226481330704,-516.4689964353653,342.1483388352625
5,379.60085807100313,0.7903037983752027,848.2257469464478,-1199.9009455849455,-533.3501659373194,314.8755810091284
5,379.60085807100313,0.7903037983752027,870.6264382818564,-1170.637869865918,-520.3428703367887,350.2835679450677
5,379.60085807100313,0.7903037983752027,884.708178899315,-1156.3559303431455,-513.9946173060654,370.71356159324966
5,379.60085807100313,0.7903037983752027,865.5968555925264,-1229.7653912981846,-546.6247675912227,318.97208800130363
5,379.60085807100313,0.7903037983752027,894.0652400612222,-1183.9350067887574,-526.2533833757049,367.81185668551734
5,379.60085807100313,0.7903037983752027,856.8221171653092,-1198.325533494972,-532.649902884191,324.1722142811183
5,379.60085807100313,0.7903037983752027,860.9744783909168,-1190.3994826579615,-529.1268116284486,331.8476667624682
5,379.60085807100313,0.7903037983752027,912.5485810817531,-1193.6539450404673,-530.5734044144058,381.97517666734734
5,379.60085807100313,0.7903037983752027,890.3772589611958,-1227.6956324875864,-545.7047698121189,344.6724891490769
5,379.60085807100313,0.7903037983752027,891.2998979215674,-1211.826041636791,-538.6508134461599,352.64908447540756
5,379.60085807100313,0.7903037983752027,914.7232155862721,-1212.8487130447904,-539.1053859399669,375.61782964630515
5,379.60085807100313,0.7903037983752027,890.682074670139,-1228.1125639007141,-545.8900938083991,344.79198086173983
5,379.60085807100313,0.7903037983752027,875.1821772925025,-1202.4822923435827,-534.497562084582,340.6846152079205
5,379.60085807100313,0.7903037983752027,858.7486776835285,-1212.5007715579682,-538.9507276321991,319.7979500513294
5,379.60085807100313,0.7903037983752027,840.9388431676365,-1187.9793075709504,-528.0510555095755,312.88778765806103
5,379.60085807100313,0.7903037983752027,866.7852505191076,-1197.8793519856638,-532.4515773616523,334.33367315745534
5,379.60085807100313,0.7903037983752027,909.8841729956621,-1207.6648078528249,-536.8011651586504,373.0830078370117
5,379.60085807100313,0.7903037983752027,902.2080007900909,-1165.9411200742825,-518.2551877743638,383.9528130157271
5,379.60085807100313,0.7903037983752027,870.2886939296221,-1194.8186557129627,-531.0911126741835,339.19758125543865
5,379.60085807100313,0.7903037983752027,876.7257227347892,-1216.5679065602726,-540.7585494664515,335.96717326833766
5,379.60085807100313,0.7903037983752027,841.1790668173147,-1200.6523527073828,-533.684162768402,307.49490404891276
5,379.60085807100313,0.7903037983752027,885.9729651047926,-1238.622615584385,-550.5617609406913,335.41120416410126
5,379.60085807100313,0.7903037983752027,839.0033541898068,-1180.3718282743678,-524.6695677625023,314.3337864273045
5,379.60085807100313,0.7903037983752027,873.9185453510044,-1223.4867065116432,-543.8339225759808,330.0846227750236
5,379.60085807100313,0.7903037983752027,869.810015877115,-1162.6746984982683,-516.8032791847434,353.00673669237165
5,379.60085807100313,0.7903037983752027,890.0535743737302,-1191.6872889597325,-529.6992352999793,360.3543390737509
5,379.60085807100313,0.7903037983752027,880.5263029175853,-1196.593539875128,-531.8800400984792,348.64626281910614
5,379.60085807100313,0.7903037983752027,850.7909559830048,-1169.8311195314768,-519.9842737156864,330.80668226731837
5,379.60085807100313,0.7903037983752027,854.1762097332316,-1178.7318917775347,-523.9406239226537,330.23558581057796
5,379.60085807100313,0.7903037983752027,844.1968271415242,-1221.8305674095607,-543.097776756477,301.09905038504724
5,379.60085807100313,0.7903037983752027,865.0418506047765,-1186.9564898438189,-527.5964179776222,337.44543262715433
5,379.60085807100313,0.7903037983752027,865.0771377204974,-1192.5164564956683,-530.0677962587054,335.009341461792
5,379.60085807100313,0.7903037983752027,890.1544811059065,-1185.7227287998264,-527.0480171617368,363.1064639441697
5,379.60085807100313,0.7903037983752027,838.4060826733523,-1174.6009366616047,-522.1044343566168,316.3016483167355
5,379.60085807100313,0.7903037983752027,865.4012727492391,-1172.1305989023822,-521.0063811726016,344.3948915766375
5,379.60085807100313,0.7903037983752027,884.683695824422,-1220.3394534110087,-542.4349837972036,342.2487120272184
5,379.60085807100313,0.7903037983752027,856.9009931898245,-1195.0713177652035,-531.2034197341825,325.697573455642
5,379.60085807100313,0.7903037983752027,863.6914981001586,-1223.4108296419727,-543.8001956744573,319.89130242570127
5,379.60085807100313,0.7903037983752027,878.612350267602,-1162.82892933436,-516.8718340453132,361.74051622228876
5,379.60085807100313,0.7903037983752027,853.5378805501059,-1187.0588496950295,-527.6419164363319,325.89596411377397
5,379.60085807100313,0.7903037983752027,889.1252895002025,-1224.6830450412308,-544.36568926524,344.7596002349625
5,379.60085807100313,0.7903037983752027,854.2781256052863,-1230.58012681713,-546.9869135882097,307.29121201707653
5,379.60085807100313,0.7903037983752027,892.391782121378,-1221.0485669208292,-542.7501813220682,349.6416007993098
5,379.60085807100313,0.7903037983752027,865.3743999228541,-1199.0103722866695,-532.9543104142759,332.42008950857814
5,379.60085807100313,0.7903037983752027,859.6488079011192,-1195.1099143938627,-531.2205757489149,328.42823215220426
5,379.60085807100313,0.7903037983752027,881.3414648529946,-1211.3194636413252,-538.425641977685,342.9158228753096
5,379.60085807100313,0.7903037983752027,869.4050694825484,-1207.6341085404076,-536.7875194627851,332.61755001976326
5,379.60085807100313,0.7903037983752027,864.9632755467579,-1155.2382674798368,-513.4978215698831,351.46545397687487
5,379.60085807100313,0.7903037983752027,873.389206872619,-1206.3330186083233,-536.2091912818382,337.1800155907807
5,379.60085807100313,0.7903037983752027,871.6369832222433,-1229.9536860607614,-546.708463702335,324.92851951990826
5,379.60085807100313,0.7903037983752027,870.2508540230789,-1208.48885157577,-537.167448607288,333.08340541579093
5,379.60085807100313,0.7903037983752027,903.8772797033245,-1214.933059992407,-540.031868075407,363.84541162791743
5,379.60085807100313,0.7903037983752027,879.0643403464325,-1222.0652381613424,-543.2020867704526,335.8622535759798
5,379.60085807100313,0.7903037983752027,875.3911828789815,-1148.7570740464641,-510.6169624407355,364.77422043824595
5,379.60085807100313,0.7903037983752027,884.0636463931684,-1218.9071741043092,-541.7983425738529,342.2653038193155
5,379.60085807100313,0.7903037983752027,871.0365160543141,-1231.2932059023408,-547.3038737921524,323.7326422621617
5,379.60085807100313,0.7903037983752027,894.2420090122042,-1202.8492871588805,-534.660689504689,359.5813195075152
5,379.60085807100313,0.7903037983752027,884.1689985195574,-1213.4346735863237,-539.3658425661654,344.803155953392
5,379.60085807100313,0.7903037983752027,886.32254433261,-1208.4738338195116,-537.1607732872777,349.16177104533233
5,379.60085807100313,0.7903037983752027,896.5338001487873,-1172.4525300849782,-521.1494780259624,375.384322122825
5,379.60085807100313,0.7903037983752027,897.245776424699,-1189.7855450439954,-528.8539193288894,368.39185709580954
5,379.60085807100313,0.7903037983752027,853.3780409175374,-1188.8955211943053,-528.4583080330846,324.91973288445286
5,379.60085807100313,0.7903037983752027,870.1329797165233,-1178.0001970535445,-523.6153891573246,346.51759055919877
5,379.60085807100313,0.7903037983752027,850.3323052378453,-1156.6858205121796,-514.1412518903974,336.1910533474479
5,379.60085807100313,0.7903037983752027,841.7336148826843,-1174.6557961627016,-522.1288191394782,319.60479574320607
5,379.60085807100313,0.7903037983752027,896.0180814395789,-1226.6053281850134,-545.2201348238399,350.79794661573897
5,379.60085807100313,0.7903037983752027,887.1814664931663,-1172.0934290243622,-520.9898593416264,366.19160715154
5,379.60085807100313,0.7903037983752027,860.8938098781298,-1175.7159806171333,-522.6000660009595,338.2937438771703
5,379.60085807100313,0.7903037983752027,892.3982891169013,-1148.157626829004,-510.3505110523276,382.0477780645737
5,379.60085807100313,0.7903037983752027,862.0769375057514,-1155.8430765939363,-513.7666562954096,348.3102812103418
5,379.60085807100313,0.7903037983752027,878.9486106655884,-1213.9546777984876,-539.596981923015,339.3516287425733
5,379.60085807100313,0.7903037983752027,848.119941978974,-1193.449878509999,-530.4826978287597,317.6372441502143
5,379.60085807100313,0.7903037983752027,882.5296793808528,-1209.2910698134579,-537.5240307333069,345.00564864754597
5,379.60085807100313,0.7903037983752027,866.7724536571149,-1158.2613897621557,-514.8415848003867,351.9308688567281
5,379.60085807100313,0.7903037983752027,900.0003384778194,-1231.3878774880923,-547.3459548540567,352.65438362376267
5,379.60085807100313,0.7903037983752027,893.8084593269381,-1273.5699099913372,-566.0956642512866,327.71279507565146
5,379.60085807100313,0.7903037983752027,841.1163889610976,-1182.1689461370133,-525.4683779591087,315.64801100198895
5,379.60085807100313,0.7903037983752027,872.166519006748,-1179.1960881497048,-524.1469569645898,348.0195620421582
5,379.60085807100313,0.7903037983752027,891.7873452778067,-1200.9143937440278,-533.8006387415991,357.98670653620763
5,379.60085807100313,0.7903037983752027,887.375323575129,-1201.030046528093,-533.8520458446596,353.5232777304693
5,379.60085807100313,0.7903037983752027,893.105124642827,-1198.1995252656816,-532.5938928358208,360.5112318070062
5,379.60085807100313,0.7903037983752027,881.6204194584532,-1240.9469214153867,-551.5949036390243,330.02551581942885
5,379.60085807100313,0.7903037983752027,874.283025850565,-1157.1898646975874,-514.3652970925585,359.91772875800643
5,379.60085807100313,0.7903037983752027,896.4296514192953,-1194.869453351359,-531.1136919787232,365.3159594405721
5,379.60085807100313,0.7903037983752027,887.3196922583635,-1231.4703155769698,-547.3825981857785,339.93709407258496
5,379.60085807100313,0.7903037983752027,860.7915539716987,-1169.8431183710522,-519.9896071418348,340.80194682986394
5,379.60085807100313,0.7903037983752027,884.7910299692948,-1219.5484895605912,-542.0834041918846,342.70762577741016
5,379.60085807100313,0.7903037983752027,892.5034090371876,-1178.1980140425812,-523.7033178520356,368.8000911851519
5,379.60085807100313,0.7903037983752027,876.7568568890566,-1158.673481133001,-515.0247574212854,361.73209946777126
5,379.60085807100313,0.7903037983752027,879.5748014771518,-1194.1675303995687,-530.8016906221195,348.7731108550323
5,379.60085807100313,0.7903037983752027,870.9417342764309,-1145.9285305072365,-509.35968852028486,361.58204575614604
5,379.60085807100313,0.7903037983752027,904.408957297034,-1227.0401284408526,-545.413401434267,358.995555862767
5,379.60085807100313,0.7903037983752027,891.056924801535,-1238.0750902806153,-550.318388591753,340.73853620978207
5,379.60085807100313,0.7903037983752027,868.0633076263994,-1211.4205877219972,-538.4705911423682,329.59271648403114
5,379.60085807100313,0.7903037983752027,877.1513468363241,-1203.247155300109,-534.8375399688261,342.313806867498
5,379.60085807100313,0.7903037983752027,871.4976947554247,-1240.3177813688233,-551.3152539317155,320.18244082370927
5,379.60085807100313,0.7903037983752027,827.2443406754929,-1146.5615424834282,-509.6410592815835,317.6032813939094
5,379.60085807100313,0.7903037983752027,884.7046911540668,-1180.914527767113,-524.9107950617846,359.79389609228224
5,379.60085807100313,0.7903037983752027,873.8934309317974,-1189.316451902588,-528.645409696715,345.24802123508243
5,379.60085807100313,0.7903037983752027,876.3109867488682,-1217.6829558936522,-541.2541835012229,335.05680324764535
5,379.60085807100313,0.7903037983752027,850.3401549389446,-1205.5547294917485,-535.8632455343999,314.4769094045447
5,379.60085807100313,0.7903037983752027,905.585429179099,-1215.1455344960395,-540.1263119644522,365.4591172146469
5,379.60085807100313,0.7903037983752027,897.195018350077,-1167.5913495266745,-518.9887067831673,378.2063115669097
5,379.60085807100313,0.7903037983752027,868.0396146815086,-1245.1188874045008,-553.4493223398064,314.59029234170225
5,379.60085807100313,0.7903037983752027,874.6053613804885,-1172.4628948397842,-521.1540851093355,353.451276271153
5,379.60085807100313,0.7903037983752027,850.033691610876,-1221.5032063065908,-542.9522663297764,307.08142528109954
5,379.60085807100313,0.7903037983752027,849.5200976620342,-1159.8825086283434,-515.5621642944413,333.9579333675929
5,379.60085807100313,0.7903037983752027,848.2807810771371,-1202.997452439206,-534.7265482550621,313.55423282207505
5,379.60085807100313,0.7903037983752027,913.4770136206272,-1193.0602202961002,-530.309496637606,383.1675169830212
5,379.60085807100313,0.7903037983752027,865.9201848203462,-1173.3301231039604,-521.5395638776503,344.38062094269594
5,379.60085807100313,0.7903037983752027,916.0038871291854,-1273.1975785230918,-565.9301647147598,350.07372241442556
5,379.60085807100313,0.7903037983752027,859.9272007077993,-1215.2144380778464,-540.1569392732525,319.7702614345468
5,379.60085807100313,0.7903037983752027,862.137221598756,-1199.9631206797903,-533.3778024662134,328.7594191325426
5,379.60085807100313,0.7903037983752027,884.1961440811119,-1211.6020000285826,-538.5512280350854,345.64491604602654
5,379.60085807100313,0.7903037983752027,858.8603479389474,-1171.676442465458,-520.8045108333154,338.055837105632
5,379.60085807100313,0.7903037983752027,867.3219771067363,-1164.7539560296013,-517.727499099265,349.59447800747137
5,379.60085807100313,0.7903037983752027,867.0532714748052,-1208.009322129709,-536.9543000881794,330.09897138662586
5,379.60085807100313,0.7903037983752027,919.9726656977552,-1195.6654681184782,-531.4675166920829,388.50514900567237
5,379.60085807100313,0.7903037983752027,844.002992127928,-1192.0387398626272,-529.8554535262148,314.1475386017132
5,379.60085807100313,0.7903037983752027,881.2531828737814,-1224.3278591397261,-544.2078108501898,337.04537202359154
5,379.60085807100313,0.7903037983752027,889.3985925883253,-1200.318735894444,-533.5358717088816,355.8627208794437
5,379.60085807100313,0.7903037983752027,884.4074155764622,-1191.4345914212413,-529.5869124665136,354.8205031099486
5,379.60085807100313,0.7903037983752027,890.4005905405534,-1197.3486432120937,-532.2156798790397,358.18491066151364
5,379.60085807100313,0.7903037983752027,869.3193640276927,-1205.7330944039425,-535.9425278750515,333.3768361526412
5,379.60085807100313,0.7903037983752027,874.6070520957396,-1216.7780451004762,-540.8519550310523,333.75509706468733
5,379.60085807100313,0.7903037983752027,855.4836355788509,-1133.1795755293597,-503.69283970414097,351.79079587470994
5,379.60085807100313,0.7903037983752027,887.7096384272193,-1170.910978561897,-520.4642658310213,367.24537259619797
5,379.60085807100313,0.7903037983752027,870.6270770485544,-1221.4312667056774,-542.9202895251696,327.70678752338483
5,379.60085807100313,0.7903037983752027,873.7415623914114,-1208.9829327325115,-537.387065291402,336.35449710000944
5,379.60085807100313,0.7903037983752027,873.4339033270372,-1220.6007005262102,-542.5511068761595,330.8827964508778
5,379.60085807100313,0.7903037983752027,911.9110109650384,-1209.180593231031,-537.4749244268352,374.4360865382032
5,379.60085807100313,0.7903037983752027,847.64300429362,-1170.2408407769642,-520.1663928273288,327.4766114662913
5,379.60085807100313,0.7903037983752027,867.028517607768,-1192.9549097796942,-530.2626866224904,336.7658309852776
5,379.60085807100313,0.7903037983752027,855.504986343228,-1201.5258196288535,-534.0724145897055,321.43257175352244
5,379.60085807100313,0.7903037983752027,900.3180345908902,-1228.1773840375492,-545.9189060456628,354.3991285452274
5,379.60085807100313,0.7903037983752027,901.1750883236276,-1212.7388489916937,-539.0565518998194,362.1185364238082
5,379.60085807100313,0.7903037983752027,831.6201757798527,-1129.9557751030998,-502.25987600941176,329.360299770441
5,379.60085807100313,0.7903037983752027,844.4327531551115,-1187.0854818738367,-527.6537543109818,316.7789988441298
5,379.60085807100313,0.7903037983752027,838.7275532356143,-1135.0447321225636,-504.5218927873515,334.20566044826285
5,379.60085807100313,0.7903037983752027,907.7098416124801,-1279.0501437635996,-568.5316016530916,339.1782399593885
5,379.60085807100313,0.7903037983752027,867.5879302744377,-1129.1314254181932,-501.8934565621623,365.69447371227534
5,379.60085807100313,0.7903037983752027,864.3254914088675,-1149.817019712092,-511.08810316174856,353.23738824711893
5,379.60085807100313,0.7903037983752027,896.0107520180546,-1198.2756256883151,-532.6277191055549,363.38303291249974
5,379.60085807100313,0.7903037983752027,868.7608407863828,-1160.673479003083,-515.9137467997899,352.8470939865929
5,379.60085807100313,0.7903037983752027,898.2269762459102,-1209.671436098853,-537.6931017071893,360.53387453872097
5,379.60085807100313,0.7903037983752027,842.1719990381022,-1159.9080620112657,-515.573522649539,326.5984763885632
5,379.60085807100313,0.7903037983752027,856.4682348910591,-1158.4095709975156,-514.9074506426955,341.5607842483636
5,379.60085807100313,0.7903037983752027,870.7138302443826,-1162.6226610649499,-516.7801487973582,353.93368144702447
5,379.60085807100313,0.7903037983752027,890.646769391758,-1161.9270932373613,-516.47097226272,374.17579712903796
5,379.60085807100313,0.7903037983752027,863.4577571450244,-1160.5250535154537,-515.847772388529,347.60998475649535
5,379.60085807100313,0.7903037983752027,890.8612505530217,-1207.145794695926,-536.570466321072,354.2907842319497
5,379.60085807100313,0.7903037983752027,878.6642619775945,-1232.563111500538,-547.8683406875369,330.79592129005755
5,379.60085807100313,0.7903037983752027,894.3412849602499,-1190.3152355668713,-529.0893642039941,365.2519207562558
5,379.60085807100313,0.7903037983752027,889.8921474875026,-1222.933507455316,-543.5880282714766,346.30411921602604
5,379.60085807100313,0.7903037983752027,875.3426260880781,-1183.8274657637724,-526.2055819103157,349.1370441777624
5,379.60085807100313,0.7903037983752027,872.475343440131,-1154.71597712868,-513.26566603531,359.20967740482104
5,379.60085807100313,0.7903037983752027,857.9444659219436,-1204.176357992309,-535.2505660706039,322.69389985133967
5,379.60085807100313,0.7903037983752027,883.6526637511281,-1190.2714759279127,-529.069913256159,354.5827504949691
5,379.60085807100313,0.7903037983752027,857.1676712129783,-1212.400649103067,-538.9062236853258,318.26144752765254
5,379.60085807100313,0.7903037983752027,877.2869028326493,-1188.8239488373358,-528.4264944666343,348.860408366015
5,379.60085807100313,0.7903037983752027,869.7968951184756,-1163.6556341187006,-517.2393003228685,352.5575947956071
5,379.60085807100313,0.7903037983752027,861.3328903591993,-1164.5129423405265,-517.6203696803457,343.7125206788536
5,379.60085807100313,0.7903037983752027,867.9195556565733,-1177.829841736136,-523.5396670428096,344.3798886137637
5,379.60085807100313,0.7903037983752027,857.5913752084379,-1166.174690704125,-518.3590087894592,339.2323664189787
5,379.60085807100313,0.7903037983752027,910.3260037689545,-1183.7913054890612,-526.1895088431276,384.1364949258269
5,379.60085807100313,0.7903037983752027,867.8638016632527,-1134.4418938367664,-504.25393408547166,363.6098675777811
5,379.60085807100313,0.7903037983752027,887.9669040691192,-1195.4974189340878,-531.3928196425388,356.5740844265804
5,379.60085807100313,0.7903037983752027,903.7016671662492,-1181.0986595784375,-524.992640761203,378.7090264050462
5,379.60085807100313,0.7903037983752027,869.0078557124415,-1171.7755105990286,-520.8485461394574,348.15930957298406
5,379.60085807100313,0.7903037983752027,878.6675920271707,-1164.1146580641882,-517.4433342461651,361.2242577810056
5,379.60085807100313,0.7903037983752027,911.2057912990902,-1239.147028588664,-550.7948599843091,360.410931314781
5,379.60085807100313,0.7903037983752027,828.6706108534381,-1144.5755851252752,-508.7583108427122,319.9123000107259
5,379.60085807100313,0.7903037983752027,899.3457449909588,-1191.276061835174,-529.5164468323743,369.8292981585845
5,379.60085807100313,0.7903037983752027,887.973397026126,-1226.9498723709803,-545.3732830478116,342.6001139783144
5,379.60085807100313,0.7903037983752027,908.9686082605822,-1185.5352818507372,-526.9646978996185,382.0039103609637
5,379.60085807100313,0.7903037983752027,863.9646255391046,-1169.0486065057603,-519.6364504610673,344.32817507803736
5,379.60085807100313,0.7903037983752027,893.7511381921543,-1147.3314169314413,-509.9832647495511,383.76787344260316
5,379.60085807100313,0.7903037983752027,877.746806909408,-1198.8153712325716,-532.8676333890234,344.8791735203846
5,379.60085807100313,0.7903037983752027,889.9897105976562,-1156.8128797505285,-514.1977291072097,375.79198149044646
5,379.60085807100313,0.7903037983752027,874.7029591731676,-1226.2036117690043,-545.0415738201783,329.6613853529893
5,379.60085807100313,0.7903037983752027,882.9005746442695,-1191.5069042634493,-529.6190551750705,353.281519469199
5,379.60085807100313,0.7903037983752027,925.9639592698153,-1216.709374751355,-540.8214313930524,385.14252787676287
5,379.60085807100313,0.7903037983752027,874.6083204733028,-1216.869947769765,-540.8928053229832,333.71551515031956
5,379.60085807100313,0.7903037983752027,857.760125877955,-1138.7853966869366,-506.18460009120446,351.5755257867506
5,379.60085807100313,0.7903037983752027,867.8285468081286,-1232.25999381039,-547.7336063405612,320.0949404675674
5,379.60085807100313,0.7903037983752027,891.028867372658,-1187.7919616534157,-527.9677811554944,363.0610862171636
5,379.60085807100313,0.7903037983752027,856.0642382407286,-1170.725732767934,-520.3819249717087,335.6823132690199
5,379.60085807100313,0.7903037983752027,902.0840691931975,-1204.9696008797168,-535.6031586968404,366.48091049635707
5,379.60085807100313,0.7903037983752027,882.6166539231962,-1185.036560471003,-526.7430186588308,355.87363526436536
5,379.60085807100313,0.7903037983752027,867.0212519317099,-1181.5197192114304,-525.1797997312435,341.8414522004664
5,379.60085807100313,0.7903037983752027,876.850700123068,-1181.388775642133,-525.1215959481144,351.7291041749536
5,379.60085807100313,0.7903037983752027,895.12801405309,-1170.2185577286439,-520.156488120142,374.9715259329481
5,379.60085807100313,0.7903037983752027,885.4664295913296,-1201.3309243928609,-533.9857846000889,351.48064499124075
5,379.60085807100313,0.7903037983752027,884.2472924000472,-1167.9997450959816,-519.1702366381603,365.07705576188687
5,379.60085807100313,0.7903037983752027,877.4548306390359,-1199.0846763146692,-532.9873381952851,344.46749244375076
5,379.60085807100313,0.7903037983752027,870.5192632696296,-1175.7011086030084,-522.5934554626225,347.9258078070071
5,379.60085807100313,0.7903037983752027,831.1166493402812,-1171.8261850323547,-520.8710706799394,310.24557866034183
5,379.60085807100313,0.7903037983752027,874.9374503174,-1196.3122815474992,-531.7550221324012,343.1824281849988
5,379.60085807100313,0.7903037983752027,860.1457794389282,-1164.1218424039737,-517.4465276504465,342.6992517884818
5,379.60085807100313,0.7903037983752027,855.4391308571929,-1172.6649729058915,-521.243907832192,334.1952230250009
5,379.60085807100313,0.7903037983752027,873.1932933235215,-1161.0696821603865,-516.0898571866267,357.10343613689486
5,379.60085807100313,0.7903037983752027,867.6440382480343,-1205.4333552067721,-535.8092952518613,331.8347429961731
5,379.60085807100313,0.7903037983752027,863.961122172473,-1193.1252862876825,-530.3384181561155,333.6227040163575
5,379.60085807100313,0.7903037983752027,890.410982861525,-1216.9996617371446,-540.9504625540078,349.4605203075172
5,379.60085807100313,0.7903037983752027,862.1629972412018,-1191.0387327289313,-529.4109551927002,332.7520420485016
5,379.60085807100313,0.7903037983752027,842.4879008788412,-1219.1254767783148,-541.8953770564358,300.5925238224054
5,379.60085807100313,0.7903037983752027,875.6724876609716,-1198.7659716465873,-532.8456755120178,342.82681214895376
5,379.60085807100313,0.7903037983752027,883.8367602958753,-1174.8144324713742,-522.1993322112993,361.63742808457596
5,379.60085807100313,0.7903037983752027,868.2659084605561,-1165.1345404479832,-517.8966670322048,350.3692414283513
5,379.60085807100313,0.7903037983752027,885.0942786632426,-1171.9053212813583,-520.9062463598095,364.18803230343303
5,379.60085807100313,0.7903037983752027,875.7943233507815,-1124.2357111053304,-499.71733523251856,376.07698811826293
5,379.60085807100313,0.7903037983752027,882.4566540424985,-1139.7501007686271,-506.613406388877,375.84324765362146
5,379.60085807100313,0.7903037983752027,902.4711809143541,-1161.6181158793033,-516.3336333217037,386.13754759265044
5,379.60085807100313,0.7903037983752027,863.0193073046697,-1115.638434947978,-495.8958875688554,367.1234197358143
5,379.60085807100313,0.7903037983752027,866.3008971759909,-1139.6246820543117,-506.5576583770616,359.7432387989293
5,379.60085807100313,0.7903037983752027,898.1435204609091,-1153.023876901997,-512.5135356698789,385.6299847910302
5,379.60085807100313,0.7903037983752027,858.7804481377729,-1206.1611632027962,-536.1328023854111,322.64764575236177
5,379.60085807100313,0.7903037983752027,912.833281695373,-1237.2596860043102,-549.9559453353546,362.8773363600184
5,379.60085807100313,0.7903037983752027,887.7437052142975,-1191.9937999050671,-529.835477932471,357.9082272818265
5,379.60085807100313,0.7903037983752027,885.0018934497308,-1189.2644388724136,-528.6222901564092,356.37960329332157
5,379.60085807100313,0.7903037983752027,861.3972553846854,-1189.5106958039116,-528.7317501712221,332.66550521346335
5,379.60085807100313,0.7903037983752027,877.8552776787964,-1202.9296751628249,-534.6964215835751,343.15885609522127
5,379.60085807100313,0.7903037983752027,861.3856409940868,-1166.3396329254413,-518.4323248089463,342.95331618514047
5,379.60085807100313,0.7903037983752027,841.478625252283,-1189.492017255589,-528.7234476468478,312.75517760543516
5,379.60085807100313,0.7903037983752027,843.5707464807427,-1128.5405877952455,-501.6308320968674,341.93991438387536
5,379.60085807100313,0.7903037983752027,833.9952922559842,-1142.6787441474798,-507.91517420382013,326.08011805216404
5,379.60085807100313,0.7903037983752027,878.7563265330349,-1235.2804629451625,-549.0761902598148,329.6801362732201
5,379.60085807100313,0.7903037983752027,865.157058495439,-1160.7451465868396,-515.9456026940866,349.2114558013524
5,379.60085807100313,0.7903037983752027,862.1178538542666,-1171.9439430682478,-520.9234135572538,341.1944402970129
5,379.60085807100313,0.7903037983752027,859.0949665577912,-1130.8360006021246,-502.65113198574426,356.4438345720469
5,379.60085807100313,0.7903037983752027,850.4265633044905,-1154.8706119701367,-513.3344004743103,337.0921628301802
5,379.60085807100313,0.7903037983752027,888.3732116111089,-1174.3692840999952,-522.0014659135726,366.3717456975363
5,379.60085807100313,0.7903037983752027,895.9245380377154,-1166.5947778442116,-518.5457354911072,377.3788025466082
5,379.60085807100313,0.7903037983752027,854.6543981300688,-1245.845512506944,-553.7723036828817,300.8820944471871
5,379.60085807100313,0.7903037983752027,866.9269906012337,-1148.9651538612777,-510.70945291185933,356.21753768937435
5,379.60085807100313,0.7903037983752027,854.9674389645513,-1145.2396839936982,-509.05349957722854,345.9139393873228
5,379.60085807100313,0.7903037983752027,872.3865070616155,-1154.6979593099152,-513.2576572020281,359.1288498595874
5,379.60085807100313,0.7903037983752027,894.5134834116027,-1173.9594929072632,-521.8193157107183,372.69416770088435
5,379.60085807100313,0.7903037983752027,835.0027944737037,-1158.9356354097843,-515.1412837291762,319.86151074452755
5,379.60085807100313,0.7903037983752027,897.5393516969436,-1188.4106266963436,-528.2427747743588,369.2965769225848
5,379.60085807100313,0.7903037983752027,834.0924787485907,-1173.436307040592,-521.5867621238311,312.50571662475954
5,379.60085807100313,0.7903037983752027,847.7417906513117,-1165.61197571806,-518.1088847002187,329.632905951093
5,379.60085807100313,0.7903037983752027,933.8674362415829,-1229.7626870650547,-546.6235655726779,387.24387066890506
5,379.60085807100313,0.7903037983752027,903.5060582201528,-1213.4081732314942,-539.354063286636,364.1519949335168
5,379.60085807100313,0.7903037983752027,850.9529264994295,-1173.9551059257979,-521.8173657186785,329.135560780751
5,379.60085807100313,0.7903037983752027,891.6437067940976,-1198.5158340023231,-532.734490539153,358.9092162549447
5,379.60085807100313,0.7903037983752027,887.6921073472699,-1151.7699171630281,-511.95615663178535,375.7359507154846
5,379.60085807100313,0.7903037983752027,848.9445308725215,-1217.5178297871842,-541.1807857456754,307.76374512684606
5,379.60085807100313,0.7903037983752027,861.3192536575373,-1161.8711691154615,-516.4461142610617,344.8731393964756
5,379.60085807100313,0.7903037983752027,855.7227660290853,-1199.1223325245826,-533.0040761984343,322.718689830651
5,379.60085807100313,0.7903037983752027,863.5412762902067,-1166.5005679307976,-518.5038596403236,345.0374166498831
5,379.60085807100313,0.7903037983752027,885.7168189839463,-1196.9186752348953,-532.024561193093,353.6922577908533
5,379.60085807100313,0.7903037983752027,862.7196528617266,-1145.1056945617586,-508.993941922889,353.72571093883755
5,379.60085807100313,0.7903037983752027,880.5698258185964,-1177.530349102541,-523.406544015936,357.16328180266044
5,379.60085807100313,0.7903037983752027,865.1456572221556,-1148.5935492163042,-510.54427644476095,354.60138077739464
5,379.60085807100313,0.7903037983752027,873.7411019199033,-1114.7666624494714,-495.50838891036284,378.2327130095404
5,379.60085807100313,0.7903037983752027,874.3386560775297,-1191.2849509973955,-529.5203980219815,344.8182580555482
5,379.60085807100313,0.7903037983752027,892.8644867030745,-1166.4465129286755,-518.4798324533649,374.38465424970957
5,379.60085807100313,0.7903037983752027,875.5649321541289,-1174.1681904936156,-521.9120807783028,353.6528513758261
5,379.60085807100313,0.7903037983752027,859.9711177172219,-1149.444904481606,-510.92269974185984,349.04841797536204
5,379.60085807100313,0.7903037983752027,881.1993957389099,-1181.1805990693397,-525.0290624685367,356.17033327037313
5,379.60085807100313,0.7903037983752027,867.0614319754472,-1182.058642681129,-525.4193486065477,341.64208336889953
5,379.60085807100313,0.7903037983752027,905.9914620121682,-1213.9601339456697,-539.599407154044,366.3920548581242
5,379.60085807100313,0.7903037983752027,920.5675548062821,-1211.5888068596244,-538.5453637353038,382.02219107097835
5,379.60085807100313,0.7903037983752027,854.2416772333818,-1160.805068208792,-515.9722375651808,338.269439668201
5,379.60085807100313,0.7903037983752027,902.1405456731705,-1221.0198082211787,-542.7373982191903,359.4031474539803
5,379.60085807100313,0.7903037983752027,851.9506316394928,-1198.1734216721597,-532.5822899147734,319.36834172471947
5,379.60085807100313,0.7903037983752027,898.6861184759522,-1199.1226398006681,-533.0042127811679,365.6819056947843
5,379.60085807100313,0.7903037983752027,881.8088017799818,-1191.179447143604,-529.4735020693332,352.33529971064854
5,379.60085807100313,0.7903037983752027,879.6529165484965,-1217.4386471392181,-541.145589441691,338.5073271068055
5,379.60085807100313,0.7903037983752027,874.2938345419258,-1225.474465927128,-544.7174720206187,329.57636252130703
5,379.60085807100313,0.7903037983752027,882.8612747269347,-1166.6814416585771,-518.584257137367,364.27701758956766
5,379.60085807100313,0.7903037983752027,899.8598395832755,-1179.0260353712465,-524.0713693271747,375.7884702561008
5,379.60085807100313,0.7903037983752027,887.80985204634,-1152.3873095528231,-512.2305845624884,375.5792674838516
5,379.60085807100313,0.7903037983752027,850.3516899204814,-1113.477707945927,-494.93545486869834,355.416235051783
5,379.60085807100313,0.7903037983752027,909.4343842489741,-1194.3939966660753,-530.9023537820785,378.53203046689555
5,379.60085807100313,0.7903037983752027,876.9773803012125,-1180.065572215859,-524.5334384259717,352.44394187524085
5,379.60085807100313,0.7903037983752027,848.7791970900187,-1143.0136684303998,-508.0640464274225,340.71515066259616
5,379.60085807100313,0.7903037983752027,865.7696263896229,-1154.8756165095087,-513.3366249678523,352.43300142177054
5,379.60085807100313,0.7903037983752027,879.7502392847197,-1163.3981575812634,-517.1248532474892,362.62538603723044
5,379.60085807100313,0.7903037983752027,852.6033557654083,-1173.7850548003314,-521.7417788160103,330.861576949398
5,379.60085807100313,0.7903037983752027,867.8074031898054,-1198.3352187548298,-532.6542079353464,335.153195254459
5,379.60085807100313,0.7903037983752027,869.7181067590923,-1213.8658427455912,-539.5574951717314,330.1606115873609
5,379.60085807100313,0.7903037983752027,859.215775367401,-1144.98379494296,-508.9397581320076,350.27601723539334
5,379.60085807100313,0.7903037983752027,845.3111159973158,-1186.923772577807,-527.5818753111457,317.7292406861701
5,379.60085807100313,0.7903037983752027,860.0374757864877,-1141.7624542946821,-507.5078877966925,352.5295879897952
5,379.60085807100313,0.7903037983752027,886.7940440004586,-1157.9836643560602,-514.7181372008403,372.07590679961834
6,398.52805599748535,0.7527700885427573,897.9246101016622,-1216.1341993458086,-527.5731478405623,370.35146226109987
6,398.52805599748535,0.7527700885427573,911.2030642134116,-1202.7349209748181,-521.7603851760651,389.44267903734647
6,398.52805599748535,0.7527700885427573,863.3297903666053,-1214.2038229913237,-526.7357281459263,336.594062220679
6,398.52805599748535,0.7527700885427573,871.216288206577,-1205.7588211304892,-523.0721882030182,348.14410000355883
6,398.52805599748535,0.7527700885427573,913.4020717238069,-1178.4524152141748,-511.2263520007047,402.1757197231022
6,398.52805599748535,0.7527700885427573,855.6991246592356,-1168.6812062675656,-506.9874880127143,348.7116366465213
6,398.52805599748535,0.7527700885427573,896.8210096384258,-1216.9764201849555,-527.9385130276647,368.8824966107611
6,398.52805599748535,0.7527700885427573,876.5804087729753,-1197.4985127235968,-519.4887704266722,357.09163834630306
6,398.52805599748535,0.7527700885427573,895.4408186589233,-1177.4817886900328,-510.805282935305,384.63553572361826
6,398.52805599748535,0.7527700885427573,870.2516510176122,-1157.901306392866,-502.3110421785616,367.9406088390506
6,398.52805599748535,0.7527700885427573,898.4696530061809,-1203.5134137358614,-522.0981043823301,376.3715486238508
6,398.52805599748535,0.7527700885427573,871.8125611988571,-1188.4112408634455,-515.5466062945214,356.2659549043357
6,398.52805599748535,0.7527700885427573,892.6239869750891,-1204.025221953431,-522.3201327346115,370.30385424047756
6,398.52805599748535,0.7527700885427573,908.9738129267254,-1220.554709987009,-529.4908167255384,379.482996201187
6,398.52805599748535,0.7527700885427573,909.1780046164249,-1180.0914108863387,-511.93736736934227,397.24063724708265
6,398.52805599748535,0.7527700885427573,917.5941243403562,-1208.3492777484767,-524.195958386466,393.39816595389016
6,398.52805599748535,0.7527700885427573,908.3370868916105,-1226.2124592407677,-531.9452140980518,376.3918727935587
6,398.52805599748535,0.7527700885427573,880.0673404674528,-1188.624079462508,-515.6389381520992,364.42840231535365
6,398.52805599748535,0.7527700885427573,886.6412522700299,-1201.811221725862,-521.3596737079624,365.28157856206747
6,398.52805599748535,0.7527700885427573,914.4298462933839,-1205.3551145762872,-522.8970556085078,391.5327906848761
6,398.52805599748535,0.7527700885427573,901.9964379601612,-1184.6920548271191,-513.9331801729265,388.06325778723465
6,398.52805599748535,0.7527700885427573,908.7135223226402,-1195.0652047846622,-518.4331731663536,390.28034915628655
6,398.52805599748535,0.7527700885427573,878.071420995514,-1173.8851177501417,-509.2450052862382,368.8264157092758
6,398.52805599748535,0.7527700885427573,906.3759783163628,-1173.9296026168647,-509.26430333836186,397.1116749780009
6,398.52805599748535,0.7527700885427573,875.3132474296959,-1232.3618139861003,-534.6128756455427,340.7003717841533
6,398.52805599748535,0.7527700885427573,863.6088764436639,-1174.748704076416,-509.61963906993554,353.9892373737284
6,398.52805599748535,0.7527700885427573,892.5146572450832,-1183.5327175043992,-513.4302461701781,379.0844110749051
6,398.52805599748535,0.7527700885427573,877.2447741312423,-1202.061810536398,-521.4683820459561,355.77639208528615
6,398.52805599748535,0.7527700885427573,853.0951886927422,-1182.6041151184627,-513.027407664276,340.06778102846624
6,398.52805599748535,0.7527700885427573,878.081629975729,-1192.3656220129576,-517.2620627893159,360.8195671864131
6,398.52805599748535,0.7527700885427573,904.6785297657052,-1202.6835239138186,-521.7380885337408,382.9404412319644
6,398.52805599748535,0.7527700885427573,894.3693421457201,-1191.0351144533618,-516.6848731487161,377.68446899700405
6,398.52805599748535,0.7527700885427573,884.7824412584517,-1226.9238359039687,-532.2538175611459,352.5286236973059
6,398.52805599748535,0.7527700885427573,885.3545810731991,-1150.4045414135023,-499.0588584138822,386.29572265931694
6,398.52805599748535,0.7527700885427573,906.1357781022112,-1222.9812794670383,-530.5434907640791,375.5922873381321
6,398.52805599748535,0.7527700885427573,919.578830451535,-1186.9340897799034,-514.9058009891532,404.6730294623818
6,398.52805599748535,0.7527700885427573,897.0734034065333,-1145.6207529560359,-496.9835953907171,400.08980801581623
6,398.52805599748535,0.7527700885427573,893.184709067455,-1236.586252897384,-536.445486335617,356.7392227318379
6,398.52805599748535,0.7527700885427573,885.9310129782677,-1207.7906143108094,-523.9536036952222,361.9774092830455
6,398.52805599748535,0.7527700885427573,896.6277197339118,-1189.182925588717,-515.8813720957553,380.7463476381565
6,398.52805599748535,0.7527700885427573,881.124198621608,-1219.0628742934832,-528.8436410657159,352.2805575558921
6,398.52805599748535,0.7527700885427573,894.3278045960218,-1176.60377333855,-510.42438967279884,383.90341492322295
6,398.52805599748535,0.7527700885427573,902.6595164847307,-1210.9197328693047,-525.3110516880175,377.3484647967132
6,398.52805599748535,0.7527700885427573,911.8223515398555,-1233.9628189627851,-535.3074102090081,376.51494133084736
6,398.52805599748535,0.7527700885427573,898.9620457049124,-1134.3593137238256,-492.0982521875177,406.8637935173947
6,398.52805599748535,0.7527700885427573,903.7468758120046,-1158.0507406223612,-502.37586848382654,401.3710073281781
6,398.52805599748535,0.7527700885427573,879.3807354458371,-1174.9564192544435,-509.7097483279312,369.6709871179059
6,398.52805599748535,0.7527700885427573,848.1428627335778,-1177.3157200351056,-510.7332404229863,337.4096223105915
6,398.52805599748535,0.7527700885427573,890.415139151332,-1186.9320305918293,-514.9049076894378,375.51023146189425
6,398.52805599748535,0.7527700885427573,892.1233680091214,-1175.9685432187891,-510.14881946511485,381.9745485440065
6,398.52805599748535,0.7527700885427573,862.9530003345469,-1147.3315631508246,-497.72576473379445,365.22723560075246
6,398.52805599748535,0.7527700885427573,860.5435771788423,-1186.3544098216803,-514.6543290870685,345.88924809177377
6,398.52805599748535,0.7527700885427573,866.0772916314024,-1191.8453877584695,-517.036379124304,349.0409125070985
6,398.52805599748535,0.7527700885427573,895.4143376429661,-1184.5156373656314,-513.8566482280629,381.55768941490317
6,398.52805599748535,0.7527700885427573,901.0070450800092,-1199.029847207195,-520.1530811206263,380.8539639593829
6,398.52805599748535,0.7527700885427573,949.0203464731699,-1200.7556758917642,-520.9017656590937,428.11858081407615
6,398.52805599748535,0.7527700885427573,890.2948074490541,-1198.6048218279034,-519.9687001720553,370.32610727699887
6,398.52805599748535,0.7527700885427573,872.1101586000847,-1191.5163645491953,-516.8936450326858,355.2165135673989
6,398.52805599748535,0.7527700885427573,853.2493489728702,-1160.0652988646996,-503.24980725965435,349.9995417132158
6,398.52805599748535,0.7527700885427573,913.7525497468791,-1193.4346388032275,-517.7258146955122,396.0267350513669
6,398.52805599748535,0.7527700885427573,907.0974532793999,-1164.2502769225594,-505.065299372956,402.0321539064439
6,398.52805599748535,0.7527700885427573,887.143981358715,-1155.2284846109346,-501.15154102986526,385.99244032884974
6,398.52805599748535,0.7527700885427573,901.0268827442085,-1191.2570035990166,-516.7811312385779,384.24575150563055
6,398.52805599748535,0.7527700885427573,894.0525350441895,-1219.7803634526438,-529.1548962005879,364.8976388436016
6,398.52805599748535,0.7527700885427573,900.234605211457,-1145.7601066355141,-497.04404863624296,403.1905565752141
6,398.52805599748535,0.7527700885427573,887.9568740397739,-1156.1934531385984,-501.5701555906436,386.3867184491303
6,398.52805599748535,0.7527700885427573,883.1226807766278,-1141.8560310084247,-495.35041526165395,387.77226551497387
6,398.52805599748535,0.7527700885427573,902.8691433269302,-1183.2713337003033,-513.3168548385341,389.552288488396
6,398.52805599748535,0.7527700885427573,909.9886181315093,-1168.105123586373,-506.7375766512078,403.25104148030147
6,398.52805599748535,0.7527700885427573,890.523250325069,-1184.0651083499745,-513.6612035056701,376.86204681939887
6,398.52805599748535,0.7527700885427573,898.7634862429073,-1177.0067518939886,-510.5992064529859,388.1642797899214
6,398.52805599748535,0.7527700885427573,921.9454503760886,-1203.845908103597,-522.2423443028256,399.70310607326303
6,398.52805599748535,0.7527700885427573,896.4818101435181,-1177.2246987420726,-510.6937543283499,385.78805581516826
6,398.52805599748535,0.7527700885427573,910.8608090065511,-1139.0928864575,-494.1517310461669,416.7090779603842
6,398.52805599748535,0.7527700885427573,892.242623900818,-1130.062367614384,-490.23418703230794,402.00843686851005
6,398.52805599748535,0.7527700885427573,877.1951338464246,-1208.470486842045,-524.2485402997739,352.94659354665066
6,398.52805599748535,0.7527700885427573,864.9375793907683,-1179.5902938103875,-511.71997695853196,353.21760243223633
6,398.52805599748535,0.7527700885427573,881.7577264416556,-1186.2239255244474,-514.5977234826279,367.1600029590277
6,398.52805599748535,0.7527700885427573,874.8049131860323,-1146.1418215686513,-497.2096410099804,377.59527217605194
6,398.52805599748535,0.7527700885427573,878.7871834852386,-1201.0122813807432,-521.0130841021131,357.77409938312553
6,398.52805599748535,0.7527700885427573,901.8688692243772,-1199.9351742680617,-520.5458225200406,381.32304670433666
6,398.52805599748535,0.7527700885427573,938.3163958299252,-1190.345037661075,-516.385509817141,421.9308860127842
6,398.52805599748535,0.7527700885427573,897.1869387230299,-1185.9813137214771,-514.4924756632136,382.69446305981637
6,398.52805599748535,0.7527700885427573,883.5884865546263,-1203.4113201108964,-522.0538149814349,361.5346715731914
6,398.52805599748535,0.7527700885427573,912.8943330113136,-1231.8020972959728,-534.3700640411422,378.5242689701714
6,398.52805599748535,0.7527700885427573,887.8537382795015,-1177.107216619855,-510.6427892185235,377.210949060978
6,398.52805599748535,0.7527700885427573,921.5818842774131,-1197.4658183791887,-519.4745872401413,402.1072970372718
6,398.52805599748535,0.7527700885427573,878.9238595513553,-1137.7713761578593,-493.57844452148873,385.3454150298666
6,398.52805599748535,0.7527700885427573,896.9033159863311,-1177.3451081591795,-510.74598933271614,386.157326653615
6,398.52805599748535,0.7527700885427573,880.2964922737543,-1201.0868130288547,-521.0454167971636,359.2510754765907
6,398.52805599748535,0.7527700885427573,852.2472755560932,-1168.031824810103,-506.7057787902888,345.5414967658044
6,398.52805599748535,0.7527700885427573,904.2112510344389,-1169.6205423617682,-507.3949829259939,396.816268108445
6,398.52805599748535,0.7527700885427573,908.9812197935086,-1208.6361274519127,-524.3203971211717,384.66082267233685
6,398.52805599748535,0.7527700885427573,896.5697129990228,-1167.195464579148,-506.3429560031235,390.22675699589934
6,398.52805599748535,0.7527700885427573,922.4206333492745,-1167.5332548283002,-506.4894933385187,415.93114001075577
6,398.52805599748535,0.7527700885427573,901.5421971864469,-1190.0878451290687,-516.2739367080346,385.26826047841223
6,398.52805599748535,0.7527700885427573,902.3974705946313,-1176.6570171249175,-510.4474874460479,391.9499831485834
6,398.52805599748535,0.7527700885427573,924.7693239476181,-1180.5774058480008,-512.1481976312465,412.6211263163716
6,398.52805599748535,0.7527700885427573,897.3728895937909,-1169.1205410778878,-507.17807655875,390.1948130350409
6,398.52805599748535,0.7527700885427573,850.2690649693194,-1220.0974434952436,-529.2924492077165,320.97661576160294
6,398.52805599748535,0.7527700885427573,920.8374450194597,-1242.9018537580828,-539.1852673798272,381.65217763963244
6,398.52805599748535,0.7527700885427573,913.1582301429829,-1164.5655510328304,-505.20206894565433,407.9561611973286
6,398.52805599748535,0.7527700885427573,894.4289192195328,-1175.3956472066436,-509.9002905176718,384.52862870186095
6,398.52805599748535,0.7527700885427573,888.7420865575934,-1173.7710603163466,-509.1955258460463,379.54656071154716
6,398.52805599748535,0.7527700885427573,876.0566574450022,-1107.1898847160255,-480.3118381598665,395.7448192851357
6,398.52805599748535,0.7527700885427573,870.3670797138145,-1186.1498034874296,-514.5655684816297,355.8015112321848
6,398.52805599748535,0.7527700885427573,897.5140199595215,-1168.1553519533031,-506.75936630046397,390.75465365905757
6,398.52805599748535,0.7527700885427573,909.6937869254594,-1183.7448741545682,-513.522282190401,396.1715047350584
6,398.52805599748535,0.7527700885427573,896.8616392759803,-1201.1582118145582,-521.0763904200959,375.78524885588445
6,398.52805599748535,0.7527700885427573,882.8038424997798,-1169.4248356677163,-507.3100830878921,375.49375941188765
6,398.52805599748535,0.7527700885427573,898.7613969185927,-1186.3972897436631,-514.6729308955136,384.08846602307915
6,398.52805599748535,0.7527700885427573,899.0108774539593,-1203.8804314728322,-522.2573209415808,376.7535565123785
6,398.52805599748535,0.7527700885427573,894.2197310597064,-1167.8917719799203,-506.64502224506276,387.57470881464366
6,398.52805599748535,0.7527700885427573,888.3945171290063,-1178.2079022310256,-511.120279427236,377.2742377017703
6,398.52805599748535,0.7527700885427573,876.2965055893342,-1182.4639319458433,-512.9665945749863,363.3299110143479
6,398.52805599748535,0.7527700885427573,908.5875176561062,-1171.5623571240108,-508.2373647348359,400.3501529212703
6,398.52805599748535,0.7527700885427573,875.0115134712637,-1195.170192026863,-518.4787178520313,356.5327956192324
6,398.52805599748535,0.7527700885427573,881.1894019866269,-1125.5108881176936,-488.25970233588845,392.9296996507384
6,398.52805599748535,0.7527700885427573,922.2664532110585,-1195.8855545654314,-518.7890504341779,403.4774027768807
6,398.52805599748535,0.7527700885427573,945.7168616449305,-1230.34586321184,-533.7383327731851,411.9785288717454
6,398.52805599748535,0.7527700885427573,870.5623840953023,-1120.017318475676,-485.87652798680784,384.6858561084944
6,398.52805599748535,0.7527700885427573,854.7239609122332,-1131.9739047983144,-491.0634340758357,363.66052683639754
6,398.52805599748535,0.7527700885427573,887.1575830674788,-1123.22706408322,-487.26895293041224,399.8886301370665
6,398.52805599748535,0.7527700885427573,896.512702388409,-1136.7534943049961,-493.13687554535625,403.3758268430528
6,398.52805599748535,0.7527700885427573,915.9511168987713,-1196.6503233995577,-519.1208160414664,396.8303008573049
6,398.52805599748535,0.7527700885427573,878.6198413959575,-1198.996482509961,-520.1386071272497,358.4812342687078
6,398.52805599748535,0.7527700885427573,876.6387228896203,-1183.6121111479854,-513.4646880553645,363.17403483425585
6,398.52805599748535,0.7527700885427573,850.7606944354075,-1160.6122167967221,-503.4870666140601,347.27362782134736
6,398.52805599748535,0.7527700885427573,876.14953776658,-1182.2679551717645,-512.8815775730304,363.2679601935496
6,398.52805599748535,0.7527700885427573,915.8677196773207,-1204.8321883261342,-522.6702041244939,393.19751555282676
6,398.52805599748535,0.7527700885427573,864.9414375928635,-1160.9483775340095,-503.6328970482725,361.308540544591
6,398.52805599748535,0.7527700885427573,889.7482260880214,-1108.0357758705331,-480.67879557242355,409.06943051559784
6,398.52805599748535,0.7527700885427573,893.3543382358804,-1153.6580908648284,-500.47028597394456,392.88405226193584
6,398.52805599748535,0.7527700885427573,898.4407984980994,-1184.1037546538084,-513.677968721365,384.7628297767344
6,398.52805599748535,0.7527700885427573,916.936456584532,-1222.7162689537868,-530.4285261238592,386.5079304606728
6,398.52805599748535,0.7527700885427573,925.2072479739807,-1223.1534597491088,-530.6181845712732,394.58906340270744
6,398.52805599748535,0.7527700885427573,870.5219478240372,-1178.9465815680812,-511.4407271075207,359.0812207165165
6,398.52805599748535,0.7527700885427573,900.5968954716518,-1154.8164707805959,-500.9728046424315,399.6240908292203
6,398.52805599748535,0.7527700885427573,868.3790159643133,-1173.567997249336,-509.1074347278699,359.27158123644347
6,398.52805599748535,0.7527700885427573,907.9335436168358,-1235.3532809312173,-535.9106087688652,372.02293484797053
6,398.52805599748535,0.7527700885427573,898.22285089365,-1144.870952381122,-496.6583231882144,401.56452770543564
6,398.52805599748535,0.7527700885427573,883.6881398304911,-1186.0434844146318,-514.5194460323626,369.1686937981285
6,398.52805599748535,0.7527700885427573,895.4908269182889,-1191.2578086463313,-516.7814804774582,378.7093464408307
6,398.52805599748535,0.7527700885427573,909.0875285630224,-1203.2910149020859,-522.0016251838385,387.08590337918383
6,398.52805599748535,0.7527700885427573,912.573399748429,-1188.3098307117918,-515.502613392291,397.070786356138
6,398.52805599748535,0.7527700885427573,882.7086860875503,-1188.171243530603,-515.4424926626302,367.26619342492006
6,398.52805599748535,0.7527700885427573,907.0467911280427,-1156.910586251444,-501.88125626848677,405.165534859556
6,398.52805599748535,0.7527700885427573,855.6149957449198,-1194.7186721696428,-518.2828432910541,337.3321524538658
6,398.52805599748535,0.7527700885427573,903.75868459384,-1188.0399792085607,-515.3855486743629,388.37313591947714
6,398.52805599748535,0.7527700885427573,865.9927805965299,-1139.9813706509537,-494.53716581397384,371.45561478255604
6,398.52805599748535,0.7527700885427573,925.1731588315613,-1147.0034579155945,-497.583428869984,427.5897299615773
6,398.52805599748535,0.7527700885427573,908.531875881251,-1185.8182377212831,-514.4217313992945,394.1101444819566
6,398.52805599748535,0.7527700885427573,895.0892773915912,-1181.176380616248,-512.4080398461363,382.6812375454549
6,398.52805599748535,0.7527700885427573,855.4591482995902,-1183.537624602241,-513.4323749262451,342.0267733733451
6,398.52805599748535,0.7527700885427573,906.2456350541624,-1159.314893439304,-502.924272665984,403.32136238817844
6,398.52805599748535,0.7527700885427573,880.1214195524145,-1106.9495545003174,-480.20758011951983,399.9138394328947
6,398.52805599748535,0.7527700885427573,872.041208851718,-1146.4927104300302,-497.36186067557276,374.67934817614525
6,398.52805599748535,0.7527700885427573,895.1926328572858,-1178.73699535407,-511.3498061723727,383.8428266849131
6,398.52805599748535,0.7527700885427573,917.8099290848523,-1203.8678827005488,-522.2518771383404,395.5580519465119
6,398.52805599748535,0.7527700885427573,925.7225084720983,-1253.2430334880976,-543.6713913170405,382.0511171550578
6,398.52805599748535,0.7527700885427573,886.508273805702,-1184.347046054912,-513.7835113583468,372.72476244735515
6,398.52805599748535,0.7527700885427573,908.0187229121702,-1154.6612527067937,-500.9054692382947,407.11325367387553
6,398.52805599748535,0.7527700885427573,869.9209391287814,-1148.6096201329672,-498.28020070438987,371.6407384243915
6,398.52805599748535,0.7527700885427573,899.8219482923811,-1189.4087567608121,-515.9793402824956,383.84260800988545
6,398.52805599748535,0.7527700885427573,902.5298120949266,-1166.107176349258,-505.87084392247505,396.6589681724515
6,398.52805599748535,0.7527700885427573,899.606110453191,-1186.8177856968675,-514.8553469264134,384.75076352677763
6,398.52805599748535,0.7527700885427573,894.8479078328351,-1154.227483708097,-500.71729520602,394.13061262681504
6,398.52805599748535,0.7527700885427573,881.3911633386749,-1127.718889673257,-489.21755906891354,392.17360426976137
6,398.52805599748535,0.7527700885427573,878.13887762776,-1167.8865820449746,-506.6427707909733,371.49610683678674
6,398.52805599748535,0.7527700885427573,939.504983375655,-1226.4238336228923,-532.0369107613069,407.4680726143481
6,398.52805599748535,0.7527700885427573,911.1512067043835,-1209.6486310398475,-524.7596329434798,386.3915737609037
6,398.52805599748535,0.7527700885427573,864.7443312066872,-1143.3128850863243,-495.9824154901117,368.7619157165755
6,398.52805599748535,0.7527700885427573,899.0121972291595,-1170.7175987710234,-507.87089874474214,391.14129848441735
6,398.52805599748535,0.7527700885427573,901.045483539275,-1198.327867278883,-519.8485540703225,381.1969294689525
6,398.52805599748535,0.7527700885427573,877.1744746258236,-1131.5763139384605,-490.89095454060134,386.2835200852222
6,398.52805599748535,0.7527700885427573,897.097352196827,-1183.9453808319843,-513.6092643170647,383.48808787976236
6,398.52805599748535,0.7527700885427573,882.262643075723,-1157.6973147813471,-502.2225482469873,380.0400948287357
6,398.52805599748535,0.7527700885427573,913.3317169121034,-1159.7944395175641,-503.1323053273288,410.19941158477457
6,398.52805599748535,0.7527700885427573,890.6022144690037,-1178.9261741000605,-511.431874110747,379.1703403582567
6,398.52805599748535,0.7527700885427573,905.0297378367434,-1148.9663700298997,-498.43496295531395,406.59477488142943
6,398.52805599748535,0.7527700885427573,896.527648618599,-1119.2041614967698,-485.52377104001624,411.0038775785827
6,398.52805599748535,0.7527700885427573,872.0772287571561,-1149.1701150314327,-498.5233499046106,373.55387885254555
6,398.52805599748535,0.7527700885427573,877.1687935173145,-1144.599397451715,-496.5405195042165,380.628274013098
6,398.52805599748535,0.7527700885427573,914.6101349161746,-1128.9743396847853,-489.76218787295073,424.8479470432239
6,398.52805599748535,0.7527700885427573,892.3173614138519,-1198.2677195823546,-519.8224613006183,372.4949001132336
6,398.52805599748535,0.7527700885427573,858.7807884551693,-1211.3090248508263,-525.4799310733937,333.3008573817756
6,398.52805599748535,0.7527700885427573,875.2709548164739,-1154.1788623730772,-500.69620270588115,374.5747521105928
6,398.52805599748535,0.7527700885427573,906.2580407556744,-1172.7700108207132,-508.76125894208155,397.49678181359286
6,398.52805599748535,0.7527700885427573,893.5084620246325,-1162.162006083319,-504.15938321601027,389.34907880862227
6,398.52805599748535,0.7527700885427573,909.5368613535326,-1162.4601939466468,-504.2887405762327,405.24812077729985
6,398.52805599748535,0.7527700885427573,884.6443976032075,-1183.3562655895132,-513.3536992790298,371.2906983241777
6,398.52805599748535,0.7527700885427573,885.5564916689502,-1148.1369883786413,-498.0751675571161,387.4813241118341
6,398.52805599748535,0.7527700885427573,924.7925486939598,-1179.567977369693,-511.710295827229,413.0822528667308
6,398.52805599748535,0.7527700885427573,874.3697713220239,-1113.387856642752,-483.00059040560507,391.3691809164188
6,398.52805599748535,0.7527700885427573,899.0780460985807,-1185.584473988569,-514.3203219755768,384.75772412300387
6,398.52805599748535,0.7527700885427573,898.458853116886,-1178.3256522539052,-511.1713607554828,387.28749236140317
6,398.52805599748535,0.7527700885427573,899.7291735542675,-1168.6077047939955,-506.9556022193511,392.7735713349164
6,398.52805599748535,0.7527700885427573,888.7635916875322,-1213.6653718821774,-526.5021417976734,362.2614498898588
6,398.52805599748535,0.7527700885427573,885.8540135298525,-1189.000342486729,-515.8021654243945,370.051848105458
6,398.52805599748535,0.7527700885427573,920.2309579582595,-1165.326142598456,-505.5320224053251,414.6989355529344
6,398.52805599748535,0.7527700885427573,869.0203610376967,-1134.6312571948783,-492.21622442539666,376.80413661230006
6,398.52805599748535,0.7527700885427573,890.917013760423,-1178.5493082198604,-511.2683853125224,379.64862844790053
6,398.52805599748535,0.7527700885427573,913.0617511920689,-1210.0561641365741,-524.9364255366039,388.12532565546496
6,398.52805599748535,0.7527700885427573,906.0647374637279,-1177.8529271253512,-510.9662871013838,395.09845036234407
6,398.52805599748535,0.7527700885427573,899.5773299032056,-1180.723506348658,-512.2115777262017,387.36575217700397
6,398.52805599748535,0.7527700885427573,892.8614739072389,-1170.3568936701122,-507.71442068037044,385.1470532268684
6,398.52805599748535,0.7527700885427573,848.3373171691675,-1167.1026566284934,-506.3026948356489,342.0346223335186
6,398.52805599748535,0.7527700885427573,837.1645450818401,-1160.5658515914045,-503.4669528492035,333.69759223263657
6,398.52805599748535,0.7527700885427573,908.3174337384396,-1194.0849591905078,-518.0079312366036,390.30950250183605
6,398.52805599748535,0.7527700885427573,899.6604672910267,-1192.794813548874,-517.4482510650438,382.21221622598296
6,398.52805599748535,0.7527700885427573,911.9129652272018,-1192.0410429965737,-517.1212566402176,394.7917085869842
6,398.52805599748535,0.7527700885427573,886.7682949916963,-1174.2756471974028,-509.41442149863224,377.35387349306404
6,398.52805599748535,0.7527700885427573,885.1216091567205,-1166.6449803121131,-506.10414953114656,379.01745962557396
6,398.52805599748535,0.7527700885427573,878.772832419286,-1141.9809916333456,-495.40462463285746,383.36820778642857
6,398.52805599748535,0.7527700885427573,912.5869693679856,-1151.9767427447903,-499.74089762125993,412.84607174672567
6,398.52805599748535,0.7527700885427573,935.5953221409707,-1205.3646923760941,-522.9012105693636,412.6941115716071
6,398.52805599748535,0.7527700885427573,858.5528979406445,-1172.4074839175103,-508.60399055870533,349.94890738193914
6,398.52805599748535,0.7527700885427573,918.6181504022296,-1200.2931525096878,-520.7011176411669,397.9170327610627
6,398.52805599748535,0.7527700885427573,887.7387138038843,-1128.9884895339903,-489.7683262419651,397.97038756191915
6,398.52805599748535,0.7527700885427573,935.8989311549892,-1197.572599388178,-519.5209100826963,416.3780210722929
6,398.52805599748535,0.7527700885427573,921.3059661294247,-1167.8492950377542,-506.6265952539451,414.67937087547966
6,398.52805599748535,0.7527700885427573,888.1030238870753,-1161.7755457924538,-503.9917322509467,384.1112916361286
6,398.52805599748535,0.7527700885427573,934.5393367973056,-1200.2792206648533,-520.6950738449817,413.8442629523239
6,398.52805599748535,0.7527700885427573,848.8800644676132,-1156.978057270485,-501.91052598059787,346.96953848701537
6,398.52805599748535,0.7527700885427573,871.5402896144378,-1168.5956491920037,-506.95037235911417,364.58991725532366
6,398.52805599748535,0.7527700885427573,878.2901133030538,-1147.5294466394566,-497.81160889068065,380.4785044123731
6,398.52805599748535,0.7527700885427573,898.5137664780514,-1212.8324640694877,-526.1408167096707,372.37294976838064
6,398.52805599748535,0.7527700885427573,879.1286277440456,-1119.993868606657,-485.86635516112676,393.26227258291885
6,398.52805599748535,0.7527700885427573,893.0169310248642,-1189.8104680766112,-516.153607319401,376.86332370546324
6,398.52805599748535,0.7527700885427573,870.1808410542291,-1173.0329498160638,-508.87532493376386,361.3055161204652
6,398.52805599748535,0.7527700885427573,884.4038143143855,-1187.1725103535493,-515.0092306045823,369.3945837098032
6,398.52805599748535,0.7527700885427573,876.8806095861318,-1180.8656148550758,-512.2732260476665,364.6073835384652
6,398.52805599748535,0.7527700885427573,925.9477547553003,-1195.798307184068,-518.7512015062787,407.1965532490216
6,398.52805599748535,0.7527700885427573,907.0256531742939,-1151.3770566668095,-499.4807468319419,407.544906342352
6,398.52805599748535,0.7527700885427573,866.1069427016882,-1175.3663446999735,-509.88757874976665,356.2193639519216
6,398.52805599748535,0.7527700885427573,874.6702611283084,-1150.7875572209164,-499.22501512199784,375.4452460063106
6,398.52805599748535,0.7527700885427573,866.8165440555002,-1134.571415556081,-492.19026442709287,374.62627962840736
6,398.52805599748535,0.7527700885427573,876.6700678297249,-1161.1137938713455,-503.70465657763987,372.965411252085
6,398.52805599748535,0.7527700885427573,877.98596534939,-1147.5053794906314,-497.8011682818464,380.18479706754357
6,398.52805599748535,0.7527700885427573,917.4208544783125,-1204.1286785500079,-522.3650134084305,395.05584106988204
6,398.52805599748535,0.7527700885427573,885.2796289465158,-1138.3220968061773,-493.8173535384132,391.4622754081026
6,398.52805599748535,0.7527700885427573,859.4380910731979,-1160.0157779468773,-503.22832451004206,356.2097665631559
6,398.52805599748535,0.7527700885427573,880.3888142234281,-1176.6456524108132,-510.4425573010051,369.946256922423
6,398.52805599748535,0.7527700885427573,884.7079176315644,-1109.3971528380052,-481.2693767208801,403.43854091068437
6,398.52805599748535,0.7527700885427573,901.6617790107088,-1228.3353096636954,-532.8661312802354,368.7956477304733
6,398.52805599748535,0.7527700885427573,864.585920226554,-1158.2477780002748,-502.4613455880508,362.1245746385032
6,398.52805599748535,0.7527700885427573,890.9066335341303,-1192.0772913247988,-517.1369815862276,373.7696519479026
6,398.52805599748535,0.7527700885427573,879.2941813042302,-1165.839199607454,-505.75459249783984,373.5395888063903
6,398.52805599748535,0.7527700885427573,868.8318796817292,-1169.6781130407644,-507.41995775554614,361.4119219261831
6,398.52805599748535,0.7527700885427573,927.2289788226383,-1162.095898278334,-504.1307048819978,423.09827394064047
6,398.52805599748535,0.7527700885427573,890.581480221725,-1171.3949200500333,-508.16472858643135,382.4167516352936
6,398.52805599748535,0.7527700885427573,909.7573072466887,-1193.8921448602377,-517.9242861395213,391.8330211071674
6,398.52805599748535,0.7527700885427573,904.5590618608143,-1184.9527312250814,-514.0462646235692,390.5127972372451
6,398.52805599748535,0.7527700885427573,902.0636849915113,-1186.7699445715612,-514.8345928903146,387.22909210119667
6,398.52805599748535,0.7527700885427573,901.6172493730666,-1182.3530271618615,-512.9184827909189,388.69876658214764
6,398.52805599748535,0.7527700885427573,944.5066967591147,-1224.1462141985862,-531.0488529878223,413.45784377129235
6,398.52805599748535,0.7527700885427573,888.6433550256885,-1159.7178080311037,-503.09906169800126,385.5442933276872
6,398.52805599748535,0.7527700885427573,923.1960468489132,-1168.1366918816,-506.75127134451856,416.4447755043946
6,398.52805599748535,0.7527700885427573,899.7358817015838,-1160.3971987816758,-503.3937893005026,396.34209240108123
6,398.52805599748535,0.7527700885427573,861.5815897681049,-1165.0670220755635,-505.4196129113679,356.161976856737
6,398.52805599748535,0.7527700885427573,912.2367796373123,-1115.2967235209674,-483.8286790394831,428.4081005978292
6,398.52805599748535,0.7527700885427573,895.7480034710077,-1170.193512666199,-507.6435441022936,388.10445936871406
6,398.52805599748535,0.7527700885427573,911.7134389752295,-1191.8793085425364,-517.0510943546108,394.6623446206187
6,398.52805599748535,0.7527700885427573,897.4722070698358,-1140.9257725490515,-494.9468583318506,402.5253487379852
6,398.52805599748535,0.7527700885427573,889.3755817912311,-1128.9830886892612,-489.7659832927607,399.60959849847035
6,398.52805599748535,0.7527700885427573,894.8256228452182,-1149.0365253661744,-498.4653971554344,396.36022568978376
6,398.52805599748535,0.7527700885427573,859.6447662879015,-1111.5099158012606,-482.18591784583583,377.45884844206563
6,398.52805599748535,0.7527700885427573,915.0426389358539,-1181.7291901052697,-512.6478550264314,402.3947839094225
6,398.52805599748535,0.7527700885427573,870.2738384752029,-1162.7451695798713,-504.4123663175029,365.86147215769995
6,398.52805599748535,0.7527700885427573,872.2211682574382,-1163.2964493421264,-504.6515178845505,367.5696503728877
6,398.52805599748535,0.7527700885427573,892.2422507184752,-1197.5735350414084,-519.5213159799405,372.72093473853477
6,398.52805599748535,0.7527700885427573,911.195134425775,-1168.3147709577713,-506.8285241171409,404.3666103086341
6,398.52805599748535,0.7527700885427573,861.2963101250461,-1131.292924677169,-490.7680169859102,370.52829313913594
6,398.52805599748535,0.7527700885427573,904.414804768733,-1178.3419447005087,-511.17842860814676,393.23637616058625
6,398.52805599748535,0.7527700885427573,885.7987600589315,-1187.6626653603937,-515.2218655424285,370.576894516503
6,398.52805599748535,0.7527700885427573,858.3110558783571,-1240.876247031341,-538.3065356430757,320.00452023528146
6,398.52805599748535,0.7527700885427573,901.5905046243502,-1162.1462888342057,-504.1525648907016,397.43793973364853
6,398.52805599748535,0.7527700885427573,933.4299838082582,-1152.7755932697705,-500.08744826208937,433.3425355461688
6,398.52805599748535,0.7527700885427573,852.4187027332912,-1128.513564468233,-489.56229822954276,362.8564045037484
6,398.52805599748535,0.7527700885427573,885.4644249992568,-1161.1856095476758,-503.7358110525705,381.7286139466863
6,398.52805599748535,0.7527700885427573,901.562349621817,-1198.6930473580683,-520.0069734322711,381.5553761895459
6,398.52805599748535,0.7527700885427573,887.6134789177528,-1135.479381985027,-492.58415081505086,395.0293281027019
6,398.52805599748535,0.7527700885427573,921.1635092511908,-1128.8511929768958,-489.70876540003417,431.45474385115665
6,398.52805599748535,0.7527700885427573,872.4180079232527,-1150.4569878311945,-499.08161027933403,373.3363976439187
6,398.52805599748535,0.7527700885427573,910.6900363683096,-1198.7472782395766,-520.0304994188629,390.65953694944676
6,398.52805599748535,0.7527700885427573,873.182203103925,-1136.617113264773,-493.077711865283,380.10449123864197
6,398.52805599748535,0.7527700885427573,897.7442243188339,-1186.2993239612154,-514.63043220067,383.1137921181638
6,398.52805599748535,0.7527700885427573,872.9784484338351,-1165.2744835348553,-505.5096121032277,367.46883633060736
6,398.52805599748535,0.7527700885427573,895.9362714870023,-1123.3396324979797,-487.3177864168433,408.61848507015895
6,398.52805599748535,0.7527700885427573,928.0056277383145,-1228.8510358752314,-533.0898593038288,394.9157684344857
6,398.52805599748535,0.7527700885427573,835.6800867943474,-1107.600584295385,-480.4900044099531,355.1900823843943
6,398.52805599748535,0.7527700885427573,896.933844743258,-1197.9588061738148,-519.6884510742459,377.24539366901206
6,398.52805599748535,0.7527700885427573,929.7697218878109,-1170.6803357676463,-507.85473362086003,421.91498826695084
6,398.52805599748535,0.7527700885427573,885.8679051193845,-1158.8918435466944,-502.740748706492,383.12715641289253
6,398.52805599748535,0.7527700885427573,877.6495140211485,-1147.1643821228595,-497.6532396611255,379.99627436002305
6,398.52805599748535,0.7527700885427573,893.2509636188082,-1159.658842270067,-503.07348166564816,390.17748195316005
6,398.52805599748535,0.7527700885427573,890.8241719056854,-1153.415499846751,-500.3650471712583,390.45912473442706
6,398.52805599748535,0.7527700885427573,923.8878400642631,-1149.4294474613182,-498.63585132628384,425.2519887379792
6,398.52805599748535,0.7527700885427573,881.4651377990622,-1144.3417672298597,-496.4287565201673,385.03638127889485
6,398.52805599748535,0.7527700885427573,846.0495545493069,-1166.2752357195855,-505.94375003026767,340.1058045190392
6,398.52805599748535,0.7527700885427573,877.9366610820351,-1181.4633596151061,-512.5325346706985,365.4041264113366
6,398.52805599748535,0.7527700885427573,915.2696482152021,-1187.2923435544624,-515.0612156396676,400.2084325755345
6,398.52805599748535,0.7527700885427573,925.1130186481973,-1169.7396855933173,-507.4466686443513,417.66635000384605
6,398.52805599748535,0.7527700885427573,925.6257568601123,-1203.3900256106688,-522.044577179782,403.58117968033037
6,398.52805599748535,0.7527700885427573,889.8290388795106,-1173.6796279308041,-509.15586141470214,380.6731774648084
6,398.52805599748535,0.7527700885427573,919.6729035151524,-1196.7528367643615,-519.1652875303813,400.50761598477106
6,398.52805599748535,0.7527700885427573,938.4482767111537,-1201.1468873307956,-521.0714777274428,417.37679898371084
6,398.52805599748535,0.7527700885427573,882.0641857166927,-1161.7778789355937,-503.9927443955532,378.0714413211395
6,398.52805599748535,0.7527700885427573,900.7335320120735,-1195.8913508893136,-518.7915649468345,381.94196706523906
6,398.52805599748535,0.7527700885427573,878.1745122427436,-1132.756783472356,-491.403055942126,386.7714563006176
6,398.52805599748535,0.7527700885427573,844.0068632721604,-1116.8378043184582,-484.4972177976615,359.50964547449894
6,398.52805599748535,0.7527700885427573,860.3940559422728,-1169.24116617718,-507.2304051285546,353.16365081371816
6,398.52805599748535,0.7527700885427573,922.1175525772106,-1188.3408882931828,-515.516086532005,406.6014660452056
6,398.52805599748535,0.7527700885427573,909.6946255112381,-1250.4681788752077,-542.4676271405955,367.2269983706426
6,398.52805599748535,0.7527700885427573,850.9016736469559,-1146.7172853210657,-497.4592838729907,353.44238977396526
6,398.52805599748535,0.7527700885427573,850.8645662367048,-1195.931402589338,-518.8089398397283,332.05562639697655
6,398.52805599748535,0.7527700885427573,899.2508041606524,-1184.4005426697604,-513.8067188115289,385.4440853491235
6,398.52805599748535,0.7527700885427573,895.0930225116322,-1191.1767600480114,-516.7463206536767,378.3467018579555
6,398.52805599748535,0.7527700885427573,893.0876706917223,-1132.4018810987816,-491.249095168304,401.83857552341834
6,398.52805599748535,0.7527700885427573,936.1656856648441,-1218.0922016698196,-528.4225520018081,407.743133663036
6,398.52805599748535,0.7527700885427573,881.8788867613274,-1170.1801901731735,-507.63776465000427,374.24112211132314
6,398.52805599748535,0.7527700885427573,908.1098079531139,-1164.1870410885583,-505.03786693333035,403.07194101978354
6,398.52805599748535,0.7527700885427573,907.2539813260786,-1188.0613332778464,-515.3948123177653,391.8591690083133
6,398.52805599748535,0.7527700885427573,897.4963439999145,-1146.5382556012717,-497.3816187001178,400.1147252997967
6,398.52805599748535,0.7527700885427573,892.0190338400865,-1234.9620984395488,-535.7409092582185,356.27812458186804
6,398.52805599748535,0.7527700885427573,875.5745203014044,-1113.1705242117262,-482.9063090715008,392.6682112299036
6,398.52805599748535,0.7527700885427573,896.3636011677227,-1168.2629684385663,-506.8060515823353,389.5575495853874
6,398.52805599748535,0.7527700885427573,884.5061942701557,-1189.1673499575766,-515.874615205969,368.63157906418667
6,398.52805599748535,0.7527700885427573,900.4495351634995,-1146.407819369474,-497.32503394702155,403.12450121647794
6,398.52805599748535,0.7527700885427573,872.6718420600001,-1165.601091773164,-505.6512985523777,367.02054350762245
6,398.52805599748535,0.7527700885427573,879.9836933375009,-1143.4138825071536,-496.0262293449144,383.9574639925865
6,398.52805599748535,0.7527700885427573,898.5827720208266,-1132.9103670199902,-491.4696822698171,407.1130897510095
6,398.52805599748535,0.7527700885427573,882.2587961866922,-1167.2251337170653,-506.3558268199242,375.902969366768
6,398.52805599748535,0.7527700885427573,926.2710325741499,-1180.643558655521,-512.1768954878816,414.09413708626835
6,398.52805599748535,0.7527700885427573,868.7729616808151,-1131.996408258415,-491.0731963383302,377.6997653424849
6,398.52805599748535,0.7527700885427573,892.5816266543532,-1155.2302299844666,-501.1522981931857,391.4293284611675
6,398.52805599748535,0.7527700885427573,901.082594300779,-1127.8456916883351,-489.27256725656525,411.8100270442137
6,398.52805599748535,0.7527700885427573,911.7817987222362,-1174.160347454209,-509.36440313018676,402.41739559204944
6,398.52805599748535,0.7527700885427573,895.4880046414864,-1159.711430419393,-503.09629501592974,392.3917096255567
6,398.52805599748535,0.7527700885427573,869.9773108240615,-1138.6965879742727,-493.9798121589313,375.99749866513025
6,398.52805599748535,0.7527700885427573,899.5077413245785,-1186.7463219571323,-514.8243451256674,384.68339619891117
6,398.52805599748535,0.7527700885427573,929.3111859982337,-1172.4108357100888,-508.60544460527564,420.70574139295803
6,398.52805599748535,0.7527700885427573,872.4258547457285,-1173.7576076446005,-509.1896899207152,363.23616482501336
6,398.52805599748535,0.7527700885427573,865.1925868210994,-1174.168389664956,-509.3678919346639,355.82469488643557
6,398.52805599748535,0.7527700885427573,891.8523088431631,-1138.989841715252,-494.1070290395417,397.7452798036214
6,398.52805599748535,0.7527700885427573,897.9929146272007,-1193.192733273943,-517.6208732658301,380.3720413613705
6,398.52805599748535,0.7527700885427573,956.142876739914,-1214.905901301267,-527.0402978753251,429.10257886458885
6,398.52805599748535,0.7527700885427573,884.1268139495356,-1162.6592343836435,-504.3750866307639,379.7517273187717
6,398.52805599748535,0.7527700885427573,915.9262298019798,-1190.9424373439435,-516.6446687416902,399.2815610602896
6,398.52805599748535,0.7527700885427573,917.4077841377749,-1207.2964802807967,-523.739242610887,393.6685415268879
6,398.52805599748535,0.7527700885427573,901.9678970925879,-1198.1447353129736,-519.7691092954143,382.1987877971736
6,398.52805599748535,0.7527700885427573,866.4890688354504,-1130.8381275223246,-490.5707206951397,375.91834814031074
6,398.52805599748535,0.7527700885427573,916.5841366324967,-1154.9888815462502,-501.04759843608264,415.536538196414
6,398.52805599748535,0.7527700885427573,911.7743532644622,-1172.932773953422,-508.8318674804499,402.9424857840123
6,398.52805599748535,0.7527700885427573,937.532886734509,-1166.74955235918,-506.14951410035025,431.3833726341588
6,398.52805599748535,0.7527700885427573,885.710557034751,-1167.0906978483513,-506.2975069778555,379.4130500568955
6,398.52805599748535,0.7527700885427573,890.7056127665974,-1199.0020893212877,-520.1410394271575,370.5645733394399
6,398.52805599748535,0.7527700885427573,891.3281709591602,-1151.4140848273164,-499.49681007825785,391.8313608809023
6,398.52805599748535,0.7527700885427573,913.01199370705,-1173.950807923799,-509.2735024469275,403.7384912601225
6,398.52805599748535,0.7527700885427573,885.9506714184167,-1169.792633308087,-507.4696379783007,378.48103344011605
6,398.52805599748535,0.7527700885427573,914.1420413239892,-1172.7467014726394,-508.7511470760194,405.39089424796987
6,398.52805599748535,0.7527700885427573,928.6006622942103,-1181.2597204460355,-512.4441936327538,416.15646866145653
6,398.52805599748535,0.7527700885427573,921.1535267676347,-1218.9037404339608,-528.77460694823,392.3789198194047
6,398.52805599748535,0.7527700885427573,931.8855202340316,-1154.7726481606837,-500.95379388067016,430.9317263533614
6,398.52805599748535,0.7527700885427573,921.2337243560438,-1200.8518302641583,-520.9434785432063,400.2902458128375
6,398.52805599748535,0.7527700885427573,945.4664794233902,-1207.8074489902244,-523.9609067747809,421.50557264860925
6,398.52805599748535,0.7527700885427573,887.3615110896862,-1147.5067163997355,-497.8017482485514,389.55976284113484
6,398.52805599748535,0.7527700885427573,911.6832619479554,-1179.991120743611,-511.893860339999,399.78940160795645
6,398.52805599748535,0.7527700885427573,881.6222944981439,-1162.7504954485978,-504.41467674124607,377.20761775689783
6,398.52805599748535,0.7527700885427573,897.5779815462511,-1224.7562737066655,-531.3135038916622,366.26447765458886
6,398.52805599748535,0.7527700885427573,887.8699856657914,-1134.195614766853,-492.02723767770885,395.8427479880826
6,398.52805599748535,0.7527700885427573,913.7305162127778,-1210.7719218409566,-525.2469295462727,388.4835866665052
6,398.52805599748535,0.7527700885427573,915.5661076889623,-1218.3675455257041,-528.5419993661415,387.0241083228209
6,398.52805599748535,0.7527700885427573,902.0648821012901,-1184.1465147966119,-513.6965185682101,388.36836353308
6,398.52805599748535,0.7527700885427573,895.3166121724948,-1155.6365709956851,-501.3285736457637,393.98803852673115
6,398.52805599748535,0.7527700885427573,912.0340717925686,-1142.9748828980703,-495.8357862130713,416.19828557949734
6,398.52805599748535,0.7527700885427573,910.1940257753198,-1150.7418562356547,-499.20518950352016,410.98883627179964
6,398.52805599748535,0.7527700885427573,893.5705953125023,-1181.7836916009549,-512.6714984085978,380.8990969039045
6,398.52805599748535,0.7527700885427573,895.8885664015138,-1181.3170868110083,-512.4690798285085,383.4194865730053
6,398.52805599748535,0.7527700885427573,895.7867662453017,-1208.480022238976,-524.2526768657693,371.53408937953236
6,398.52805599748535,0.7527700885427573,885.5723593785241,-1161.7563391645738,-503.98340019258046,381.5889591859436
6,398.52805599748535,0.7527700885427573,895.3182413923332,-1166.1496183895738,-505.8892557727645,389.4289856195687
6,398.52805599748535,0.7527700885427573,876.4403017265536,-1163.8399728509557,-504.88730469872996,371.5529970278236
6,398.52805599748535,0.7527700885427573,875.1188873331553,-1152.4802202871747,-499.9593120298389,375.1595753033164
6,398.52805599748535,0.7527700885427573,900.9656681498465,-1170.9217638401335,-507.9594679242352,393.0062002256113
6,398.52805599748535,0.7527700885427573,872.6197674149521,-1131.2869019190864,-490.7654042434662,381.8543631714859
6,398.52805599748535,0.7527700885427573,884.0494416518029,-1182.5688091121542,-513.0120915084638,371.03735014333915
6,398.52805599748535,0.7527700885427573,906.2652885117515,-1128.7302731810087,-489.65630898742216,416.6089795243293
6,398.52805599748535,0.7527700885427573,877.411655898835,-1143.8455143145716,-496.213476238777,381.198179660058
6,398.52805599748535,0.7527700885427573,896.8151087481338,-1205.8315611132562,-523.1037436528221,373.71136509531163
6,398.52805599748535,0.7527700885427573,881.1683728646558,-1176.0836305566218,-510.19874568964633,370.96962717500946
6,398.52805599748535,0.7527700885427573,881.4137708001132,-1192.7875411482153,-517.4450962131286,363.96867458698455
6,398.52805599748535,0.7527700885427573,875.0399741907978,-1178.0246748178104,-511.0407932461775,363.9991809446203
6,398.52805599748535,0.7527700885427573,915.5259423885769,-1177.524943891556,-510.8240041632135,404.70193822536345
6,398.52805599748535,0.7527700885427573,885.4981450852033,-1164.802533615832,-505.30487474403157,380.19327034117174
6,398.52805599748535,0.7527700885427573,883.0855769668076,-1180.739600115417,-512.2185593892403,370.86701757756725
6,398.52805599748535,0.7527700885427573,940.3740029125172,-1171.4807603382385,-508.2019671009673,432.1720358115499
6,398.52805599748535,0.7527700885427573,881.0033882708764,-1165.4555334981258,-505.58815368119696,375.4152345896794
6,398.52805599748535,0.7527700885427573,930.5980422225049,-1182.3984960180876,-512.9382077091235,417.6598345133814
6,398.52805599748535,0.7527700885427573,848.5048409653053,-1142.940020894318,-495.8206626707274,352.6841782945779
7,418.60201615833967,0.7166711779202767,888.796284084049,-1201.7794407544914,-508.69180818136283,380.1044759026862
7,418.60201615833967,0.7166711779202767,923.6117067026169,-1210.4166757505461,-512.3477957434999,411.26391095911697
7,418.60201615833967,0.7166711779202767,949.1967861907993,-1204.3181370421557,-509.76639305209795,439.4303931387014
7,418.60201615833967,0.7166711779202767,947.1074531817061,-1189.897696482625,-503.6624776960537,443.4449754856524
7,418.60201615833967,0.7166711779202767,919.6414598695036,-1178.5466209356216,-498.8577698195541,420.7836900499495
7,418.60201615833967,0.7166711779202767,933.4440959803252,-1218.3497477411352,-515.705723661448,417.73837231887717
7,418.60201615833967,0.7166711779202767,906.6750716758916,-1214.0531910133575,-513.8870678110577,392.78800386483385
7,418.60201615833967,0.7166711779202767,914.8852210099529,-1174.1854914112055,-497.0117814557529,417.87343955420005
7,418.60201615833967,0.7166711779202767,946.658008895094,-1192.6344092083632,-504.82087939416795,441.83712950092604
7,418.60201615833967,0.7166711779202767,895.3550860705441,-1158.8099993604308,-490.50360983311606,404.851476237428
7,418.60201615833967,0.7166711779202767,903.3152268077013,-1124.5917983135387,-476.0196554792881,427.2955713284132
7,418.60201615833967,0.7166711779202767,937.5420790716768,-1216.209947361664,-514.7999843158848,422.742094755792
7,418.60201615833967,0.7166711779202767,936.7740815685123,-1158.062499419386,-490.18720643684327,446.58687513166905
7,418.60201615833967,0.7166711779202767,922.0087698991013,-1207.3313723895958,-511.0418418452667,410.9669280538346
7,418.60201615833967,0.7166711779202767,882.0915005790806,-1152.3909481713858,-487.786539923754,394.3049606553266
7,418.60201615833967,0.7166711779202767,920.6884008318126,-1154.5132828655064,-488.6848863561413,432.0035144756713
7,418.60201615833967,0.7166711779202767,909.4579475565673,-1188.7507192316193,-503.1769826776079,406.2809648789594
7,418.60201615833967,0.7166711779202767,901.3736183821212,-1152.987668547716,-488.03912101885373,413.3344973632675
7,418.60201615833967,0.7166711779202767,943.8552705441905,-1175.884546114063,-497.7309610154007,446.1243095287898
7,418.60201615833967,0.7166711779202767,903.040250447427,-1171.323376275321,-495.8002991534909,407.23995129393603
7,418.60201615833967,0.7166711779202767,941.9062655623515,-1185.8143818249857,-501.93408341160506,439.9721821507464
7,418.60201615833967,0.7166711779202767,905.6905152167436,-1175.9558351355738,-497.76113638704214,407.9293788297015
7,418.60201615833967,0.7166711779202767,931.5205248822336,-1145.1740828286809,-484.73176950907856,446.7887553731551
7,418.60201615833967,0.7166711779202767,875.5303797570539,-1135.68917598898,-480.71697757047616,394.8134021865777
7,418.60201615833967,0.7166711779202767,912.667785207216,-1157.835432127548,-490.0910929010755,422.57669230614044
7,418.60201615833967,0.7166711779202767,886.0518452392027,-1154.9599083325327,-488.87393495249506,397.1779102867077
7,418.60201615833967,0.7166711779202767,872.9721010472064,-1149.9037171467794,-486.73373938118726,386.2383616660191
7,418.60201615833967,0.7166711779202767,888.7537343375661,-1175.0420985238704,-497.3743679722679,391.3793663652982
7,418.60201615833967,0.7166711779202767,920.4280695910319,-1147.2256009081418,-485.600140531221,434.8279290598109
7,418.60201615833967,0.7166711779202767,902.6117230607471,-1153.5845564406443,-488.2917730207423,414.31995004000476
7,418.60201615833967,0.7166711779202767,920.056893594232,-1220.0158924886978,-516.4109730238414,403.64592057039056
7,418.60201615833967,0.7166711779202767,902.9869609953873,-1184.3663090041573,-501.32114000732867,401.66582098805867
7,418.60201615833967,0.7166711779202767,893.7386733594665,-1177.321780776052,-498.33931682029714,395.39935653916933
7,418.60201615833967,0.7166711779202767,906.6784760404495,-1165.3344629739738,-493.2652989421451,413.4131770983044
7,418.60201615833967,0.7166711779202767,895.2427412047876,-1160.8904735732362,-491.38423747018254,403.8585037346051
7,418.60201615833967,0.7166711779202767,885.133293932545,-1107.9105795623063,-468.95879302693504,416.17450090561
7,418.60201615833967,0.7166711779202767,901.3605666568023,-1161.4491700896049,-491.620723743369,409.73984291343334
7,418.60201615833967,0.7166711779202767,934.2640751624685,-1168.8817962972114,-494.76682188489644,439.4972532775721
7,418.60201615833967,0.7166711779202767,942.4949610991416,-1210.7341254586345,-512.4821665444455,430.01279455469614
7,418.60201615833967,0.7166711779202767,910.8669237157518,-1180.3507063413936,-499.6214070029291,411.2455167128227
7,418.60201615833967,0.7166711779202767,894.7617983294921,-1134.0056067837018,-480.00435274582964,414.75744558366245
7,418.60201615833967,0.7166711779202767,928.9072650266286,-1251.8364866632273,-529.8800631406473,399.0272018859813
7,418.60201615833967,0.7166711779202767,924.6925682866496,-1131.0999411807172,-478.77443630739845,445.91813197925114
7,418.60201615833967,0.7166711779202767,936.3972886806628,-1179.367489141017,-499.20522869388714,437.19205998677563
7,418.60201615833967,0.7166711779202767,908.337085224807,-1134.8701220964397,-480.3702866624234,427.9667985623836
7,418.60201615833967,0.7166711779202767,905.8255347773229,-1179.7312085358876,-499.3591846282067,406.4663501491162
7,418.60201615833967,0.7166711779202767,918.2208097083974,-1195.7883763863083,-506.1558974617813,412.0649122466161
7,418.60201615833967,0.7166711779202767,931.6239250002185,-1140.4622421492606,-482.7373313669416,448.8865936332769
7,418.60201615833967,0.7166711779202767,913.4283552184945,-1165.5408421047293,-493.35265554822,420.0756996702745
7,418.60201615833967,0.7166711779202767,906.6422136163472,-1200.3207081900691,-508.07435269769843,398.5678609186488
7,418.60201615833967,0.7166711779202767,950.0096030173111,-1173.4606752043815,-496.704979679699,453.30462333761204
7,418.60201615833967,0.7166711779202767,894.0649781483718,-1158.1046661726489,-490.2050548716184,403.85992327675336
7,418.60201615833967,0.7166711779202767,965.4952921911104,-1208.6578726265966,-511.60332574258587,453.8919664485245
7,418.60201615833967,0.7166711779202767,965.2779157488072,-1202.325894798682,-508.92311243437354,456.3548033144337
7,418.60201615833967,0.7166711779202767,979.5165118490008,-1167.3314131295917,-494.11057233513276,485.4059395138681
7,418.60201615833967,0.7166711779202767,910.4838198831972,-1181.62555099067,-500.16102601104234,410.3227938721548
7,418.60201615833967,0.7166711779202767,965.3924670528108,-1167.0699951066115,-493.9999187473849,471.3925483054259
7,418.60201615833967,0.7166711779202767,884.2261573723206,-1119.0035980568537,-473.65426995457983,410.57188741774075
7,418.60201615833967,0.7166711779202767,937.4534005187193,-1123.9427306138157,-475.74491669560837,461.7084838231109
7,418.60201615833967,0.7166711779202767,908.9279221446927,-1174.2647396330926,-497.04532581499205,411.8825963297007
7,418.60201615833967,0.7166711779202767,925.6356393240712,-1161.1713581111192,-491.5031308865786,434.1325084374926
7,418.60201615833967,0.7166711779202767,887.7014498435981,-1156.8628556382096,-489.67941861528004,398.02203122831804
7,418.60201615833967,0.7166711779202767,927.481438592321,-1162.866074310714,-492.2204740351558,435.26096455716515
7,418.60201615833967,0.7166711779202767,910.222901620374,-1118.9877683297134,-473.64756951334334,436.5753321070307
7,418.60201615833967,0.7166711779202767,907.2568439987172,-1205.2242629710736,-510.14994000055617,397.106903998161
7,418.60201615833967,0.7166711779202767,906.5419608381649,-1153.475541269293,-488.2456288425734,418.29633199559146
7,418.60201615833967,0.7166711779202767,921.4158499838658,-1220.7552632908762,-516.7239355005838,404.69191448328195
7,418.60201615833967,0.7166711779202767,932.3193507102463,-1161.1830652953524,-491.50808632891216,440.8112643813342
7,418.60201615833967,0.7166711779202767,904.1185604152041,-1188.0700863709653,-502.8888829241487,401.22967749105544
7,418.60201615833967,0.7166711779202767,917.8385813291197,-1132.9123257105623,-479.54158636201083,438.2969949671089
7,418.60201615833967,0.7166711779202767,901.4855719012932,-1168.6059273391804,-494.65005147401826,406.8355204272749
7,418.60201615833967,0.7166711779202767,912.3969374697933,-1136.0929419556885,-480.8878845045789,431.50905296521444
7,418.60201615833967,0.7166711779202767,900.3995050337056,-1136.8087571273509,-481.19087630294746,419.20862873075816
7,418.60201615833967,0.7166711779202767,945.6906432159213,-1167.746503992525,-494.2862728958717,451.4043703200496
7,418.60201615833967,0.7166711779202767,967.2495658895275,-1168.478160338176,-494.5959699807235,472.653595908804
7,418.60201615833967,0.7166711779202767,909.153613889644,-1136.0030931248643,-480.84985309659754,428.3037607930465
7,418.60201615833967,0.7166711779202767,925.5562715636005,-1150.4432307543611,-486.9621058711373,438.5941656924632
7,418.60201615833967,0.7166711779202767,911.6125760394959,-1190.0530121691027,-503.72822005668496,407.884355982811
7,418.60201615833967,0.7166711779202767,897.9411946427443,-1144.5763028313966,-484.4787398953232,413.46245474742113
7,418.60201615833967,0.7166711779202767,912.2285258053031,-1187.5510340236026,-502.66917732080185,409.55934848450124
7,418.60201615833967,0.7166711779202767,954.4507858340061,-1197.1262913471428,-506.7222130081619,447.7285728258442
7,418.60201615833967,0.7166711779202767,929.2998665909013,-1201.179246520083,-508.4377566640815,420.86210992681976
7,418.60201615833967,0.7166711779202767,938.3942834975284,-1181.9934634812666,-500.31675680801504,438.0775266895133
7,418.60201615833967,0.7166711779202767,875.051494362844,-1163.2254049435692,-492.37257228477074,382.67892207807324
7,418.60201615833967,0.7166711779202767,932.3073505058329,-1150.8968141231048,-487.15409962322076,445.15325088261216
7,418.60201615833967,0.7166711779202767,913.0909156441788,-1156.484503274485,-489.5192688061671,423.57164683801176
7,418.60201615833967,0.7166711779202767,900.4695172237327,-1142.4144551582795,-483.5636683234879,416.90584890024485
7,418.60201615833967,0.7166711779202767,874.681405971204,-1127.757351607302,-477.3595777431338,397.32182822807016
7,418.60201615833967,0.7166711779202767,930.3426569092019,-1171.971100306158,-496.07446918609037,434.2681877231115
7,418.60201615833967,0.7166711779202767,923.066980173012,-1193.6870166363358,-505.26642934924485,417.80055082376714
7,418.60201615833967,0.7166711779202767,918.4553456405396,-1155.0528143089227,-488.9132603956821,429.5420852448575
7,418.60201615833967,0.7166711779202767,886.0096961522474,-1160.391351215784,-491.1729678761905,394.83672827605693
7,418.60201615833967,0.7166711779202767,887.3695417353803,-1145.2451641594148,-484.7618569689175,402.60768476646274
7,418.60201615833967,0.7166711779202767,904.8814774993307,-1119.1380695615806,-473.71118934475135,431.17028815457934
7,418.60201615833967,0.7166711779202767,946.1943632967274,-1179.80336807851,-499.3897284759123,446.80463482081507
7,418.60201615833967,0.7166711779202767,898.5729364336547,-1161.7421190690725,-491.7447238227652,406.8282126108895
7,418.60201615833967,0.7166711779202767,912.1483083861272,-1184.8910188636812,-501.5432403346934,410.60506805143376
7,418.60201615833967,0.7166711779202767,921.9360933635913,-1132.6386706290643,-479.4257530455931,442.5103403179982
7,418.60201615833967,0.7166711779202767,901.6245839771709,-1162.8708088486203,-492.22247808062934,409.40210589654157
7,418.60201615833967,0.7166711779202767,929.7708623879681,-1185.3759149714658,-501.74848821087124,428.0223741770969
7,418.60201615833967,0.7166711779202767,932.4695883135812,-1148.6254954611632,-486.19269093380785,446.27689737977335
7,418.60201615833967,0.7166711779202767,913.8630098262412,-1222.3328564348142,-517.3917025481383,396.4713072781029
7,418.60201615833967,0.7166711779202767,926.3578487561646,-1169.696064837295,-495.11148723858247,431.2463615175821
7,418.60201615833967,0.7166711779202767,850.511025186767,-1108.8051396901856,-469.33744437804495,381.1735808087221
7,418.60201615833967,0.7166711779202767,919.124471654412,-1152.211609092078,-487.71062888930214,431.41384276510985
7,418.60201615833967,0.7166711779202767,922.8601691220404,-1123.1550384657967,-475.411500654796,447.4486684672444
7,418.60201615833967,0.7166711779202767,913.1780985099031,-1158.8399715076064,-490.51629650857814,422.66180200132493
7,418.60201615833967,0.7166711779202767,954.082632324446,-1160.762433066314,-491.3300402067098,462.7525921177362
7,418.60201615833967,0.7166711779202767,906.1634813240214,-1202.7435662837377,-509.09990532644144,397.06357599757996
7,418.60201615833967,0.7166711779202767,924.320025002413,-1190.7900300977753,-504.0401866040268,420.2798383983862
7,418.60201615833967,0.7166711779202767,910.3143578068652,-1195.4291266130067,-506.0038334385735,404.31052436829174
7,418.60201615833967,0.7166711779202767,900.3905116406753,-1163.3812592370523,-492.4385426281434,407.9519690125319
7,418.60201615833967,0.7166711779202767,918.2667725259586,-1118.6872544323016,-473.52036733907244,444.74640518688614
7,418.60201615833967,0.7166711779202767,880.8054696576775,-1163.4969400855432,-492.4875082685889,388.31796138908857
7,418.60201615833967,0.7166711779202767,931.5640314051662,-1123.1131349046357,-475.39376362454453,456.1702677806217
7,418.60201615833967,0.7166711779202767,905.6799052602646,-1141.7733794812782,-483.2923124205194,422.3875928397452
7,418.60201615833967,0.7166711779202767,918.5161767638,-1154.3301779952212,-488.607381329517,429.908795434283
7,418.60201615833967,0.7166711779202767,910.0616641141573,-1148.5575435092262,-486.1639280842133,423.89773602994404
7,418.60201615833967,0.7166711779202767,944.845995358051,-1190.4378429195417,-503.8911120513772,440.9548833066738
7,418.60201615833967,0.7166711779202767,906.3357458169056,-1143.4650878687764,-484.0083824158688,422.3273634010368
7,418.60201615833967,0.7166711779202767,919.3485253718773,-1211.6711214866307,-512.8787802553946,406.4697451164826
7,418.60201615833967,0.7166711779202767,915.2968703639817,-1140.5253983135015,-482.76406424511873,432.532806118863
7,418.60201615833967,0.7166711779202767,909.9331148824563,-1184.8924174218907,-501.5438323194456,408.3892825630107
7,418.60201615833967,0.7166711779202767,915.897588768126,-1163.3611001455306,-492.4300096441617,423.46757912396424
7,418.60201615833967,0.7166711779202767,897.4494047701161,-1174.9457475158283,-497.3335843086114,400.11582046150465
7,418.60201615833967,0.7166711779202767,923.5158174683482,-1141.2080154646765,-483.05300391337335,440.4628135549749
7,418.60201615833967,0.7166711779202767,899.4027891861666,-1175.5531610138255,-497.59069161144225,401.81209757472436
7,418.60201615833967,0.7166711779202767,928.8757486692114,-1133.1244305629245,-479.6313665639458,449.2443821052656
7,418.60201615833967,0.7166711779202767,953.8219754707675,-1169.7036042549694,-495.11467853964774,458.70729693111974
7,418.60201615833967,0.7166711779202767,942.4395157526425,-1194.6314512355227,-505.66619167474096,436.7733240779015
7,418.60201615833967,0.7166711779202767,945.9720589116483,-1172.935752633002,-496.4827893151988,449.48926959644956
7,418.60201615833967,0.7166711779202767,938.9966177313846,-1199.723574712453,-507.82159674419046,431.17502098719416
7,418.60201615833967,0.7166711779202767,871.890589221918,-1098.680964559362,-465.05206157068886,406.8385276512292
7,418.60201615833967,0.7166711779202767,938.357898079399,-1161.1313303440563,-491.4861878465214,446.8717102328776
7,418.60201615833967,0.7166711779202767,876.8253903476226,-1098.0441077771716,-464.7824914506661,412.0428988969565
7,418.60201615833967,0.7166711779202767,927.5123421181528,-1145.9926038834797,-485.07823487641645,442.43410724173634
7,418.60201615833967,0.7166711779202767,891.5687699121042,-1147.7213777414408,-485.8099940244934,405.75877588761085
7,418.60201615833967,0.7166711779202767,900.5640284482357,-1172.374209709984,-496.2450982088322,404.3189302394035
7,418.60201615833967,0.7166711779202767,869.6748090567814,-1120.5319047625567,-474.30117493166256,395.3736341251189
7,418.60201615833967,0.7166711779202767,918.3256820696215,-1142.209046369334,-483.4767224457988,434.8489596238227
7,418.60201615833967,0.7166711779202767,870.4395664099139,-1166.9788091459561,-493.9613213561886,376.47824505372535
7,418.60201615833967,0.7166711779202767,928.2993243239724,-1114.2558674571906,-471.644640249162,456.6546840748104
7,418.60201615833967,0.7166711779202767,902.9200831127093,-1135.2173790131872,-480.51727432329807,422.40280878941127
7,418.60201615833967,0.7166711779202767,905.5158840018246,-1183.6003035018784,-500.9969035369606,404.518980464864
7,418.60201615833967,0.7166711779202767,906.1357739049871,-1131.8334180750387,-479.0849039980401,427.050869906947
7,418.60201615833967,0.7166711779202767,959.0757033327956,-1137.6150241143769,-481.532154741901,477.54354859089455
7,418.60201615833967,0.7166711779202767,903.9733070442373,-1182.6516487115225,-500.59535487979343,403.3779521644439
7,418.60201615833967,0.7166711779202767,919.80306481843,-1156.779875558825,-489.6442946273055,430.1587701911245
7,418.60201615833967,0.7166711779202767,916.0584117497555,-1197.6862847917014,-506.9592482479255,409.09916350183
7,418.60201615833967,0.7166711779202767,878.8150502335895,-1133.7993000360088,-479.91702677821445,398.8980234553751
7,418.60201615833967,0.7166711779202767,925.9851151850463,-1163.7102865776237,-492.5778140344768,433.40730115056954
7,418.60201615833967,0.7166711779202767,915.8947772888864,-1175.9693804190474,-497.76686986400875,418.12790742487766
7,418.60201615833967,0.7166711779202767,901.9683500064705,-1167.5485794615374,-494.20249497112343,407.76585503534704
7,418.60201615833967,0.7166711779202767,905.5473668564906,-1128.5585893240873,-477.69872738167203,427.8486394748186
7,418.60201615833967,0.7166711779202767,868.7072457472055,-1099.645901461151,-465.46050215529704,403.2467435919085
7,418.60201615833967,0.7166711779202767,925.0968943078807,-1156.7645271919566,-489.6377979372889,435.4590963705918
7,418.60201615833967,0.7166711779202767,947.9164367341456,-1182.0850624006798,-500.35552899729004,447.56090773685554
7,418.60201615833967,0.7166711779202767,902.2746379812232,-1163.7861004236727,-492.6099046836625,409.66473329756076
7,418.60201615833967,0.7166711779202767,900.889454092067,-1152.2536561942632,-487.72842667790957,413.16102741415745
7,418.60201615833967,0.7166711779202767,893.5341983268987,-1139.7179459006666,-482.4222840365577,411.111914290341
7,418.60201615833967,0.7166711779202767,910.4201573014986,-1185.276821010555,-501.7065435041754,408.71361379732326
7,418.60201615833967,0.7166711779202767,918.0754501755948,-1192.348605741542,-504.69990388286243,413.3755462927324
7,418.60201615833967,0.7166711779202767,924.8230528016526,-1188.1041063061066,-502.9032829560799,421.91976984557266
7,418.60201615833967,0.7166711779202767,914.5962413487946,-1179.335931131281,-499.19187075108107,415.4043705977135
7,418.60201615833967,0.7166711779202767,901.5184054289659,-1095.3902097576358,-463.6591437410073,437.8592616879586
7,418.60201615833967,0.7166711779202767,923.1201485818463,-1140.840731999675,-482.89753937171884,440.2226092101274
7,418.60201615833967,0.7166711779202767,883.9840634828164,-1168.115613718867,-494.44251046138737,389.541553021429
7,418.60201615833967,0.7166711779202767,861.6659856094293,-1146.7618969722682,-485.40386292353264,376.26212268589666
7,418.60201615833967,0.7166711779202767,923.7639474041889,-1110.8344122950668,-470.1963992874599,453.56754811672903
7,418.60201615833967,0.7166711779202767,936.1479853093583,-1147.2145538482541,-485.5954645077521,450.5525208016062
7,418.60201615833967,0.7166711779202767,917.4133056025973,-1136.3626881746166,-481.0020632691702,436.41124233342714
7,418.60201615833967,0.7166711779202767,922.500887248016,-1131.2082049833887,-478.8202624446029,443.68062480341314
7,418.60201615833967,0.7166711779202767,894.2383142077535,-1164.577975652319,-492.9450913479153,401.29322285983824
7,418.60201615833967,0.7166711779202767,905.4925285125536,-1122.6995428476246,-475.21869748162703,430.27383103092654
7,418.60201615833967,0.7166711779202767,906.4026842628788,-1182.9667616581637,-500.72873657128554,405.67394769159324
7,418.60201615833967,0.7166711779202767,911.4460848766267,-1135.754486510751,-480.74462234978114,430.7014625268456
7,418.60201615833967,0.7166711779202767,906.4444492325161,-1129.7458054512417,-478.20125479888685,428.2431944336293
7,418.60201615833967,0.7166711779202767,931.5481117724835,-1151.8427905653639,-487.5545145833965,443.993597189087
7,418.60201615833967,0.7166711779202767,918.8470750727414,-1132.3418683743275,-479.30012194348376,439.54695312925764
7,418.60201615833967,0.7166711779202767,902.1184067813426,-1160.9422576440631,-491.40615674399487,410.71225003734776
7,418.60201615833967,0.7166711779202767,910.1919137779257,-1156.1232130395042,-489.36634109191425,420.82557268601147
7,418.60201615833967,0.7166711779202767,932.1509385148403,-1166.535166019499,-493.77353513141924,438.37740338342104
7,418.60201615833967,0.7166711779202767,929.0027959064773,-1180.6192371684604,-499.7350713138174,429.26772459265993
7,418.60201615833967,0.7166711779202767,892.4084808091428,-1140.3623217147035,-482.6950368286882,409.7134439804546
7,418.60201615833967,0.7166711779202767,909.9218362535619,-1145.607534864196,-484.91524202677084,425.00659422679104
7,418.60201615833967,0.7166711779202767,896.032770334735,-1151.5296775510224,-487.42197942758577,408.61079090714924
7,418.60201615833967,0.7166711779202767,945.8170895341741,-1187.931201394361,-502.8300953900287,442.9869941441454
7,418.60201615833967,0.7166711779202767,894.2767678300327,-1131.1663470233807,-478.8025447165065,415.4742231135262
7,418.60201615833967,0.7166711779202767,953.5758573207283,-1162.4890306850605,-492.06087819153197,461.5149791291964
7,418.60201615833967,0.7166711779202767,914.1062914944312,-1141.1089145371127,-483.0110562578175,431.0952352366137
7,418.60201615833967,0.7166711779202767,908.8673034843795,-1149.2416766754657,-486.4535094546124,422.4137940297671
7,418.60201615833967,0.7166711779202767,897.3306502193675,-1125.790795760549,-476.5271697191236,420.8034805002439
7,418.60201615833967,0.7166711779202767,913.6605073395756,-1146.5447858357231,-485.3119636507708,428.3485436888048
7,418.60201615833967,0.7166711779202767,927.0516117810217,-1171.295992599482,-495.78870813179026,431.2629036492315
7,418.60201615833967,0.7166711779202767,921.0845758551374,-1157.8065077269916,-490.0788497180748,431.00572613706254
7,418.60201615833967,0.7166711779202767,939.9105130146551,-1149.7652167798126,-486.6751146454688,453.23539836918627
7,418.60201615833967,0.7166711779202767,883.6700551724264,-1156.9041213342382,-489.69688564859484,393.97316952383153
7,418.60201615833967,0.7166711779202767,903.4225544096917,-1119.7026038998313,-473.95014666384554,429.4724077458461
7,418.60201615833967,0.7166711779202767,915.963914485319,-1204.7037135058386,-509.9296006939094,406.03431379140966
7,418.60201615833967,0.7166711779202767,900.8920924382925,-1119.7457808122138,-473.9684226809637,426.92366975732875
7,418.60201615833967,0.7166711779202767,929.9361482166461,-1208.7094547983222,-511.6251595561087,418.31098866053736
7,418.60201615833967,0.7166711779202767,881.5719789997835,-1131.977882012357,-479.1460530067511,402.42592599303237
7,418.60201615833967,0.7166711779202767,892.8283200331001,-1179.063292078166,-499.07646750136087,393.75185253173925
7,418.60201615833967,0.7166711779202767,889.7288505472936,-1115.961297645259,-472.3665184380175,417.3623321092761
7,418.60201615833967,0.7166711779202767,880.8388328162829,-1125.2163395850264,-476.2840126632299,404.554820153053
7,418.60201615833967,0.7166711779202767,922.0775066739853,-1173.2274030460621,-496.60623973458956,425.4712669393958
7,418.60201615833967,0.7166711779202767,877.1597003587309,-1137.373607552691,-481.42996741607044,395.72973294266046
7,418.60201615833967,0.7166711779202767,899.7987443435045,-1178.0061655527243,-498.62900469290594,401.16973965059856
7,418.60201615833967,0.7166711779202767,948.0033148810311,-1175.006183747913,-497.35916588800626,450.6441489930248
7,418.60201615833967,0.7166711779202767,896.4992326689234,-1166.8341307375863,-493.9000815657057,402.59915110321765
7,418.60201615833967,0.7166711779202767,884.4462454777988,-1143.6697967588877,-484.0950320388613,400.3512134389375
7,418.60201615833967,0.7166711779202767,871.4001177483464,-1127.5293768190074,-477.26308008029764,394.1370376680487
7,418.60201615833967,0.7166711779202767,960.7417395887283,-1192.649915711479,-504.82744302043835,455.9142965682899
7,418.60201615833967,0.7166711779202767,890.5714087762685,-1160.7474770729193,-491.3237096013881,399.24769917488044
7,418.60201615833967,0.7166711779202767,864.9724975282224,-1133.729715801667,-479.88757301258335,385.0849245156391
7,418.60201615833967,0.7166711779202767,899.841178198983,-1190.738200304664,-504.0182479767867,395.8229302221963
7,418.60201615833967,0.7166711779202767,915.5399306413011,-1163.625724880971,-492.54202057611457,422.99791006518655
7,418.60201615833967,0.7166711779202767,877.3707669426385,-1132.6861594402326,-479.4458542125813,397.9249127300572
7,418.60201615833967,0.7166711779202767,945.779974402043,-1168.8698327447785,-494.7617579264753,451.01821647556767
7,418.60201615833967,0.7166711779202767,895.0259231710742,-1133.0471277262063,-479.59864565156016,415.427277519514
7,418.60201615833967,0.7166711779202767,962.2833922049175,-1196.4427705530834,-506.43289084398725,455.85050136093025
7,418.60201615833967,0.7166711779202767,892.2938798522786,-1126.6778873935612,-476.90265978952806,415.3912200627505
7,418.60201615833967,0.7166711779202767,867.1756101929252,-1121.7321084198236,-474.8091997387916,392.3664104541336
7,418.60201615833967,0.7166711779202767,865.7573015853224,-1124.7147800365572,-476.07171144973825,389.6855901355841
7,418.60201615833967,0.7166711779202767,877.1096299655375,-1122.3932505476128,-475.08904941257106,402.0205805529664
7,418.60201615833967,0.7166711779202767,919.9568444191257,-1161.010484320119,-491.43503587941035,428.5218085397153
7,418.60201615833967,0.7166711779202767,885.7464364461061,-1121.085381028904,-474.53545156609806,411.2109848800081
7,418.60201615833967,0.7166711779202767,888.62205204237,-1162.5748095896843,-492.0971868723241,396.5248651700459
7,418.60201615833967,0.7166711779202767,894.7519032350323,-1127.867618191555,-477.4062516220698,417.34565161296246
7,418.60201615833967,0.7166711779202767,920.8431201874486,-1171.7042674065904,-495.9615235776365,424.88159660981205
7,418.60201615833967,0.7166711779202767,890.960583664151,-1182.7956204543618,-500.6562955513579,390.30428811279313
7,418.60201615833967,0.7166711779202767,972.9010401575528,-1179.2272471328617,-499.1458667525091,473.75517340504365
7,418.60201615833967,0.7166711779202767,940.4987579766582,-1115.360277343726,-472.112117261252,468.3866407154062
7,418.60201615833967,0.7166711779202767,888.9416865815497,-1140.6880534911159,-482.83291328147664,406.10877330007304
7,418.60201615833967,0.7166711779202767,912.7159958314114,-1146.03320557321,-485.0954208477051,427.6205749837063
7,418.60201615833967,0.7166711779202767,903.3475142439155,-1193.9819775933047,-505.3912810628415,397.956233181074
7,418.60201615833967,0.7166711779202767,925.3046753672821,-1183.1370874010445,-500.80083242114586,424.5038429461363
7,418.60201615833967,0.7166711779202767,894.018886324085,-1160.0779492525899,-491.0403104134828,402.97857591060216
7,418.60201615833967,0.7166711779202767,909.1908810579135,-1121.8683964703173,-474.86688804039517,434.3239930175184
7,418.60201615833967,0.7166711779202767,944.5359913088082,-1193.7292676252937,-505.2843134394877,439.25167786932053
7,418.60201615833967,0.7166711779202767,932.1911543660585,-1171.0550163699863,-495.6867071907242,436.50444717533435
7,418.60201615833967,0.7166711779202767,926.2138735342531,-1159.4110274936488,-490.7580143248942,435.45585920935895
7,418.60201615833967,0.7166711779202767,901.1404479705005,-1155.3888972638165,-489.05551831774847,412.08492965275207
7,418.60201615833967,0.7166711779202767,913.6208247840569,-1171.5711517581178,-495.90517809724105,417.7156466868159
7,418.60201615833967,0.7166711779202767,864.7408628671735,-1144.700092276444,-484.5311377601056,380.2097251070679
7,418.60201615833967,0.7166711779202767,912.7045529171238,-1139.9949399390912,-482.5395306739051,430.1650222432187
7,418.60201615833967,0.7166711779202767,886.5744037135612,-1123.1235929983752,-475.39819034914484,411.17621336441636
7,418.60201615833967,0.7166711779202767,904.3439055529382,-1176.104895268926,-497.82423088357893,406.51967466935923
7,418.60201615833967,0.7166711779202767,928.2587201691784,-1159.390694050692,-490.7494075410589,437.5093126281196
7,418.60201615833967,0.7166711779202767,914.6873375634269,-1149.6269745902687,-486.61659919164987,428.07073837177705
7,418.60201615833967,0.7166711779202767,940.2770494181909,-1152.1309357011196,-487.6764812814074,452.6005681367835
7,418.60201615833967,0.7166711779202767,900.4849660499998,-1136.1846496418898,-480.9267027328959,419.5582633171039
7,418.60201615833967,0.7166711779202767,900.0686177708892,-1163.5513340820014,-492.51053227738305,407.55808549350616
7,418.60201615833967,0.7166711779202767,930.511493238313,-1181.1474108356692,-499.9586378092116,430.55285542910144
7,418.60201615833967,0.7166711779202767,970.8878966671093,-1195.4034357858957,-505.992958969554,464.8949376975553
7,418.60201615833967,0.7166711779202767,893.3798591510556,-1127.8992607075038,-477.419645334849,415.9602138162066
7,418.60201615833967,0.7166711779202767,944.8314212159718,-1205.1685848320915,-510.1263724371294,434.70504877884235
7,418.60201615833967,0.7166711779202767,900.7152982134264,-1188.9205822835563,-503.248882678642,397.4664155347844
7,418.60201615833967,0.7166711779202767,992.759657052063,-1187.600694622115,-502.69019776664743,490.0694592854155
7,418.60201615833967,0.7166711779202767,926.3485790366013,-1124.4151268273497,-475.9448735894372,450.40370544716416
7,418.60201615833967,0.7166711779202767,909.9885111554495,-1148.7721027935504,-486.2547472034324,423.7337639520171
7,418.60201615833967,0.7166711779202767,936.9650917583831,-1198.735884122173,-507.403524928968,429.5615668294151
7,418.60201615833967,0.7166711779202767,880.0024012724374,-1194.2771332480966,-505.5162151885549,374.4861860838825
7,418.60201615833967,0.7166711779202767,906.5187842945886,-1139.8966371211818,-482.49792084393476,424.02086345065385
7,418.60201615833967,0.7166711779202767,883.7588278168465,-1135.8923243317022,-480.8029666415852,402.9558611752613
7,418.60201615833967,0.7166711779202767,903.2939935790529,-1107.8530742572887,-468.9344520567058,434.35954152234706
7,418.60201615833967,0.7166711779202767,910.3958704402392,-1135.8451595637648,-480.7830026363186,429.61286780392055
7,418.60201615833967,0.7166711779202767,901.9983338284532,-1138.0073609470855,-481.6982239273761,420.30010990107706
7,418.60201615833967,0.7166711779202767,951.9564377093728,-1187.723493681007,-502.74217641863,449.21426129074285
7,418.60201615833967,0.7166711779202767,934.2664448975677,-1180.2430023792815,-499.57581783625085,434.69062706131683
7,418.60201615833967,0.7166711779202767,915.4715926450707,-1162.7736336895205,-492.1813455685256,423.2902470765451
7,418.60201615833967,0.7166711779202767,882.4767375678971,-1173.575454425679,-496.75356367743063,385.72317389046646
7,418.60201615833967,0.7166711779202767,920.0370136130571,-1142.2293305821458,-483.4853083913916,436.5517052216655
7,418.60201615833967,0.7166711779202767,913.1285154789917,-1155.9684161725158,-489.3008183383217,423.82769714067007
7,418.60201615833967,0.7166711779202767,918.6453832613448,-1140.0351837159383,-482.5565651470523,436.0888181142925
7,418.60201615833967,0.7166711779202767,965.5365618435186,-1139.2825092397416,-482.23797146231755,483.29859038120105
7,418.60201615833967,0.7166711779202767,937.4071939641034,-1154.1660693699766,-488.53791707469384,448.86927688940955
7,418.60201615833967,0.7166711779202767,929.7434981578924,-1131.678710358926,-479.0194189804236,450.7240791774688
7,418.60201615833967,0.7166711779202767,932.5899534549388,-1175.3892639537705,-497.5213169083914,435.06863654654745
7,418.60201615833967,0.7166711779202767,883.4802298029767,-1109.5336432435786,-469.6458069421519,413.8344228608248
7,418.60201615833967,0.7166711779202767,918.1783248004836,-1162.5494122274583,-492.0864366217576,426.0918881787259
7,418.60201615833967,0.7166711779202767,914.4301329169815,-1142.817910736003,-483.73444387546783,430.6956890415137
7,418.60201615833967,0.7166711779202767,932.7783141978671,-1154.322919448612,-488.6043089161655,444.17400528170157
7,418.60201615833967,0.7166711779202767,910.3331309542315,-1134.2164065307688,-480.09358051996463,430.23955043426685
7,418.60201615833967,0.7166711779202767,913.4726720877338,-1132.7937020537831,-479.4913750832905,433.9812970044433
7,418.60201615833967,0.7166711779202767,923.4907120668422,-1129.7841640888087,-478.21749132619095,445.27322074065125
7,418.60201615833967,0.7166711779202767,896.8878513003394,-1111.9509931643247,-470.66902805951383,426.2188232408256
7,418.60201615833967,0.7166711779202767,898.0412733188496,-1106.1735343061782,-468.2235327435024,429.81774057534716
7,418.60201615833967,0.7166711779202767,966.8914585142606,-1171.3454270024258,-495.80963283308495,471.0818256811757
7,418.60201615833967,0.7166711779202767,948.3516980856315,-1173.5730987600698,-496.75256656618245,451.59913151944903
7,418.60201615833967,0.7166711779202767,906.9774521999052,-1134.4665490472673,-480.1994613868738,426.7779908130314
7,418.60201615833967,0.7166711779202767,925.295896366312,-1198.90890238801,-507.47676047578494,417.8191358905271
7,418.60201615833967,0.7166711779202767,942.3787542529769,-1161.765284548231,-491.75452935702623,450.6242248959507
7,418.60201615833967,0.7166711779202767,952.9487597999095,-1191.0075013481878,-504.13223830656744,448.816521493342
7,418.60201615833967,0.7166711779202767,946.4575130857438,-1175.4763697030123,-497.5581872188512,448.89932586689264
7,418.60201615833967,0.7166711779202767,897.3608701168977,-1174.4968017413557,-497.14355356748933,400.21731654940834
7,418.60201615833967,0.7166711779202767,926.8811329836179,-1178.483179672748,-498.8309162642094,428.0502167194085
7,418.60201615833967,0.7166711779202767,907.5191536423179,-1166.1158117858854,-493.59602996189204,413.9231236804258
7,418.60201615833967,0.7166711779202767,919.2669883075948,-1126.3797181284854,-476.7764500563176,442.49053825127726
7,418.60201615833967,0.7166711779202767,908.3180226986454,-1166.4978322000472,-493.75773239134963,414.5602903072958
7,418.60201615833967,0.7166711779202767,894.0140299259102,-1156.2859276511472,-489.4352152856367,404.57881464027355
7,418.60201615833967,0.7166711779202767,915.79665267326,-1139.4482082716672,-482.30810890793003,433.48854376533
7,418.60201615833967,0.7166711779202767,932.4404790810446,-1191.6630919243098,-504.4097381075166,428.030740973528
7,418.60201615833967,0.7166711779202767,911.5371586562425,-1144.4594569001315,-484.42928109611415,427.1078775601283
7,418.60201615833967,0.7166711779202767,916.1419351539352,-1151.7202561941792,-487.5026479690008,428.63928718493435
7,418.60201615833967,0.7166711779202767,945.3486754607866,-1173.0478203200034,-496.5302255688125,448.81844989197407
7,418.60201615833967,0.7166711779202767,879.4199926688541,-1151.6742257665367,-487.48316410975445,391.93682855909964
7,418.60201615833967,0.7166711779202767,939.8540015605113,-1187.5832920104967,-502.6828315514577,437.1711700090536
7,418.60201615833967,0.7166711779202767,972.9419862791959,-1165.228353767214,-493.22038480697114,479.7216014722248
7,418.60201615833967,0.7166711779202767,922.4961216364453,-1188.9924452416467,-503.27930098740364,419.21682064904167
7,418.60201615833967,0.7166711779202767,917.4379827183731,-1162.4146745887776,-492.02940458182894,425.4085781365441
7,418.60201615833967,0.7166711779202767,876.3197067587387,-1140.048430534831,-482.56217228928375,393.7575344694549
7,418.60201615833967,0.7166711779202767,969.0269654933297,-1189.4709867168085,-503.48185906090254,465.5451064324272
7,418.60201615833967,0.7166711779202767,913.5349886195678,-1105.8763135870233,-468.09772451286653,445.43726410670126
7,418.60201615833967,0.7166711779202767,931.5649503727749,-1137.6593852701626,-481.55093202813543,450.01401834463945
7,418.60201615833967,0.7166711779202767,905.2857049943437,-1168.1598508289937,-494.46123524130616,410.8244697530376
7,418.60201615833967,0.7166711779202767,844.5344068374274,-1115.2536369130128,-472.0669782684509,372.46742856897646
7,418.60201615833967,0.7166711779202767,935.3797130623001,-1175.4573290603569,-497.5501276543314,437.8295854079687
7,418.60201615833967,0.7166711779202767,913.6581562857045,-1154.5623322029314,-488.705648066068,424.9525082196365
7,418.60201615833967,0.7166711779202767,931.3270276761478,-1146.2452239956401,-485.1851644653909,446.1418632107569
7,418.60201615833967,0.7166711779202767,931.8747245353186,-1188.0352000886503,-502.8741161829067,429.0006083524119
7,418.60201615833967,0.7166711779202767,921.4166083168387,-1183.485181732044,-500.9481745445414,420.4684337722973
7,418.60201615833967,0.7166711779202767,941.0116372452662,-1220.9669112071597,-516.8135222896243,424.1981149556419
7,418.60201615833967,0.7166711779202767,908.0550112296089,-1171.8771376224242,-496.03469645752705,412.02031477208186
7,418.60201615833967,0.7166711779202767,921.6023474771005,-1128.4045857519336,-477.6335404156377,443.96880706146277
7,418.60201615833967,0.7166711779202767,948.7731549844391,-1215.649990643204,-514.5629646216239,434.2101903628152
7,418.60201615833967,0.7166711779202767,893.8110413059633,-1178.1863789139925,-498.7052857953222,395.1057555106411
7,418.60201615833967,0.7166711779202767,937.5608543952562,-1164.964519095958,-493.1087082950998,444.4521461001564
7,418.60201615833967,0.7166711779202767,918.9458490296174,-1169.655926664796,-495.0944974658728,423.85135156374463
7,418.60201615833967,0.7166711779202767,946.3765647184927,-1180.3243778913713,-499.61026263950083,446.7663020789918
7,418.60201615833967,0.7166711779202767,938.7473995623691,-1121.632691647503,-474.76711839178205,463.98028117058703
7,418.60201615833967,0.7166711779202767,959.306397029369,-1165.606449894541,-493.380426155786,465.925970873583
7,418.60201615833967,0.7166711779202767,915.617846239415,-1223.3179780136888,-517.8086869466413,397.80915929277376
7,418.60201615833967,0.7166711779202767,933.6361819080889,-1197.6114230672406,-506.92756061483067,426.70862129325826
7,418.60201615833967,0.7166711779202767,930.3430827666183,-1162.2981377925569,-491.9800766339719,438.3630061326464
7,418.60201615833967,0.7166711779202767,924.0996955496407,-1162.6174968863932,-492.11525564385806,431.98443990578266
7,418.60201615833967,0.7166711779202767,892.8488756283753,-1145.2622626864218,-484.76909447051344,408.0797811578618
7,418.60201615833967,0.7166711779202767,943.0591852505291,-1187.4715386577188,-502.6355283499158,440.42365690061337
7,418.60201615833967,0.7166711779202767,944.0352891321351,-1224.27329356631,-518.2130549857063,425.82223414642874
7,418.60201615833967,0.7166711779202767,931.9102272233675,-1168.9519256920958,-494.79650640726436,437.1137208161032
7,418.60201615833967,0.7166711779202767,903.1855505978776,-1175.648223270866,-497.6309297697797,405.55462082809794
7,418.60201615833967,0.7166711779202767,925.8550313286597,-1175.4961842016896,-497.5665743428263,428.2884569858334
7,418.60201615833967,0.7166711779202767,913.3577133681936,-1166.7136627558236,-493.8490896171063,419.50862375108727
7,418.60201615833967,0.7166711779202767,890.9114871497204,-1158.145712122515,-490.22242889030093,400.6890582594195
7,418.60201615833967,0.7166711779202767,900.8679527146195,-1121.1095535828022,-474.5456833771391,426.3222693374804
7,418.60201615833967,0.7166711779202767,958.9394232773202,-1210.7713128448902,-512.4979073019542,446.441515975366
7,418.60201615833967,0.7166711779202767,923.0992493388179,-1170.9771829680321,-495.65376169953475,427.44548763928316
7,418.60201615833967,0.7166711779202767,939.3616968164166,-1158.7855496606883,-490.49326071118094,448.8684361052357
7,418.60201615833967,0.7166711779202767,934.2723756957286,-1163.0501162878907,-492.2983757224175,441.97399997331104
7,418.60201615833967,0.7166711779202767,938.2339643606974,-1143.0171412272314,-483.8187745898993,454.4151897707981
7,418.60201615833967,0.7166711779202767,899.1033386168017,-1165.743205002346,-493.4383121544213,405.6650264623804
7,418.60201615833967,0.7166711779202767,942.2471693662995,-1184.3519407021433,-501.31505816128924,440.9321112050103
7,418.60201615833967,0.7166711779202767,890.3487252886683,-1150.2061446466137,-486.8617515492419,403.48697373942645
7,418.60201615833967,0.7166711779202767,893.217976003398,-1140.68723703286,-482.8325676892553,410.3854083141427
7,418.60201615833967,0.7166711779202767,879.6700093474371,-1128.2954875410378,-477.5873610883103,402.08264825912687
7,418.60201615833967,0.7166711779202767,984.4946078151361,-1179.8310571997035,-499.40144878718513,485.09315902795095
7,418.60201615833967,0.7166711779202767,955.0869212151836,-1169.6750700699326,-495.1026005279185,459.98432068726504
7,418.60201615833967,0.7166711779202767,908.7063010021711,-1143.3924700513132,-483.97764458859467,424.72865641357646
7,418.60201615833967,0.7166711779202767,911.9208530508355,-1149.8609154344683,-486.71562217956904,425.20523087126645
7,418.60201615833967,0.7166711779202767,923.723737614147,-1172.524738106221,-496.3088141948674,427.4149234192796
7,418.60201615833967,0.7166711779202767,884.3854011672597,-1140.978288251306,-482.95576448025025,401.42963668700946
7,418.60201615833967,0.7166711779202767,866.0839956906588,-1129.9360334756143,-478.28177492962243,387.8022207610363
7,418.60201615833967,0.7166711779202767,900.9393241998104,-1179.4763523161112,-499.2513085347507,401.68801566505965
7,418.60201615833967,0.7166711779202767,904.8742292772039,-1134.5581495052327,-480.2382342273905,424.6359950498134
7,418.60201615833967,0.7166711779202767,966.9863926250337,-1210.6435044457041,-512.4438082855474,454.5425843394862
7,418.60201615833967,0.7166711779202767,914.6784712151552,-1150.155243875497,-486.8402061604467,427.83826505470853
7,418.60201615833967,0.7166711779202767,887.4347698685311,-1166.988169311743,-493.9652833474638,393.4694865210673
7,418.60201615833967,0.7166711779202767,930.9438546681008,-1151.8959710859444,-487.57702494948927,443.36682971861154
7,418.60201615833967,0.7166711779202767,929.2907983758089,-1197.8799763600578,-507.04123443507046,422.2495639407384
7,418.60201615833967,0.7166711779202767,909.4008453068602,-1181.043665760339,-499.91472436871663,409.4861209381436
7,418.60201615833967,0.7166711779202767,940.541723690581,-1186.9387737448958,-502.41001846212026,438.1317052284607
7,418.60201615833967,0.7166711779202767,926.2158254583051,-1182.0698174158063,-500.3490760670284,425.86674939127664
7,418.60201615833967,0.7166711779202767,906.3118014497185,-1142.3536613551705,-483.5379353906543,422.7738660590642
7,418.60201615833967,0.7166711779202767,893.9649618568385,-1156.8624618401366,-489.67925192757764,404.28570992926086
7,418.60201615833967,0.7166711779202767,935.0865159794936,-1179.3408416907953,-499.1939493033626,435.89256667613097
7,418.60201615833967,0.7166711779202767,969.436586201467,-1152.6208934315584,-487.88387165220036,481.5527145492666
7,418.60201615833967,0.7166711779202767,945.1177119183972,-1139.243807134613,-482.221589551319,462.89612236707814
7,418.60201615833967,0.7166711779202767,916.9450685910175,-1132.6865967666733,-479.4460393250656,437.4990292659519
7,418.60201615833967,0.7166711779202767,914.5757528455763,-1190.9208680483675,-504.09556797552347,410.4801848700528
7,418.60201615833967,0.7166711779202767,897.1381162499396,-1129.0942056366753,-477.9254442161444,419.2126720337952
7,418.60201615833967,0.7166711779202767,904.4905561381588,-1115.1793691125902,-472.0355420328111,432.4550141053477
7,418.60201615833967,0.7166711779202767,942.3661370282932,-1171.5333653764812,-495.8891837956683,446.4769532326249
7,418.60201615833967,0.7166711779202767,916.7685577031248,-1173.7417248304594,-496.82394297498433,419.94461472814044
7,418.60201615833967,0.7166711779202767,914.0156134026873,-1163.634711691705,-492.54582453285326,421.4697888698341
7,418.60201615833967,0.7166711779202767,912.5584122977981,-1163.637289136599,-492.54691551931813,420.01149677847997
7,418.60201615833967,0.7166711779202767,900.9626316498982,-1134.8371477071144,-480.3563291913927,420.60630245850547
7,418.60201615833967,0.7166711779202767,900.023799421359,-1156.607827350146,-489.57146968838623,410.4523297329727
7,418.60201615833967,0.7166711779202767,884.7863136720715,-1171.1730435459167,-495.7366659897371,389.0496476823344
7,418.60201615833967,0.7166711779202767,884.4011186685333,-1133.4383112005328,-479.76422664099766,404.6368920275356
7,418.60201615833967,0.7166711779202767,874.5672997958867,-1199.2397560041816,-507.6168049120153,366.9504948838714
7,418.60201615833967,0.7166711779202767,935.328619837013,-1213.0037689439528,-513.442866161464,421.8857536755489
7,418.60201615833967,0.7166711779202767,938.3264714053554,-1148.0798146176433,-485.961713962854,452.3647574425014
7,418.60201615833967,0.7166711779202767,908.4984878137226,-1149.2513930161972,-486.4576222083907,422.0408656053319
7,418.60201615833967,0.7166711779202767,889.1139200565855,-1139.6020190832671,-482.37321428185913,406.74070577472634
7,418.60201615833967,0.7166711779202767,951.5772588865361,-1159.8937892916429,-490.96235878579483,460.6149001007413
7,418.60201615833967,0.7166711779202767,953.3759061058731,-1174.5168600433633,-497.1520438890669,456.22386221680625
7,418.60201615833967,0.7166711779202767,891.7080338678164,-1169.0236734938694,-494.8268759724105,396.8811578954059
7,418.60201615833967,0.7166711779202767,890.5650869225806,-1157.888244015061,-490.1134472313639,400.45163969121666
7,418.60201615833967,0.7166711779202767,893.1182782994688,-1161.600309732475,-491.6846984592047,401.4335798402641
7,418.60201615833967,0.7166711779202767,936.9689194535205,-1200.0315754460714,-507.9519679627289,429.0169514907916
8,439.89221865449224,0.6819852392879702,950.4240990552775,-1218.0080440427218,-502.93012284779667,447.4939762074808
8,439.89221865449224,0.6819852392879702,946.280461850441,-1189.5055592340805,-491.161105182939,455.119356667502
8,439.89221865449224,0.6819852392879702,952.5579231729171,-1143.7052492144746,-472.2496081223994,480.30831505051765
8,439.89221865449224,0.6819852392879702,943.0929133385059,-1168.1291522785905,-482.33453049096437,460.75838284754155
8,439.89221865449224,0.6819852392879702,960.732809856857,-1233.0691080018191,-509.14901670832165,451.58379314853534
8,439.89221865449224,0.6819852392879702,923.2634209269612,-1131.59001746522,-467.2470836959117,456.0163372310495
8,439.89221865449224,0.6819852392879702,891.6426905887373,-1128.4670750961807,-465.95758335394817,425.68510723478914
8,439.89221865449224,0.6819852392879702,916.4145072140989,-1209.7977509628874,-499.5399944102601,416.8745128038388
8,439.89221865449224,0.6819852392879702,929.7126996653117,-1165.5963540017276,-481.2887077192991,448.42399194601256
8,439.89221865449224,0.6819852392879702,938.0034830603911,-1150.5860844042998,-475.0907874596295,462.9126956007616
8,439.89221865449224,0.6819852392879702,934.6464524019331,-1230.2565620201976,-507.98768275575014,426.6587696461829
8,439.89221865449224,0.6819852392879702,906.4675645930722,-1160.2239956473063,-479.07039655100544,427.39716804206677
8,439.89221865449224,0.6819852392879702,898.9978162020863,-1142.6319336168424,-471.8064232452454,427.19139295684084
8,439.89221865449224,0.6819852392879702,921.5928515675665,-1144.4257842363334,-472.54712567068816,449.04572589687837
8,439.89221865449224,0.6819852392879702,894.0505470070937,-1118.5207333578294,-461.8506196135841,432.19992739350954
8,439.89221865449224,0.6819852392879702,934.6050414146117,-1115.300627967031,-460.5209994951473,474.0840419194644
8,439.89221865449224,0.6819852392879702,928.2156734772686,-1145.8907437195514,-473.1520250032217,455.06364847404694
8,439.89221865449224,0.6819852392879702,944.184135630672,-1252.4379677684906,-517.1466510995868,427.03748453108517
8,439.89221865449224,0.6819852392879702,981.7652445315982,-1209.7537768669144,-499.521836978872,482.24340755272624
8,439.89221865449224,0.6819852392879702,952.9727589824533,-1164.933361936131,-481.01495034747506,471.9578086349783
8,439.89221865449224,0.6819852392879702,942.4728173656056,-1148.4287274083995,-474.19998889365826,468.2728284719473
8,439.89221865449224,0.6819852392879702,931.5712604420231,-1159.254484758739,-478.6700738826337,452.90118655938943
8,439.89221865449224,0.6819852392879702,935.4369986980463,-1212.097244437228,-500.48948283210933,434.94751586593696
8,439.89221865449224,0.6819852392879702,927.7866192502516,-1142.9216085721296,-471.9260335069026,455.860585743349
8,439.89221865449224,0.6819852392879702,905.791022145986,-1118.8355144615662,-461.9805965049083,443.81042564107764
8,439.89221865449224,0.6819852392879702,913.8131759010682,-1145.5963049087982,-473.0304476885335,440.7827282125347
8,439.89221865449224,0.6819852392879702,919.7762088607243,-1157.0470677672859,-477.7586049443802,442.0176039163441
8,439.89221865449224,0.6819852392879702,944.4956602803129,-1155.7579530836877,-477.2263140376346,467.2693462426783
8,439.89221865449224,0.6819852392879702,926.0242752196351,-1137.9394265247945,-469.8688308132327,456.1554444064024
8,439.89221865449224,0.6819852392879702,948.1927604305331,-1154.0833674980724,-476.5348575744266,471.6579028561065
8,439.89221865449224,0.6819852392879702,910.7566933423218,-1113.572955484505,-459.8076228157999,450.9490705265219
8,439.89221865449224,0.6819852392879702,979.1609922903946,-1160.4528085477746,-479.16487614061447,499.9961161497801
8,439.89221865449224,0.6819852392879702,931.4217555887586,-1162.5819022861401,-480.0440044687301,451.3777511200285
8,439.89221865449224,0.6819852392879702,987.2449734970817,-1161.8170450422701,-479.7281857436388,507.5167877534429
8,439.89221865449224,0.6819852392879702,905.4738049757727,-1155.4639118176663,-477.10490087393197,428.36890410184077
8,439.89221865449224,0.6819852392879702,890.9987172861006,-1104.1770861746072,-455.92795574019976,435.07076154590084
8,439.89221865449224,0.6819852392879702,951.4423732502142,-1165.1942385736638,-481.1226694384977,470.3197038117165
8,439.89221865449224,0.6819852392879702,933.7828570069859,-1166.1913928403694,-481.53440638909115,452.2484506178947
8,439.89221865449224,0.6819852392879702,931.4886078617536,-1110.1852925478731,-458.4088161780111,473.07979168374254
8,439.89221865449224,0.6819852392879702,988.509880279938,-1120.7419992687483,-462.76780693670565,525.7420733432323
8,439.89221865449224,0.6819852392879702,893.740563590244,-1161.2360336808256,-479.48827918734264,414.2522844029014
8,439.89221865449224,0.6819852392879702,940.1525116440641,-1111.5550237103764,-458.97439459532575,481.1781170487384
8,439.89221865449224,0.6819852392879702,970.8100818485422,-1181.4357767537783,-487.82899525638834,482.9810865921538
8,439.89221865449224,0.6819852392879702,957.8315881157512,-1139.376814272723,-470.46234544573565,487.3692426700155
8,439.89221865449224,0.6819852392879702,968.0004948107766,-1210.3576407545852,-499.7711796172027,468.2293151935739
8,439.89221865449224,0.6819852392879702,980.8451637030213,-1172.2781512833615,-484.04770191817346,496.7974617848478
8,439.89221865449224,0.6819852392879702,925.4662086090736,-1146.1005226797733,-473.2386452507244,452.22756335834924
8,439.89221865449224,0.6819852392879702,959.962040603855,-1140.070362195077,-470.7487196971179,489.2133209067371
8,439.89221865449224,0.6819852392879702,907.2351747417499,-1101.8561067074493,-454.96959549434246,452.26557924740746
8,439.89221865449224,0.6819852392879702,951.0315892428405,-1133.8291444408658,-468.1716460667772,482.85994317606327
8,439.89221865449224,0.6819852392879702,951.7869866158712,-1166.5477970045945,-481.6815699410676,470.1054166748036
8,439.89221865449224,0.6819852392879702,937.1721976725486,-1181.3261028681982,-487.78370959426337,449.3884880782852
8,439.89221865449224,0.6819852392879702,924.6914569296194,-1141.681168232464,-471.4138408202741,453.27761610934533
8,439.89221865449224,0.6819852392879702,961.949395312525,-1136.9425282846107,-469.45719957905936,492.4921957334656
8,439.89221865449224,0.6819852392879702,959.8205157643325,-1174.8622511810552,-485.11470774408286,474.70580802024966
8,439.89221865449224,0.6819852392879702,945.2706098858899,-1102.1473458998987,-455.089851648276,490.18075823761393
8,439.89221865449224,0.6819852392879702,916.6719948360414,-1105.709483939954,-456.5607011478734,460.1112936881681
8,439.89221865449224,0.6819852392879702,929.9242333045424,-1191.0868602313385,-491.81404332132,438.1101899832224
8,439.89221865449224,0.6819852392879702,957.6991932932315,-1155.5050005589558,-477.1218669077816,480.57732638544985
8,439.89221865449224,0.6819852392879702,941.0210076030318,-1212.102119595828,-500.4914958435386,440.5295117594932
8,439.89221865449224,0.6819852392879702,968.4658245240818,-1163.4362943537922,-480.3967931959032,488.0690313281786
8,439.89221865449224,0.6819852392879702,929.0700132169405,-1186.311282356803,-489.8421499673669,439.22786324957366
8,439.89221865449224,0.6819852392879702,907.5683831864085,-1130.526409219256,-466.8079071006332,440.7604760857753
8,439.89221865449224,0.6819852392879702,964.3780713915567,-1190.954207223963,-491.7592693043324,472.61880208722425
8,439.89221865449224,0.6819852392879702,952.5373603721188,-1167.6259461764892,-482.12675065897935,470.4106097131394
8,439.89221865449224,0.6819852392879702,907.7674766755059,-1158.030041812588,-478.1644867115639,429.60298996394204
8,439.89221865449224,0.6819852392879702,943.7481242788444,-1163.709606851111,-480.5096472025123,463.2384770763321
8,439.89221865449224,0.6819852392879702,917.0311915023318,-1133.2222549622609,-467.9210541256791,449.1101373766527
8,439.89221865449224,0.6819852392879702,932.5635902958782,-1159.2064587150812,-478.65024335347186,453.9133469424063
8,439.89221865449224,0.6819852392879702,920.3913495082505,-1130.7584607004615,-466.90372393905267,453.48762556919786
8,439.89221865449224,0.6819852392879702,954.7204100250344,-1138.9777024830278,-470.2975474032242,484.4228626218102
8,439.89221865449224,0.6819852392879702,950.5645938717922,-1159.2775050867863,-478.6795792520518,471.88501461974045
8,439.89221865449224,0.6819852392879702,901.4538419160028,-1105.3228920816896,-456.4010727351385,445.05276918086435
8,439.89221865449224,0.6819852392879702,947.3834958510203,-1104.0019522147747,-455.8556408286816,491.52785502233866
8,439.89221865449224,0.6819852392879702,919.5602491456231,-1145.7165766823578,-473.08010934565255,446.4801397999705
8,439.89221865449224,0.6819852392879702,914.9158412780511,-1116.386340304616,-460.96930313483966,453.9465381432114
8,439.89221865449224,0.6819852392879702,972.5915321178926,-1191.4239332588675,-491.9532248152132,480.6383073026794
8,439.89221865449224,0.6819852392879702,971.7293644660704,-1131.0283184075108,-467.0151514213436,504.71421304472676
8,439.89221865449224,0.6819852392879702,965.6160921271139,-1166.55647782827,-481.68515435722884,483.9309377698851
8,439.89221865449224,0.6819852392879702,929.5844162630382,-1188.711354060641,-490.8331683459059,438.7512479171323
8,439.89221865449224,0.6819852392879702,947.1926932290025,-1154.5075399067669,-476.71000344694914,470.4826897820534
8,439.89221865449224,0.6819852392879702,949.478674201849,-1152.1069283635038,-475.7187621622399,473.7599120396091
8,439.89221865449224,0.6819852392879702,959.1215657283345,-1154.5564488227174,-476.7301985246645,482.39136720367003
8,439.89221865449224,0.6819852392879702,937.6806323377897,-1157.5035909105216,-477.94710882301496,459.73352351477473
8,439.89221865449224,0.6819852392879702,954.8609826392659,-1211.0066473965448,-500.0391622399499,454.821820399316
8,439.89221865449224,0.6819852392879702,957.3385246104945,-1218.7974680874186,-503.25608549945576,454.0824391110387
8,439.89221865449224,0.6819852392879702,940.5741465853765,-1138.9189395687472,-470.27328349146876,470.30086309390776
8,439.89221865449224,0.6819852392879702,940.3266661106346,-1163.9574291027338,-480.6119759810969,459.7146901295377
8,439.89221865449224,0.6819852392879702,916.8612505232046,-1150.8574139003608,-475.2028226612471,441.6584278619575
8,439.89221865449224,0.6819852392879702,928.9869773076779,-1179.6354386446264,-487.0856140686927,441.9013632389852
8,439.89221865449224,0.6819852392879702,986.3729486811503,-1219.9556931222553,-503.7343305011246,482.63861818002573
8,439.89221865449224,0.6819852392879702,902.5990841025507,-1161.7749515126031,-479.7108048206226,422.8882792819281
8,439.89221865449224,0.6819852392879702,984.3290057558229,-1210.7347752974194,-499.9269029910223,484.4021027648006
8,439.89221865449224,0.6819852392879702,970.9303213048413,-1169.0476830611278,-482.7138028624076,488.2165184424337
8,439.89221865449224,0.6819852392879702,947.3660992168869,-1144.0999557590774,-472.41258718640216,474.9535120304848
8,439.89221865449224,0.6819852392879702,946.382072092684,-1194.62738402331,-493.2759680387723,453.1061040539117
8,439.89221865449224,0.6819852392879702,929.0966777673244,-1157.4537184905469,-477.9265159029376,451.17016186438684
8,439.89221865449224,0.6819852392879702,924.1769895019517,-1153.3683481063806,-476.2396174959551,447.93737200599656
8,439.89221865449224,0.6819852392879702,871.9332830556277,-1131.0154159965866,-467.0098238611991,404.92345919442863
8,439.89221865449224,0.6819852392879702,918.1355365630627,-1171.3296923590995,-483.65607185823404,434.4794647048287
8,439.89221865449224,0.6819852392879702,902.447266974249,-1148.4449672021951,-474.2066944991989,428.24057247505016
8,439.89221865449224,0.6819852392879702,935.237669254964,-1093.7131447096517,-451.6072688677429,483.6304003872211
8,439.89221865449224,0.6819852392879702,915.0445394159161,-1142.362879083973,-471.6953274032019,443.34921201271425
8,439.89221865449224,0.6819852392879702,930.7826310891226,-1130.7747232523811,-466.91043894169553,463.87219214742703
8,439.89221865449224,0.6819852392879702,963.2292947637268,-1199.3026948835925,-495.2064599405409,468.02283482318586
8,439.89221865449224,0.6819852392879702,951.1732782874461,-1165.66909488912,-481.3187433037201,469.854534983726
8,439.89221865449224,0.6819852392879702,923.4859141405137,-1135.9883892827859,-469.0632241470015,454.4226899935122
8,439.89221865449224,0.6819852392879702,936.3517719580324,-1113.8600876689125,-459.9261831368782,476.4255888211542
8,439.89221865449224,0.6819852392879702,939.7120899146604,-1084.0153645399325,-447.6029391788195,492.1091507358409
8,439.89221865449224,0.6819852392879702,960.5972507299182,-1193.8119168800322,-492.93925187950475,467.65799885041343
8,439.89221865449224,0.6819852392879702,958.1273824336972,-1142.0865866106878,-471.58124292879234,486.5461395049049
8,439.89221865449224,0.6819852392879702,983.4570878544249,-1128.8200514378266,-466.10333151688894,517.353756337536
8,439.89221865449224,0.6819852392879702,952.2194627643505,-1174.1743245724585,-484.8306546005392,467.3888081638113
8,439.89221865449224,0.6819852392879702,972.0028702553218,-1146.309508317309,-473.3249379257797,498.6779323295421
8,439.89221865449224,0.6819852392879702,940.5405631901322,-1194.8433618738645,-493.36514788240555,447.1754153077266
8,439.89221865449224,0.6819852392879702,908.2703960215144,-1086.0410981263758,-448.4393888611264,459.831007160388
8,439.89221865449224,0.6819852392879702,916.3991794044997,-1119.5471216508938,-462.2744276441182,454.1247517603815
8,439.89221865449224,0.6819852392879702,930.8407141207218,-1154.2297117167238,-476.59528485668017,454.24542926404166
8,439.89221865449224,0.6819852392879702,890.9417987746154,-1116.3272497926255,-460.9449039540626,429.9968948205528
8,439.89221865449224,0.6819852392879702,929.1029923561374,-1154.9889707397383,-476.90879200926884,452.19420034686857
8,439.89221865449224,0.6819852392879702,917.4297375213984,-1112.9315603299713,-459.54278306745726,457.8869544539411
8,439.89221865449224,0.6819852392879702,969.8426809424078,-1186.765532688138,-490.0297153747213,479.8129655676865
8,439.89221865449224,0.6819852392879702,972.6409857426493,-1141.6214551765045,-471.3891845836292,501.2518011590201
8,439.89221865449224,0.6819852392879702,922.0512039949595,-1124.5429498570675,-464.33726500036255,457.7139389945969
8,439.89221865449224,0.6819852392879702,951.7143949245175,-1135.9176432707773,-469.03401227054104,482.68038265397644
8,439.89221865449224,0.6819852392879702,914.3395568358993,-1146.414368686272,-473.368236029189,440.9713208067103
8,439.89221865449224,0.6819852392879702,943.3411340168619,-1195.6457181394733,-493.6964504031106,449.64468361375134
8,439.89221865449224,0.6819852392879702,973.2487273459101,-1178.2082676230366,-486.49631804497295,486.75240930093713
8,439.89221865449224,0.6819852392879702,939.9217934315465,-1135.587726746778,-468.89778578274723,471.0240076487992
8,439.89221865449224,0.6819852392879702,951.1718287061401,-1166.6779702578253,-481.73532003784163,469.4365086682985
8,439.89221865449224,0.6819852392879702,897.3602554416593,-1129.8121118007216,-466.5129651335334,430.84729030812593
8,439.89221865449224,0.6819852392879702,962.5171708151014,-1134.6811700444555,-468.52345765256985,493.99371316253155
8,439.89221865449224,0.6819852392879702,918.1558370345754,-1127.333807625752,-465.4896436298143,452.6661934047611
8,439.89221865449224,0.6819852392879702,934.206236048108,-1147.3239479167398,-473.74381219747164,460.4624238506364
8,439.89221865449224,0.6819852392879702,980.9369657317466,-1186.9353547688654,-490.09983694767834,490.8371287840682
8,439.89221865449224,0.6819852392879702,923.2807089256738,-1163.1031399828148,-480.25922976227696,443.02147916339686
8,439.89221865449224,0.6819852392879702,930.4245132145742,-1119.7036055542605,-462.3390417237451,468.0854714908291
8,439.89221865449224,0.6819852392879702,929.0452715427067,-1123.8481294952824,-464.05036534348517,464.99490619922153
8,439.89221865449224,0.6819852392879702,945.6767218754442,-1121.857082578471,-463.2282382028925,482.4484836725517
8,439.89221865449224,0.6819852392879702,903.5898301003704,-1137.602015215389,-469.7295096386973,433.86032046167304
8,439.89221865449224,0.6819852392879702,935.3986179102143,-1133.568011505834,-468.0638211474448,467.3347967627695
8,439.89221865449224,0.6819852392879702,948.6294322264248,-1126.6679092639304,-465.2146862134384,483.41474601298637
8,439.89221865449224,0.6819852392879702,936.2863499074696,-1198.1748942518439,-494.7407775396345,441.54557236783506
8,439.89221865449224,0.6819852392879702,889.0746863775473,-1146.622761240358,-473.45428381297796,415.62040256456936
8,439.89221865449224,0.6819852392879702,943.2936222605946,-1147.723108697781,-473.90863046909715,469.38499179149744
8,439.89221865449224,0.6819852392879702,938.9588496513903,-1143.9167061434373,-472.33692122331064,466.6219284280797
8,439.89221865449224,0.6819852392879702,922.2437964095055,-1157.1516772525767,-477.80179945491375,444.4419969545918
8,439.89221865449224,0.6819852392879702,922.5423828248796,-1159.6174561467005,-478.8199491200187,443.7224337048609
8,439.89221865449224,0.6819852392879702,916.6814716767794,-1166.793162359737,-481.7828842376422,434.89858743913726
8,439.89221865449224,0.6819852392879702,961.3941318207735,-1165.1934720187387,-481.12235291877965,480.27177890199386
8,439.89221865449224,0.6819852392879702,924.9681591192748,-1170.3541920013608,-483.2532760662398,441.714883053035
8,439.89221865449224,0.6819852392879702,954.214680262893,-1189.2584383771198,-491.05906601861875,463.15561424427426
8,439.89221865449224,0.6819852392879702,929.7622498701974,-1137.1655184494152,-469.54927489130995,460.2129749788874
8,439.89221865449224,0.6819852392879702,932.6617631421049,-1197.161367840241,-494.3222803341439,438.33948280796096
8,439.89221865449224,0.6819852392879702,953.1195409995664,-1140.265620472529,-470.8293441806312,482.2901968189352
8,439.89221865449224,0.6819852392879702,929.4838885813082,-1168.936984784961,-482.66809421712895,446.8157943641792
8,439.89221865449224,0.6819852392879702,898.737525707613,-1112.4079254269639,-459.32656793867795,439.4109577689351
8,439.89221865449224,0.6819852392879702,945.9970173703663,-1161.4238836737961,-479.5658447013831,466.43117266898315
8,439.89221865449224,0.6819852392879702,938.1701404779673,-1133.3774120353808,-467.985120341191,470.18502013677625
8,439.89221865449224,0.6819852392879702,883.2956969153,-1094.7807735909175,-452.04810563153694,431.2475912837631
8,439.89221865449224,0.6819852392879702,941.2204816234075,-1165.4854246578134,-481.24290366337755,459.97757796003
8,439.89221865449224,0.6819852392879702,879.7949822787966,-1133.223586863962,-467.92160408385837,411.87337819493825
8,439.89221865449224,0.6819852392879702,942.3171231766771,-1160.5423006053004,-479.20182848399634,463.1152946926808
8,439.89221865449224,0.6819852392879702,925.7685299456297,-1196.2739135860359,-493.9558398337941,431.8126901118356
8,439.89221865449224,0.6819852392879702,924.8056077984206,-1172.132280981427,-483.98747032181365,440.818137476607
8,439.89221865449224,0.6819852392879702,908.4800215949149,-1105.237193680167,-456.3656868377986,452.1143347571163
8,439.89221865449224,0.6819852392879702,890.5758304782564,-1097.2240618319615,-453.05696863636757,437.51886184188885
8,439.89221865449224,0.6819852392879702,974.0531015318005,-1199.9565964642393,-495.47646374215253,478.576637789648
8,439.89221865449224,0.6819852392879702,924.0263225898038,-1155.073126614666,-476.9435409788859,447.08278161091795
8,439.89221865449224,0.6819852392879702,951.3223205916723,-1099.8459855778826,-454.13959238264175,497.1827282090306
8,439.89221865449224,0.6819852392879702,953.7338560618529,-1130.1728032395965,-466.6618989526085,487.07195710924435
8,439.89221865449224,0.6819852392879702,922.0844752410111,-1108.8606144411665,-457.8618407075302,464.2226345334809
8,439.89221865449224,0.6819852392879702,955.9923610296149,-1155.7607875097146,-477.2274844061202,478.76487662349473
8,439.89221865449224,0.6819852392879702,938.0299522828761,-1183.2834750695722,-488.5919320411599,449.43802024171623
8,439.89221865449224,0.6819852392879702,866.1420024580193,-1150.700860235168,-475.1381797761259,391.0038226818934
8,439.89221865449224,0.6819852392879702,926.5456263208391,-1141.5930788711084,-471.3774676669564,455.1681586538827
8,439.89221865449224,0.6819852392879702,951.5154330969918,-1130.686439200117,-466.8739853981678,484.64144769882404
8,439.89221865449224,0.6819852392879702,944.1632443881869,-1196.4752166205883,-494.0389602699786,450.12428411820827
8,439.89221865449224,0.6819852392879702,938.7031407759329,-1158.6510325764693,-478.42090124239866,460.2822395335342
8,439.89221865449224,0.6819852392879702,933.840032636977,-1146.360769935829,-473.34610446259006,460.4939281743869
8,439.89221865449224,0.6819852392879702,918.9385305571554,-1142.8474465612094,-471.89541112354055,447.0431194336149
8,439.89221865449224,0.6819852392879702,937.3905118219676,-1155.5984248489265,-477.16044291707954,460.23006890488807
8,439.89221865449224,0.6819852392879702,932.9877600329743,-1154.2099347131848,-476.58711869483244,456.40064133814184
8,439.89221865449224,0.6819852392879702,957.496324370316,-1145.2099196438517,-472.8709045806562,484.62541978965976
8,439.89221865449224,0.6819852392879702,919.4523663480481,-1102.054548633661,-455.0515345445941,464.400831803454
8,439.89221865449224,0.6819852392879702,989.7070380154377,-1177.356994428088,-486.1448171377281,503.56222087770954
8,439.89221865449224,0.6819852392879702,943.1737267972662,-1171.1358712317585,-483.5760407912301,459.5976860060361
8,439.89221865449224,0.6819852392879702,920.0485739869279,-1130.38094268795,-466.7478422260063,453.30073176092156
8,439.89221865449224,0.6819852392879702,945.0652662352679,-1150.909596613059,-475.2243695288858,469.8408967063821
8,439.89221865449224,0.6819852392879702,934.8356450129176,-1134.422964475584,-468.41684147781825,466.4188035350993
8,439.89221865449224,0.6819852392879702,961.2784464924295,-1212.9766178173322,-500.8525866426695,460.42585984975995
8,439.89221865449224,0.6819852392879702,920.4906191643254,-1146.7644776938612,-473.51280023552425,446.9778189288011
8,439.89221865449224,0.6819852392879702,936.674496282369,-1144.259529231444,-472.4784769861068,464.1960192962622
8,439.89221865449224,0.6819852392879702,941.8445539516463,-1088.4844247170865,-449.4482677009942,492.39628625065205
8,439.89221865449224,0.6819852392879702,914.8897462527115,-1159.6889026131591,-478.8494502225186,436.04029603019285
8,439.89221865449224,0.6819852392879702,965.7988519691629,-1168.5250264276917,-482.49799167286176,483.30086029630115
8,439.89221865449224,0.6819852392879702,898.7662506668169,-1134.3812118352016,-468.3996013120743,430.36664935474255
8,439.89221865449224,0.6819852392879702,931.7786928292309,-1131.984599501382,-467.4100113488867,464.36868148034415
8,439.89221865449224,0.6819852392879702,911.5824555716059,-1127.0103822812703,-465.35609742785954,446.2263581437464
8,439.89221865449224,0.6819852392879702,915.9103694092377,-1154.7729548098127,-476.8195964422068,439.0907729670309
8,439.89221865449224,0.6819852392879702,960.6230151878929,-1150.1235987952807,-474.8998216073948,485.72319358049805
8,439.89221865449224,0.6819852392879702,964.2340664048593,-1172.4119756630826,-484.102959608845,480.13110679601425
8,439.89221865449224,0.6819852392879702,942.0251642151846,-1165.1136928400633,-481.089411139513,460.93575307567164
8,439.89221865449224,0.6819852392879702,902.8875299563957,-1084.3987963904844,-447.7612627864878,455.1262671699079
8,439.89221865449224,0.6819852392879702,942.8363382524167,-1175.9770311256236,-485.57501374716077,457.2613245052559
8,439.89221865449224,0.6819852392879702,978.3247755635259,-1116.0398485607511,-460.82623254005995,517.498543023466
8,439.89221865449224,0.6819852392879702,932.362861026691,-1111.7710170248588,-459.0635808242002,473.2992802024908
8,439.89221865449224,0.6819852392879702,968.3908232837259,-1135.9438288988292,-469.0448246302766,499.3459986534493
8,439.89221865449224,0.6819852392879702,933.4547421639323,-1130.6221903220862,-466.84745626621424,466.6072858977181
8,439.89221865449224,0.6819852392879702,897.4082144533397,-1111.8224196632627,-459.08480558981125,438.32340886352847
8,439.89221865449224,0.6819852392879702,927.6262594239104,-1127.7603165680155,-465.66575428505786,461.9605051388525
8,439.89221865449224,0.6819852392879702,928.2122262467188,-1160.8051011593363,-479.31034198320697,448.9018842635119
8,439.89221865449224,0.6819852392879702,966.3279894322872,-1151.1315437103945,-475.31601414607417,491.011975286213
8,439.89221865449224,0.6819852392879702,929.6840536229935,-1204.8027339871735,-497.47749202079757,432.2065616021959
8,439.89221865449224,0.6819852392879702,923.1521815381589,-1130.4904200089723,-466.7930467242689,456.35913481388997
8,439.89221865449224,0.6819852392879702,957.0604619669573,-1161.3299709714395,-479.52706702075596,477.5333949462013
8,439.89221865449224,0.6819852392879702,908.2703309581462,-1104.9708040045725,-456.2556913472701,452.01463961087615
8,439.89221865449224,0.6819852392879702,900.8692047110759,-1128.1525637517163,-465.82771784946146,435.04148686161443
8,439.89221865449224,0.6819852392879702,934.8506205593021,-1147.2179769411966,-473.7000555112914,461.1505650480107
8,439.89221865449224,0.6819852392879702,909.722262970583,-1118.7665227263299,-461.9521089903573,447.77015398022564
8,439.89221865449224,0.6819852392879702,931.688635079698,-1133.0536072384127,-467.85141745875575,463.8372176209422
8,439.89221865449224,0.6819852392879702,923.8665941596803,-1117.1571609051218,-461.2875842013746,462.5790099583057
8,439.89221865449224,0.6819852392879702,940.4058461864624,-1146.6251410953264,-473.45526648362414,466.9505797028383
8,439.89221865449224,0.6819852392879702,923.8361784213747,-1130.8105601461825,-466.9252364247583,456.91094199661643
8,439.89221865449224,0.6819852392879702,969.1580739721669,-1169.2263115713608,-482.78756071567875,486.37051325648815
8,439.89221865449224,0.6819852392879702,977.2355480641685,-1117.189341686454,-461.3008720317694,515.934676032399
8,439.89221865449224,0.6819852392879702,963.7008922017657,-1161.392613572813,-479.55293290182163,484.14795929994403
8,439.89221865449224,0.6819852392879702,938.0085940701817,-1146.7519613453871,-473.5076320851935,464.50096198498824
8,439.89221865449224,0.6819852392879702,928.4561609850184,-1099.6200486212936,-454.04630030473726,474.40986068028116
8,439.89221865449224,0.6819852392879702,981.4714925919774,-1162.4384341909438,-479.9847647723301,501.4867278196473
8,439.89221865449224,0.6819852392879702,935.286254165715,-1165.6854588427361,-481.32550017633906,453.960753989376
8,439.89221865449224,0.6819852392879702,932.8926653169301,-1145.0191460604422,-472.79213188107553,460.1005334358546
8,439.89221865449224,0.6819852392879702,942.7620742130741,-1141.3367322008385,-471.27161905372185,471.4904551593523
8,439.89221865449224,0.6819852392879702,922.6139528185693,-1140.3469467649777,-470.8629247817217,451.7510280368476
8,439.89221865449224,0.6819852392879702,947.6694890891272,-1129.547526526208,-466.4037147018423,481.26577438728486
8,439.89221865449224,0.6819852392879702,923.684295949015,-1195.7894805110955,-493.7558116097746,429.9284843392404
8,439.89221865449224,0.6819852392879702,902.653217969348,-1133.1549720881599,-467.8932722203767,434.75994574897135
8,439.89221865449224,0.6819852392879702,965.5499121002405,-1154.9659647428512,-476.8992925573586,488.6506195428819
8,439.89221865449224,0.6819852392879702,922.9771360573833,-1169.8255509491164,-483.0349938384269,439.9421422189564
8,439.89221865449224,0.6819852392879702,894.3608694448329,-1144.7707566882957,-472.6895689316281,421.6713005132048
8,439.89221865449224,0.6819852392879702,884.5781558891666,-1122.9672697314165,-463.68664778725105,420.8915081019156
8,439.89221865449224,0.6819852392879702,937.6300699729359,-1173.6304136973777,-484.60606727982275,453.0240026931131
8,439.89221865449224,0.6819852392879702,880.3184937251557,-1093.7302709589892,-451.6143405014036,428.7041532237521
8,439.89221865449224,0.6819852392879702,954.0698026707365,-1165.1074774459946,-481.08684472879196,472.98295794194456
8,439.89221865449224,0.6819852392879702,969.2795387711961,-1147.3559971091092,-473.75704569320624,495.5224930779899
8,439.89221865449224,0.6819852392879702,933.6577597294216,-1131.5894632159766,-467.24685483975486,466.41090488966677
8,439.89221865449224,0.6819852392879702,934.5112434209175,-1164.2575250124908,-480.73588917978094,453.77535424113654
8,439.89221865449224,0.6819852392879702,963.2769300900305,-1207.2173376637584,-498.4745108250929,464.8024192649376
8,439.89221865449224,0.6819852392879702,936.6945206332556,-1115.2396381696294,-460.4958160766554,476.1987045566002
8,439.89221865449224,0.6819852392879702,916.475661699046,-1122.907691177905,-463.6620470882793,452.8136146107667
8,439.89221865449224,0.6819852392879702,916.8297649327453,-1114.5457504124204,-460.2093015033875,456.6204634293578
8,439.89221865449224,0.6819852392879702,911.1715251687513,-1124.4494631343441,-464.2986632118326,446.87286195691865
8,439.89221865449224,0.6819852392879702,905.8337735146556,-1103.6846883151113,-455.7246387611556,450.10913475350003
8,439.89221865449224,0.6819852392879702,912.4027650066923,-1131.7165960770137,-467.2993495221439,445.1034154845484
8,439.89221865449224,0.6819852392879702,975.1593760392171,-1199.051116492028,-495.1025802067459,480.0567958324712
8,439.89221865449224,0.6819852392879702,931.3730145323082,-1122.2230980129932,-463.37937036359443,467.99364416871373
8,439.89221865449224,0.6819852392879702,939.1466996382203,-1133.0527077837257,-467.85104606313286,471.29565357508744
8,439.89221865449224,0.6819852392879702,922.0627860463304,-1098.1249738146337,-453.4289659941325,468.6338200521979
8,439.89221865449224,0.6819852392879702,924.0569036768663,-1110.6958661487347,-458.6196381385557,465.43726553831067
8,439.89221865449224,0.6819852392879702,957.5527502663803,-1135.4809783823252,-468.8537081033669,488.69904216301336
8,439.89221865449224,0.6819852392879702,986.8026958286948,-1123.8053584472514,-464.0327046650145,522.7699911636803
8,439.89221865449224,0.6819852392879702,906.3467048546497,-1121.610356374112,-463.1263619953626,443.22034285928714
8,439.89221865449224,0.6819852392879702,978.0759162795688,-1170.7557227366983,-483.4190729204052,494.6568433591636
8,439.89221865449224,0.6819852392879702,970.4076253710057,-1180.085181802173,-487.2713184099581,483.1363069610476
8,439.89221865449224,0.6819852392879702,960.3900126212685,-1157.184196600772,-477.81522708362513,482.5747855376434
8,439.89221865449224,0.6819852392879702,905.7480723839271,-1089.1786876385713,-449.734937184089,456.01313519983813
8,439.89221865449224,0.6819852392879702,944.0467192612621,-1111.108611168991,-458.7900655054007,485.25665375586135
8,439.89221865449224,0.6819852392879702,923.6124824725158,-1152.3845299588857,-475.83338718885693,447.7790952836589
8,439.89221865449224,0.6819852392879702,916.4141658996772,-1152.2203363503586,-475.76558967954554,440.64857622013164
8,439.89221865449224,0.6819852392879702,921.5499700842269,-1114.4211164732942,-460.1578386558125,461.39213142841436
8,439.89221865449224,0.6819852392879702,958.4262945557706,-1151.1992458684952,-475.34396917876643,483.08232537700417
8,439.89221865449224,0.6819852392879702,948.9281055100103,-1182.2401746705116,-488.16114079931793,460.7669647106923
8,439.89221865449224,0.6819852392879702,945.3319467774514,-1143.5390237409445,-472.1809716316703,473.15097514578116
8,439.89221865449224,0.6819852392879702,920.4785584506109,-1155.4278819211595,-477.09002369773845,443.38853475287243
8,439.89221865449224,0.6819852392879702,945.9306573542655,-1160.239706898916,-479.0768839151413,466.85377343912415
8,439.89221865449224,0.6819852392879702,955.2210621554387,-1198.6287797896186,-494.9281923193549,460.29286983608387
8,439.89221865449224,0.6819852392879702,970.3663120388183,-1185.8527448218113,-489.6528143222275,480.7134977165907
8,439.89221865449224,0.6819852392879702,937.5146731053252,-1165.6477239172284,-481.30991897323116,456.204754132094
8,439.89221865449224,0.6819852392879702,957.244557432165,-1134.6890867494274,-468.5267265549581,488.71783087720695
8,439.89221865449224,0.6819852392879702,963.1164946036407,-1188.446943960177,-490.7239902456799,472.39250435796083
8,439.89221865449224,0.6819852392879702,964.5973075102909,-1167.2378163148687,-481.9664871862212,482.6308203240697
8,439.89221865449224,0.6819852392879702,943.2647586070668,-1176.3487103403984,-485.72848455062626,457.53627405644056
8,439.89221865449224,0.6819852392879702,981.6355188607562,-1156.872621468989,-477.6865739765538,503.9489448842024
8,439.89221865449224,0.6819852392879702,906.5830071212729,-1106.8618332876429,-457.03652000788117,449.5464871133917
8,439.89221865449224,0.6819852392879702,894.4378001556412,-1099.4241868841111,-453.96542664546695,440.47237351017424
8,439.89221865449224,0.6819852392879702,960.5133827563093,-1187.905118963108,-490.500264209,470.01311854730926
8,439.89221865449224,0.6819852392879702,944.219033434378,-1169.2824989212695,-482.81076114602917,461.4082722883489
8,439.89221865449224,0.6819852392879702,920.5952350678892,-1147.7751151180466,-473.93010454347706,446.6651305244122
8,439.89221865449224,0.6819852392879702,991.0197785818909,-1132.5904832084507,-467.6601879948604,523.3595905870305
8,439.89221865449224,0.6819852392879702,917.0977474909965,-1135.788294538579,-468.98060262838567,448.11714486261087
8,439.89221865449224,0.6819852392879702,939.9341322022868,-1151.936568316556,-475.64841845658145,464.2857137457054
8,439.89221865449224,0.6819852392879702,939.035744390038,-1163.7088571917245,-480.50933765916477,458.5264067308732
8,439.89221865449224,0.6819852392879702,880.3494003623895,-1090.2027314350387,-450.15777714387235,430.1916232185171
8,439.89221865449224,0.6819852392879702,964.2922858090076,-1191.8895273911594,-492.1454742139722,472.1468115950354
8,439.89221865449224,0.6819852392879702,917.1782206038903,-1143.9490699484925,-472.3502846263948,444.8279359774955
8,439.89221865449224,0.6819852392879702,941.9374880317185,-1146.103681769004,-473.23994967653886,468.6975383551797
8,439.89221865449224,0.6819852392879702,959.1434601749174,-1167.0063056347249,-481.87089365104316,477.2725665238743
8,439.89221865449224,0.6819852392879702,936.7381704575519,-1135.7403177074257,-468.9607924196569,467.77737803789495
8,439.89221865449224,0.6819852392879702,966.4012904144852,-1192.0015433089711,-492.19172692928186,474.2095634852033
8,439.89221865449224,0.6819852392879702,975.6049868926074,-1172.7088492751946,-484.2255422822026,491.3794446104048
8,439.89221865449224,0.6819852392879702,951.179376762234,-1128.791761412141,-466.09165022614303,485.087726536091
8,439.89221865449224,0.6819852392879702,924.691733794678,-1145.3078817508417,-472.9113543090007,451.7803794856773
8,439.89221865449224,0.6819852392879702,946.0774838477677,-1137.6689319997524,-469.7571403811584,476.32034346660924
8,439.89221865449224,0.6819852392879702,944.692032495792,-1122.7335344760213,-463.5901356982835,481.10189679750846
8,439.89221865449224,0.6819852392879702,954.2041166889137,-1172.6532018430353,-484.2025647903634,470.0015518985503
8,439.89221865449224,0.6819852392879702,945.41024864628,-1144.5403983267258,-472.59445120260324,472.8157974436768
8,439.89221865449224,0.6819852392879702,922.1824439552361,-1192.3557630927278,-492.33798852437656,429.8444554308595
8,439.89221865449224,0.6819852392879702,944.4790772055285,-1151.3303560574445,-475.3981061475306,469.0809710579979
8,439.89221865449224,0.6819852392879702,938.6513989813292,-1140.7359411505813,-471.0235452267964,467.6278537545328
8,439.89221865449224,0.6819852392879702,933.7447438325136,-1148.2021627671618,-474.1064376372376,459.63830619527596
8,439.89221865449224,0.6819852392879702,924.2340595453845,-1111.8548941653908,-459.0982147010438,465.13584484434074
8,439.89221865449224,0.6819852392879702,929.7006447724551,-1131.1671847365035,-467.07249099331216,462.62815377914296
8,439.89221865449224,0.6819852392879702,955.0868981479441,-1193.2123638158776,-492.691689231882,462.39520891606213
8,439.89221865449224,0.6819852392879702,932.8157840718395,-1125.6302227849044,-464.7862130264783,468.0295710453612
8,439.89221865449224,0.6819852392879702,939.8011059265555,-1161.6220624220266,-479.6476750822914,460.15343084426405
8,439.89221865449224,0.6819852392879702,915.0984694403706,-1132.9686293635232,-467.81632907550033,447.2821403648703
8,439.89221865449224,0.6819852392879702,940.1233253812419,-1133.143912748445,-467.88870568642926,472.23461969481264
8,439.89221865449224,0.6819852392879702,935.0591820513766,-1150.2449932275645,-474.9499468237595,460.10923522761715
8,439.89221865449224,0.6819852392879702,941.5463018583803,-1145.4987238996623,-472.9901553200616,468.55614653831867
8,439.89221865449224,0.6819852392879702,941.5105179465055,-1140.012816375023,-470.7249583381592,470.7855596083463
8,439.89221865449224,0.6819852392879702,956.3477868149026,-1137.1552439991901,-469.5450324476421,486.80275436726055
8,439.89221865449224,0.6819852392879702,937.1529253060926,-1178.554520495655,-486.63929000695146,450.51363529914113
8,439.89221865449224,0.6819852392879702,905.3048153381505,-1109.0270815525043,-457.9305769734069,447.37423836474363
8,439.89221865449224,0.6819852392879702,969.6187735897591,-1151.7550074686108,-475.573449805916,494.0453237838431
8,439.89221865449224,0.6819852392879702,937.7807956272786,-1159.277540701305,-478.6795939577135,459.1012016695651
8,439.89221865449224,0.6819852392879702,922.0055001189053,-1133.1248914016571,-467.88085154431286,454.1246485745924
8,439.89221865449224,0.6819852392879702,941.9247375983131,-1167.4877823606114,-482.06970116309765,459.8550364352154
8,439.89221865449224,0.6819852392879702,934.9211529687636,-1109.9352752669238,-458.3055810455036,476.61557192326006
8,439.89221865449224,0.6819852392879702,981.4801346574226,-1204.337773410449,-497.2855042247275,484.1946304326951
8,439.89221865449224,0.6819852392879702,933.2905634576432,-1118.830340467882,-461.97846010089035,471.31210335675286
8,439.89221865449224,0.6819852392879702,929.9097098401204,-1120.0905103441025,-462.49879934967976,467.41091049044064
8,439.89221865449224,0.6819852392879702,969.1132536440674,-1155.5545572764788,-477.1423294705321,491.9709241735353
8,439.89221865449224,0.6819852392879702,934.1084709727548,-1126.6100146058654,-465.1907808150831,468.91769015767176
8,439.89221865449224,0.6819852392879702,969.0229044450356,-1138.7144149199755,-470.18883281215244,498.83407163288314
8,439.89221865449224,0.6819852392879702,947.9448844218191,-1170.918805831549,-483.4864118853068,464.4584725365123
8,439.89221865449224,0.6819852392879702,934.2079753492179,-1127.5879472862541,-465.5945809422582,468.61339440695974
8,439.89221865449224,0.6819852392879702,970.9085617497386,-1160.238770276954,-479.07649717270505,491.8320645770336
8,439.89221865449224,0.6819852392879702,974.7412000386902,-1135.6952145776263,-468.9421687966671,505.7990312420231
8,439.89221865449224,0.6819852392879702,952.4128940144292,-1141.3918179827979,-471.2943646334604,481.11852938096877
8,439.89221865449224,0.6819852392879702,913.5750798800933,-1192.7094338197428,-492.4840234073605,421.0910564727328
8,439.89221865449224,0.6819852392879702,985.5365288103944,-1151.2524072213653,-475.365920138664,510.1706086717304
8,439.89221865449224,0.6819852392879702,899.472842108476,-1125.7750763885533,-464.8460248159278,434.6268172925482
8,439.89221865449224,0.6819852392879702,920.2985937203342,-1123.1715772447174,-463.7710088087284,456.5275849116058
8,439.89221865449224,0.6819852392879702,966.080109547697,-1179.6251860046757,-487.0813806307485,478.9987289169485
8,439.89221865449224,0.6819852392879702,929.0896514407953,-1142.4321394175286,-471.7239258252188,457.3657256155764
8,439.89221865449224,0.6819852392879702,911.245310210609,-1104.2148556748257,-455.9435512196202,455.3017589909888
8,439.89221865449224,0.6819852392879702,945.7210817757668,-1134.7755120598638,-468.56241260170265,477.1586691740642
8,439.89221865449224,0.6819852392879702,911.4329176436245,-1157.8562555526332,-478.0927282814814,433.34018936214306
8,439.89221865449224,0.6819852392879702,950.5291125422847,-1109.8243864950987,-458.25979374228405,492.26931880000063
8,439.89221865449224,0.6819852392879702,965.4840552308356,-1162.6192736291243,-480.0594355442554,485.4246196865802
8,439.89221865449224,0.6819852392879702,961.4853289045614,-1106.6485017391133,-456.9484328540778,504.53689605048356
8,439.89221865449224,0.6819852392879702,902.8708663014389,-1118.6527883170202,-461.9051466893069,440.96571961213203
8,439.89221865449224,0.6819852392879702,935.069135606024,-1069.9165385919807,-441.78136492839167,493.28777067763235
8,439.89221865449224,0.6819852392879702,961.1151606917649,-1141.9920584096178,-471.5422111013678,489.5729495903971
8,439.89221865449224,0.6819852392879702,930.7914978540297,-1110.9680346900032,-458.73201979199786,472.0594780620318
8,439.89221865449224,0.6819852392879702,959.7155091598844,-1192.9599559099147,-492.58746698164765,467.12804217823674
8,439.89221865449224,0.6819852392879702,962.1907453387176,-1143.8028245678404,-472.28989815553604,489.9008471831816
8,439.89221865449224,0.6819852392879702,958.3125785045864,-1144.3232413682308,-472.5047844911662,485.8077940134202
8,439.89221865449224,0.6819852392879702,944.0286750809818,-1143.4275279249157,-472.1349336726218,471.89374140836
8,439.89221865449224,0.6819852392879702,941.0618707151594,-1127.8842520187166,-465.7169287183887,475.34494199677073
8,439.89221865449224,0.6819852392879702,927.1535196788807,-1172.061711674897,-483.95833140916363,443.19518826971705
8,439.89221865449224,0.6819852392879702,907.5175645274375,-1126.311170079934,-465.06738432778224,442.4501801996552
8,439.89221865449224,0.6819852392879702,964.4510128514983,-1182.062971415006,-488.0879714508096,476.36304140068864
8,439.89221865449224,0.6819852392879702,961.0311393973999,-1191.893265402948,-492.1470176838509,468.884121713549
8,439.89221865449224,0.6819852392879702,947.8514885161605,-1139.3911687921398,-470.46827259888454,477.383215917276
8,439.89221865449224,0.6819852392879702,996.4815738303637,-1187.5619398930737,-490.3585614569572,506.1230123734065
8,439.89221865449224,0.6819852392879702,902.4455499445847,-1138.626257029241,-470.1524313622327,432.29311858235207
8,439.89221865449224,0.6819852392879702,975.5348435297851,-1147.702278740597,-473.90002953006666,501.63481399971846
8,439.89221865449224,0.6819852392879702,905.4358862548474,-1141.5992311845166,-471.38000803091654,434.0558782239309
8,439.89221865449224,0.6819852392879702,937.5292902475311,-1110.4435759848081,-458.5154645054196,479.0138257421115
8,439.89221865449224,0.6819852392879702,936.2586019872296,-1114.7641844830002,-460.2994955497144,475.9591064375152
8,439.89221865449224,0.6819852392879702,957.0943300011614,-1145.0485812457855,-472.80428602197236,484.2900439791891
8,439.89221865449224,0.6819852392879702,923.4913285593182,-1140.8123032480498,-471.0550760522688,452.43625250704935
8,439.89221865449224,0.6819852392879702,937.9039167407819,-1159.6114865969032,-478.8174842213445,459.08643251943744
8,439.89221865449224,0.6819852392879702,940.6192104048689,-1142.9339152717594,-471.9311150907123,468.6880953141566
8,439.89221865449224,0.6819852392879702,917.9770217903201,-1123.7949329623502,-464.0283998573182,453.9486219330019
8,439.89221865449224,0.6819852392879702,940.1554441142072,-1129.5379490396429,-466.3997600428248,473.75568407138235
8,439.89221865449224,0.6819852392879702,995.6719262319655,-1166.1930376093608,-481.53508553392516,514.1368406980403
8,439.89221865449224,0.6819852392879702,942.446758460468,-1155.933698889049,-477.29888158750646,465.14787687296155
8,439.89221865449224,0.6819852392879702,926.7434008028772,-1143.6189027118132,-472.21395461632994,454.52944618654726
8,439.89221865449224,0.6819852392879702,936.6184758364717,-1221.5376238576516,-504.38752866593217,432.23094717053954
8,439.89221865449224,0.6819852392879702,969.448284023931,-1191.7905227229846,-492.1045939996163,477.3436900243147
8,439.89221865449224,0.6819852392879702,913.8931157293908,-1123.017756090587,-463.70749421018223,450.1856215192086
8,439.89221865449224,0.6819852392879702,946.3840711283246,-1162.9848383177664,-480.21038158657984,466.1736895417448
8,439.89221865449224,0.6819852392879702,979.3257158837648,-1166.0760992652679,-481.4868002897941,497.83891559397074
8,439.89221865449224,0.6819852392879702,911.2118293387177,-1123.9525750675082,-464.09349217234916,447.1183371663686
8,439.89221865449224,0.6819852392879702,937.9323814542374,-1142.3850890935457,-471.70449818240775,466.2278832718297
8,439.89221865449224,0.6819852392879702,962.8160796813801,-1185.1332955972425,-489.35574511265634,473.46033456872374
8,439.89221865449224,0.6819852392879702,937.4905829706909,-1141.5679618170973,-471.36709653425237,466.1234864364385
8,439.89221865449224,0.6819852392879702,949.6765598697018,-1131.9748420043702,-467.40598236139783,482.270577508304
8,439.89221865449224,0.6819852392879702,905.9830018256039,-1139.9436869037665,-470.6964139507543,435.2865878748496
8,439.89221865449224,0.6819852392879702,923.1802399037614,-1164.4222001526155,-480.8038855192616,442.3763543844998
8,439.89221865449224,0.6819852392879702,944.5840697859197,-1086.0873373979302,-448.458481610667,496.12558817525274
8,439.89221865449224,0.6819852392879702,937.7249730064934,-1184.0857962973412,-488.9232200943208,448.8017529121726
8,439.89221865449224,0.6819852392879702,912.9567342116715,-1181.5675791483563,-487.88341804515477,425.0733161665167
8,439.89221865449224,0.6819852392879702,971.0164716652606,-1188.4409792007002,-490.7215273249865,480.2949443402741
8,439.89221865449224,0.6819852392879702,947.0416097900403,-1158.8523888191817,-478.50404364887027,468.53756614117003
8,439.89221865449224,0.6819852392879702,991.4512650713637,-1187.7160569333969,-490.42219823045946,501.0290668409042
8,439.89221865449224,0.6819852392879702,905.3842892368808,-1081.589527716893,-446.60128207369024,458.7830071631906
8,439.89221865449224,0.6819852392879702,961.5046140493938,-1093.9363567251232,-451.6994357847935,509.80517826460033
9,462.4723532515061,0.6486874250769562,980.8133336184856,-1150.6266410272353,-463.3638718505469,517.4494617679386
9,462.4723532515061,0.6486874250769562,928.1386009184871,-1136.6601113774532,-457.73947117696184,470.39912974152526
9,462.4723532515061,0.6486874250769562,977.1494688772026,-1151.95427357433,-463.8985170043106,513.2509518728921
9,462.4723532515061,0.6486874250769562,988.9196614960296,-1144.5899850036653,-460.93287624487056,527.9867852511591
9,462.4723532515061,0.6486874250769562,942.0853389961956,-1114.811514702374,-448.9409174246974,493.1444215714982
9,462.4723532515061,0.6486874250769562,974.4437031232882,-1199.6546823562105,-483.1077420595323,491.33596106375586
9,462.4723532515061,0.6486874250769562,959.4766228943586,-1111.6608346764124,-447.67212071537693,511.80450217898164
9,462.4723532515061,0.6486874250769562,999.369433134645,-1134.2094141537418,-456.752561510679,542.616871623966
9,462.4723532515061,0.6486874250769562,958.342134367969,-1097.5505285234847,-441.98982042883034,516.3523139391386
9,462.4723532515061,0.6486874250769562,904.6431929644608,-1130.2553923987925,-455.16025453252763,449.4829384319332
9,462.4723532515061,0.6486874250769562,923.7094890714625,-1143.3985244530083,-460.45306832610316,463.2564207453593
9,462.4723532515061,0.6486874250769562,935.4334657178828,-1142.1237051896314,-459.93969138111896,475.4937743367638
9,462.4723532515061,0.6486874250769562,973.2207356799436,-1154.7387383176817,-465.01983674305654,508.20089893688703
9,462.4723532515061,0.6486874250769562,994.8468379347803,-1118.2210839555614,-450.3139702936011,544.5328676411792
9,462.4723532515061,0.6486874250769562,993.2313501878523,-1186.7771633437237,-477.92189214376134,515.3094580440909
9,462.4723532515061,0.6486874250769562,1037.9247431417327,-1158.457176090729,-466.51727271604625,571.4074704256865
9,462.4723532515061,0.6486874250769562,960.6165537773594,-1131.4901350386792,-455.6574923940168,504.9590613833426
9,462.4723532515061,0.6486874250769562,968.1195712944622,-1125.2348900348845,-453.13846976670783,514.9811015277544
9,462.4723532515061,0.6486874250769562,976.1670555377359,-1133.7602668717066,-456.57168735375075,519.5953681839851
9,462.4723532515061,0.6486874250769562,995.6779489096729,-1171.7575199258183,-471.87339658509603,523.8045523245769
9,462.4723532515061,0.6486874250769562,972.3172687855433,-1151.3105696801904,-463.6392937966439,508.6779749888994
9,462.4723532515061,0.6486874250769562,941.3891248971505,-1116.6920368573292,-449.698214358169,491.6909105389815
9,462.4723532515061,0.6486874250769562,971.4287103510472,-1110.875822087694,-447.3559916952499,524.0727186557974
9,462.4723532515061,0.6486874250769562,928.9283945347669,-1120.1636930946831,-451.0962700076005,477.8321245271664
9,462.4723532515061,0.6486874250769562,925.1306821494821,-1147.4204707154138,-462.072728888507,463.0579532609751
9,462.4723532515061,0.6486874250769562,952.3125492461465,-1112.5638725820331,-448.0357791997682,504.2767700463783
9,462.4723532515061,0.6486874250769562,976.4498096806194,-1136.6474839397279,-457.73438603619826,518.7154236444212
9,462.4723532515061,0.6486874250769562,986.7879097061225,-1153.9731816949652,-464.7115427507446,522.0763669553778
9,462.4723532515061,0.6486874250769562,951.5121090230025,-1163.9663309795035,-468.7358406240585,482.776268398944
9,462.4723532515061,0.6486874250769562,951.1143495255934,-1146.0700518280987,-461.5289075463488,489.5854419792446
9,462.4723532515061,0.6486874250769562,968.4537782781493,-1085.975027876879,-437.3283006908281,531.1254775873213
9,462.4723532515061,0.6486874250769562,962.8996988856187,-1147.0826330132452,-461.9366797304637,500.963019155155
9,462.4723532515061,0.6486874250769562,911.9582919547195,-1113.8025212353054,-448.5345900349931,463.4237019197264
9,462.4723532515061,0.6486874250769562,958.9664607827574,-1135.8966515517766,-457.4320215767057,501.5344392060517
9,462.4723532515061,0.6486874250769562,1023.9740102762299,-1161.013623244054,-467.5467684785366,556.4272417976933
9,462.4723532515061,0.6486874250769562,954.2190973085942,-1172.3284500532225,-472.10331338430547,482.11578392428873
9,462.4723532515061,0.6486874250769562,945.9528208319681,-1105.2967531442782,-445.10926900105403,500.84355183091407
9,462.4723532515061,0.6486874250769562,1039.573425711612,-1138.468667761837,-458.46778708661253,581.1056386249993
9,462.4723532515061,0.6486874250769562,950.8725672387612,-1169.4909625762775,-470.9606410901277,479.91192614863354
9,462.4723532515061,0.6486874250769562,919.6282331775084,-1089.6110127489799,-438.79253241313774,480.83570076437064
9,462.4723532515061,0.6486874250769562,941.0392603100698,-1167.9951591852582,-470.3582725840664,470.6809877260034
9,462.4723532515061,0.6486874250769562,977.0225621088422,-1185.0697695038539,-477.23431496433017,499.788247144512
9,462.4723532515061,0.6486874250769562,983.8566829117652,-1175.560047059674,-473.40469582043016,510.45198709133507
9,462.4723532515061,0.6486874250769562,962.075275413621,-1100.523256303525,-443.18695475981315,518.8883206538078
9,462.4723532515061,0.6486874250769562,920.6174592295602,-1161.2215862786072,-467.63051637160316,452.986942857957
9,462.4723532515061,0.6486874250769562,966.3447999633398,-1166.6272513779834,-469.8074083546865,496.5373916086533
9,462.4723532515061,0.6486874250769562,948.030468277189,-1158.7481635731222,-466.6344550249674,481.3960132522216
9,462.4723532515061,0.6486874250769562,938.215638576361,-1100.5803105562932,-443.20993083087353,495.0057077454875
9,462.4723532515061,0.6486874250769562,977.2876163887298,-1204.7346675768272,-485.15348090898834,492.1341354797415
9,462.4723532515061,0.6486874250769562,977.282090010261,-1100.20251928661,-443.0577921446743,534.2242978655867
9,462.4723532515061,0.6486874250769562,995.771922491011,-1183.3861772344858,-476.5563228122837,519.2155996787272
9,462.4723532515061,0.6486874250769562,937.4493306372882,-1108.4616988951357,-446.38381059866987,491.06552003861833
9,462.4723532515061,0.6486874250769562,949.4161203986964,-1145.3122687892348,-461.2237440203269,488.19237637836954
9,462.4723532515061,0.6486874250769562,976.8268014420306,-1179.841517586956,-475.1288682756796,501.697933166351
9,462.4723532515061,0.6486874250769562,995.9786689172184,-1173.82745103976,-472.7069695802108,523.2716993370077
9,462.4723532515061,0.6486874250769562,913.8023815241787,-1142.949712732031,-460.2723293015154,453.5300522226633
9,462.4723532515061,0.6486874250769562,1040.9192385803833,-1218.2784899326755,-490.6076549587558,550.3115836216275
9,462.4723532515061,0.6486874250769562,965.2741953067028,-1156.7110728448013,-465.81410703933153,499.4600882673713
9,462.4723532515061,0.6486874250769562,987.067728359675,-1191.9500914228518,-480.00505960928194,507.0626687503931
9,462.4723532515061,0.6486874250769562,915.1260149429327,-1112.1032346813042,-447.85027770554564,467.27573723738703
9,462.4723532515061,0.6486874250769562,951.6253192723744,-1118.2192489757872,-450.3132313368425,501.31208793553196
9,462.4723532515061,0.6486874250769562,1003.3464139964594,-1141.477995671821,-459.6796604974291,543.6667534990304
9,462.4723532515061,0.6486874250769562,980.7922003051408,-1182.3395328425618,-476.1348331816772,504.6573671234636
9,462.4723532515061,0.6486874250769562,911.699937392934,-1127.1190871498072,-453.89724662739377,457.8026907655402
9,462.4723532515061,0.6486874250769562,957.7571668686346,-1140.0781522399977,-459.1159356109837,498.64123125765093
9,462.4723532515061,0.6486874250769562,1019.1972441933713,-1205.4489779308735,-485.44113773836466,533.7561064550066
9,462.4723532515061,0.6486874250769562,959.0252560942347,-1134.7856042983935,-456.9845965486559,502.0406595455788
9,462.4723532515061,0.6486874250769562,974.9538473970358,-1156.469073577936,-465.71665256254346,509.23719483449236
9,462.4723532515061,0.6486874250769562,988.4642253711692,-1132.1903845087966,-455.93948682571636,532.5247385454528
9,462.4723532515061,0.6486874250769562,948.4624708288824,-1174.2500251495296,-472.8771425700104,475.585328258872
9,462.4723532515061,0.6486874250769562,957.4724163966109,-1112.6786902458457,-448.08201692394744,509.3903994726635
9,462.4723532515061,0.6486874250769562,1043.081130697993,-1171.4973032413054,-471.76860585093715,571.312524847056
9,462.4723532515061,0.6486874250769562,1004.2257929716416,-1169.8372380678863,-471.1000881938169,533.1257047778247
9,462.4723532515061,0.6486874250769562,928.2109130066826,-1150.5508126363106,-463.3333353276104,464.8775776790722
9,462.4723532515061,0.6486874250769562,985.1474566159171,-1097.6431689569013,-442.02712725659467,543.1203293593225
9,462.4723532515061,0.6486874250769562,960.569137672258,-1145.910320768437,-461.4645829430235,499.10455472923445
9,462.4723532515061,0.6486874250769562,948.4472159015377,-1121.3959789238984,-451.5925184975033,496.85469740403437
9,462.4723532515061,0.6486874250769562,934.1770341671765,-1110.6639962405657,-447.27068822565894,486.9063459415176
9,462.4723532515061,0.6486874250769562,953.8132627853939,-1142.9245374622483,-460.262191077642,493.55107170775193
9,462.4723532515061,0.6486874250769562,946.9644234835365,-1103.5706291288398,-444.41414907373013,502.5502744098064
9,462.4723532515061,0.6486874250769562,961.5735814343225,-1138.3434455262848,-458.4173593824048,503.15622205191767
9,462.4723532515061,0.6486874250769562,933.3182603026955,-1207.4925109256485,-486.26408006122614,447.0541802414694
9,462.4723532515061,0.6486874250769562,975.6820448136549,-1191.499102708019,-479.8234438969261,495.8586009167288
9,462.4723532515061,0.6486874250769562,971.770077629561,-1103.6051632395033,-444.42805615588645,527.3420214736745
9,462.4723532515061,0.6486874250769562,937.045165284288,-1107.6220586067568,-446.0456826941764,490.99948259011165
9,462.4723532515061,0.6486874250769562,983.511489485826,-1132.5169748113688,-456.07100659217474,527.4404828936513
9,462.4723532515061,0.6486874250769562,951.9866941448406,-1109.716072148353,-446.88895381944366,505.09774032539696
9,462.4723532515061,0.6486874250769562,973.6937880975596,-1125.0013629972239,-453.044427104654,520.6493609929056
9,462.4723532515061,0.6486874250769562,956.7327952971707,-1181.249844737041,-475.6960096035678,481.0367856936029
9,462.4723532515061,0.6486874250769562,1024.853503561499,-1173.1190245643518,-472.42168222212086,552.4318213393783
9,462.4723532515061,0.6486874250769562,1007.2837642655069,-1189.8471769161924,-479.15820401491953,528.1255602505873
9,462.4723532515061,0.6486874250769562,984.3371551119988,-1167.100824355417,-469.99811887763383,514.3390362343649
9,462.4723532515061,0.6486874250769562,977.2892229257398,-1115.706693071474,-449.3014108291719,527.9878120965678
9,462.4723532515061,0.6486874250769562,987.188683569167,-1184.9702646065537,-477.19424377804165,509.99443979112533
9,462.4723532515061,0.6486874250769562,934.3204431164077,-1145.7697785575817,-461.4079857979042,472.91245731850347
9,462.4723532515061,0.6486874250769562,964.6329195165874,-1158.8687351080525,-466.68300986566743,497.94990965092
9,462.4723532515061,0.6486874250769562,972.2037953356034,-1177.7806027154002,-474.2989261724915,497.9048691631119
9,462.4723532515061,0.6486874250769562,920.7607214389394,-1135.9960489069592,-457.47204945517376,463.28867198376565
9,462.4723532515061,0.6486874250769562,999.211552888706,-1132.8699416583488,-456.2131483426087,542.9984045460974
9,462.4723532515061,0.6486874250769562,1008.7027698430693,-1191.1191538115356,-479.6704363221817,529.0323335208876
9,462.4723532515061,0.6486874250769562,976.0732308359802,-1144.9026706851564,-461.05879654158696,515.0144342943933
9,462.4723532515061,0.6486874250769562,972.4190330986232,-1161.2341905097562,-467.63559216694694,504.7834409316763
9,462.4723532515061,0.6486874250769562,994.3066411137634,-1170.9996558424834,-471.56820042200616,522.7384406917572
9,462.4723532515061,0.6486874250769562,1007.0822086049877,-1145.4801505139826,-461.2913509426928,545.7908576622949
9,462.4723532515061,0.6486874250769562,906.0974923572838,-1087.4780982160405,-437.9335956381064,468.16389671917744
9,462.4723532515061,0.6486874250769562,952.3248081577066,-1168.8941367523873,-470.720295947127,481.60451221057957
9,462.4723532515061,0.6486874250769562,965.1398842146148,-1098.901725946083,-442.533955291561,522.6059289230537
9,462.4723532515061,0.6486874250769562,971.040999635716,-1088.245790655325,-438.24274973585926,532.7982498998567
9,462.4723532515061,0.6486874250769562,961.6013759110255,-1184.5242530216985,-477.0146323841458,484.5867435268797
9,462.4723532515061,0.6486874250769562,954.1113677676542,-1161.0398370437656,-467.55732492430025,486.55404284335395
9,462.4723532515061,0.6486874250769562,965.2755780932645,-1123.0056322365792,-452.2407350124929,513.0348430807716
9,462.4723532515061,0.6486874250769562,968.1628365405749,-1146.4119592425852,-461.6665956006159,506.49624093995897
9,462.4723532515061,0.6486874250769562,992.6618934942143,-1110.8201195383608,-447.3335599628263,545.3283335313879
9,462.4723532515061,0.6486874250769562,994.5374475051747,-1188.839863291834,-478.75255310739857,515.784894397776
9,462.4723532515061,0.6486874250769562,941.5954923588367,-1095.2699356637136,-441.0714127543176,500.52407960451916
9,462.4723532515061,0.6486874250769562,962.2512588008242,-1133.5059680284714,-456.4692797678258,505.7819790329984
9,462.4723532515061,0.6486874250769562,941.0797685826162,-1142.3218023448835,-460.0194662286562,481.06030235396
9,462.4723532515061,0.6486874250769562,938.9978158294762,-1110.3028410135382,-447.1252489681557,491.8725668613205
9,462.4723532515061,0.6486874250769562,961.9819347038601,-1158.4063954119501,-466.49682304879957,495.48511165506056
9,462.4723532515061,0.6486874250769562,979.2062628718909,-1102.9655076034146,-444.1704632046886,535.0357996672024
9,462.4723532515061,0.6486874250769562,948.8639246662452,-1103.4556349590603,-444.36784026959737,504.49608439664786
9,462.4723532515061,0.6486874250769562,954.8263559733733,-1096.7755859425881,-441.67774665794536,513.148609315428
9,462.4723532515061,0.6486874250769562,993.2551057558906,-1181.91724556608,-475.9647757012689,517.2903300546217
9,462.4723532515061,0.6486874250769562,947.6904372130898,-1159.068420675636,-466.763424375856,480.9270128372338
9,462.4723532515061,0.6486874250769562,917.5784756701748,-1140.1727914235448,-459.1540473467575,458.4244283234173
9,462.4723532515061,0.6486874250769562,948.112933023095,-1167.7028007533536,-470.2405381860044,477.8723948370906
9,462.4723532515061,0.6486874250769562,982.8321273765177,-1140.7206861151756,-459.374687645381,523.4574397311367
9,462.4723532515061,0.6486874250769562,1014.4908715578737,-1163.5854805914819,-468.58247001356057,545.9084015443132
9,462.4723532515061,0.6486874250769562,992.5414483668898,-1157.3821463614279,-466.0843521491465,526.4570962177432
9,462.4723532515061,0.6486874250769562,940.9340560286557,-1124.0249697379318,-452.6512280034491,488.28282802520664
9,462.4723532515061,0.6486874250769562,941.542720537843,-1112.3770817968732,-447.9605574915689,493.5821630462741
9,462.4723532515061,0.6486874250769562,974.4928381807691,-1165.0263500541037,-469.1627163152068,505.3301218655623
9,462.4723532515061,0.6486874250769562,927.9838198114961,-1087.177276736355,-437.8124531227215,490.17136668877464
9,462.4723532515061,0.6486874250769562,973.3760282331175,-1147.8564136167547,-462.2482855664671,511.1277426666504
9,462.4723532515061,0.6486874250769562,987.7263434075637,-1176.5328853236103,-473.79646330485025,513.9298801027135
9,462.4723532515061,0.6486874250769562,915.3093143047628,-1142.757891280662,-460.19508171551223,455.11423258925055
9,462.4723532515061,0.6486874250769562,927.134650990201,-1086.2731860052877,-437.4483706595538,489.68628033064715
9,462.4723532515061,0.6486874250769562,923.1492745515937,-1122.4956356997625,-452.0353565156776,471.11391803591613
9,462.4723532515061,0.6486874250769562,925.6768908271243,-1126.6007481348943,-453.6885085673512,471.9883822597731
9,462.4723532515061,0.6486874250769562,967.0490828098283,-1109.098356506,-446.64019622811253,520.4088865817157
9,462.4723532515061,0.6486874250769562,962.2706496665214,-1130.1541222694095,-455.11947247727136,507.15117718925006
9,462.4723532515061,0.6486874250769562,902.0818326604306,-1072.7107128305563,-431.9866858192808,470.09514684114976
9,462.4723532515061,0.6486874250769562,945.3000829441065,-1143.5947579872147,-460.5320926828794,484.7679902612271
9,462.4723532515061,0.6486874250769562,943.021373616205,-1113.7136482310698,-448.49880037231947,494.5225732438855
9,462.4723532515061,0.6486874250769562,925.5367467410634,-1109.131722663392,-446.65363296886466,478.8831137721988
9,462.4723532515061,0.6486874250769562,1001.1657281239274,-1174.7745969950583,-473.0883906262791,528.0773374976483
9,462.4723532515061,0.6486874250769562,940.7045339875161,-1139.220288315782,-458.7704689450193,481.93406504249685
9,462.4723532515061,0.6486874250769562,949.4961644959346,-1098.3290908466613,-442.3033518904537,507.1928126054809
9,462.4723532515061,0.6486874250769562,976.3969148186837,-1161.3625724897788,-467.6872923181671,508.7096225005166
9,462.4723532515061,0.6486874250769562,920.8101934285908,-1174.044632665059,-472.7944298520358,448.01576357655495
9,462.4723532515061,0.6486874250769562,944.9967270903929,-1137.2139444595302,-457.9625028990859,487.03422419130703
9,462.4723532515061,0.6486874250769562,952.4720227945646,-1131.277794435371,-455.57198162919383,496.9000411653708
9,462.4723532515061,0.6486874250769562,919.4215077023628,-1102.7391989742302,-444.0793274366531,475.34218026570966
9,462.4723532515061,0.6486874250769562,941.6609598577925,-1130.4919773798285,-455.25552864571574,486.40543121207673
9,462.4723532515061,0.6486874250769562,954.1219177429074,-1122.837239762993,-452.172922408674,501.94899533423336
9,462.4723532515061,0.6486874250769562,992.6797281438121,-1152.3679643408357,-464.0651126214134,528.6146155223987
9,462.4723532515061,0.6486874250769562,950.4251022639144,-1140.6809161199046,-459.35867204280834,491.06643022110603
9,462.4723532515061,0.6486874250769562,937.1026955231115,-1100.5684909294944,-443.20517100014996,493.89752452296153
9,462.4723532515061,0.6486874250769562,973.4610603865685,-1186.5728279226041,-477.8396051111913,495.62145527537723
9,462.4723532515061,0.6486874250769562,966.598514563539,-1171.1264531420175,-471.6192624134092,494.97925215012975
9,462.4723532515061,0.6486874250769562,957.4322536870866,-1137.0004283706373,-457.8765187595535,499.5557349275331
9,462.4723532515061,0.6486874250769562,993.8805658161682,-1157.3309411849455,-466.06373153426796,527.8168342819002
9,462.4723532515061,0.6486874250769562,1021.8198013722956,-1134.5978070224628,-456.90896952091686,564.9108318513788
9,462.4723532515061,0.6486874250769562,923.412405429385,-1136.0467371585949,-457.49246190148585,465.91994352789914
9,462.4723532515061,0.6486874250769562,944.3714963446415,-1102.5717297884328,-444.0118866460614,500.35960969858013
9,462.4723532515061,0.6486874250769562,972.7917923992967,-1121.629198336742,-451.6864372772992,521.1053551219975
9,462.4723532515061,0.6486874250769562,939.043267742082,-1142.9352634778934,-460.26651050495377,478.7767572371282
9,462.4723532515061,0.6486874250769562,943.7952186268809,-1135.8202670314206,-457.40126109729425,486.39395752958666
9,462.4723532515061,0.6486874250769562,936.7916091845636,-1090.2224988655043,-439.0387813390992,497.7528278454644
9,462.4723532515061,0.6486874250769562,971.160078889327,-1111.6753346815647,-447.6779599496599,523.4821189396671
9,462.4723532515061,0.6486874250769562,956.6940217276365,-1137.3451494653646,-458.01533989880573,498.67868182883075
9,462.4723532515061,0.6486874250769562,934.9901894038748,-1112.3160703456515,-447.93598783425585,487.0542015696189
9,462.4723532515061,0.6486874250769562,963.4423966081112,-1140.7789747922354,-459.39816082610224,504.0442357820089
9,462.4723532515061,0.6486874250769562,932.5995530826233,-1116.6253843619982,-449.6713730204111,482.92818006221216
9,462.4723532515061,0.6486874250769562,963.0644265141293,-1121.8517490595827,-451.77605971514447,511.28836679898484
9,462.4723532515061,0.6486874250769562,968.2626741187222,-1197.1298213838631,-482.0909662312004,486.1717078875218
9,462.4723532515061,0.6486874250769562,979.1535526223585,-1123.8548685381982,-452.582727285923,526.5708253364355
9,462.4723532515061,0.6486874250769562,976.977154462247,-1109.9308241790131,-446.9754356797329,530.001718782514
9,462.4723532515061,0.6486874250769562,960.4391442641798,-1143.4169336839302,-460.46048182776707,499.9786624364128
9,462.4723532515061,0.6486874250769562,951.899121243014,-1164.4771559198764,-468.94155272368243,482.9575685193315
9,462.4723532515061,0.6486874250769562,973.4343889518068,-1118.887939595775,-450.58251684067113,522.8518721111357
9,462.4723532515061,0.6486874250769562,1010.0950595393842,-1161.8254706515488,-467.8737040323256,542.2213555070587
9,462.4723532515061,0.6486874250769562,965.3075738498844,-1139.4225838590382,-458.8519345072086,506.4556393426758
9,462.4723532515061,0.6486874250769562,1000.4248854004818,-1139.5417374470433,-458.89991833264276,541.524967067839
9,462.4723532515061,0.6486874250769562,977.2850096771433,-1095.094559287087,-441.00078769314894,536.2842219839944
9,462.4723532515061,0.6486874250769562,1007.9092828890634,-1121.607456466887,-451.6776817030425,556.231601186021
9,462.4723532515061,0.6486874250769562,959.5273641315553,-1186.3697791585682,-477.7578362227236,481.76952790883166
9,462.4723532515061,0.6486874250769562,949.0803737994419,-1119.8624984594005,-450.974977220341,498.1053965791009
9,462.4723532515061,0.6486874250769562,959.9172110793456,-1116.6372797197741,-449.67616334842853,510.2410477309171
9,462.4723532515061,0.6486874250769562,969.8342556405771,-1164.6828450671196,-469.0243849094375,500.8098707311396
9,462.4723532515061,0.6486874250769562,987.7528135721836,-1143.300089575884,-460.413428043006,527.3393855291777
9,462.4723532515061,0.6486874250769562,948.7564086618349,-1119.3593782456244,-450.7723678577997,497.98404080403526
9,462.4723532515061,0.6486874250769562,995.1778829464964,-1126.7747006437887,-453.75856022891145,541.4193227175849
9,462.4723532515061,0.6486874250769562,939.0961917275096,-1127.4206631393972,-454.01869298819486,485.0774987393147
9,462.4723532515061,0.6486874250769562,980.8516069729287,-1110.2746442554876,-447.1138939738264,533.7377129991023
9,462.4723532515061,0.6486874250769562,965.1293224385712,-1157.1885420700473,-466.00638660336284,499.12293583520835
9,462.4723532515061,0.6486874250769562,976.1082748711301,-1134.2800928258027,-456.7810242126326,519.3272506584975
9,462.4723532515061,0.6486874250769562,971.6452629520556,-1142.4875613163706,-460.086218306249,511.55904464580664
9,462.4723532515061,0.6486874250769562,952.8489198093908,-1128.7517826367443,-454.55474235659455,498.2941774527963
9,462.4723532515061,0.6486874250769562,970.4391039866407,-1168.0763509968222,-470.3909689869024,500.0481349997383
9,462.4723532515061,0.6486874250769562,989.2237093041364,-1159.7029047756862,-467.018934720171,522.2047745839654
9,462.4723532515061,0.6486874250769562,945.0564031889386,-1132.9065463678749,-456.22788926666624,488.82851392227235
9,462.4723532515061,0.6486874250769562,985.1274423407127,-1165.2339906409197,-469.24633435674156,515.8811079839711
9,462.4723532515061,0.6486874250769562,993.6480989368398,-1140.5014094525332,-459.2863836901399,534.3617152466999
9,462.4723532515061,0.6486874250769562,958.3055343172882,-1185.7656700714738,-477.5145580683378,480.7909762489504
9,462.4723532515061,0.6486874250769562,999.8162640192313,-1169.4153639354145,-470.9301970888436,528.8860669303876
9,462.4723532515061,0.6486874250769562,934.2313881342047,-1104.5371201819503,-444.80336050036493,489.4280276338398
9,462.4723532515061,0.6486874250769562,924.9150762649234,-1098.5027061419096,-442.3732677541668,482.5418085107566
9,462.4723532515061,0.6486874250769562,999.9331602669993,-1136.401665623475,-457.63539360656966,542.2977666604296
9,462.4723532515061,0.6486874250769562,947.7766268981389,-1136.2696542134643,-457.58223186331605,490.1943950348229
9,462.4723532515061,0.6486874250769562,936.8952816513698,-1123.5992235045057,-452.4797775814686,484.4155040699012
9,462.4723532515061,0.6486874250769562,1019.1684021517469,-1165.071454572665,-469.18088016055276,549.9875219911942
9,462.4723532515061,0.6486874250769562,1003.4530076170681,-1196.666057473078,-481.9042058750052,521.548801742063
9,462.4723532515061,0.6486874250769562,942.1302657813694,-1138.8768844745557,-458.6321782712201,483.49808751014933
9,462.4723532515061,0.6486874250769562,940.5227705708305,-1061.8698092762897,-427.6209924951816,512.901778075649
9,462.4723532515061,0.6486874250769562,957.2197407354568,-1171.3675459241183,-471.7163518436433,485.5033888918135
9,462.4723532515061,0.6486874250769562,955.6039816700139,-1176.0725616152724,-473.6110883376848,481.9928933323291
9,462.4723532515061,0.6486874250769562,936.4774644453012,-1078.8071787035274,-434.4417671904045,502.03569725489666
9,462.4723532515061,0.6486874250769562,932.6936978452735,-1096.1298880138202,-441.41772044122865,491.27597740404485
9,462.4723532515061,0.6486874250769562,881.1262878500261,-1060.9046524326805,-427.2323183622773,453.8939694877488
9,462.4723532515061,0.6486874250769562,936.7543889826818,-1136.355732281147,-457.61689598919384,479.13749299348797
9,462.4723532515061,0.6486874250769562,983.1373277302849,-1113.6408923215236,-448.4695011550536,534.6678265752314
9,462.4723532515061,0.6486874250769562,1020.747991046439,-1145.3816561462081,-461.25168670237355,559.4963043440655
9,462.4723532515061,0.6486874250769562,913.3877729867369,-1134.4077350329349,-456.83242645311566,456.5553465336212
9,462.4723532515061,0.6486874250769562,944.7563975518548,-1146.5849052250385,-461.73624192827174,483.02015562358304
9,462.4723532515061,0.6486874250769562,985.6333398442825,-1157.8410016786402,-466.26913578688055,519.364204057402
9,462.4723532515061,0.6486874250769562,979.8893934004974,-1143.21836895821,-460.38051868695146,519.508874713546
9,462.4723532515061,0.6486874250769562,969.6312030932676,-1149.9262753819723,-463.0818306344575,506.54937245881007
9,462.4723532515061,0.6486874250769562,949.6287338499379,-1170.5817673074737,-471.39991433972733,478.2288195102106
9,462.4723532515061,0.6486874250769562,987.4523139176637,-1112.35877986582,-447.9531872001705,539.4991267174933
9,462.4723532515061,0.6486874250769562,975.1731030255912,-1166.0725585869097,-469.5840304228754,505.5890726027158
9,462.4723532515061,0.6486874250769562,981.9753023061899,-1107.0164140695551,-445.8017862053272,536.1735161008627
9,462.4723532515061,0.6486874250769562,968.8275807294648,-1134.525974251305,-456.8800420567137,511.9475386727511
9,462.4723532515061,0.6486874250769562,936.5181117300376,-1087.0209369300176,-437.7494941963366,498.768617533701
9,462.4723532515061,0.6486874250769562,940.7988651470913,-1122.651373533322,-452.0980730242119,488.7007921228794
9,462.4723532515061,0.6486874250769562,964.2639423253484,-1170.6977168611693,-471.4466078823797,492.8173344429687
9,462.4723532515061,0.6486874250769562,982.7003734201122,-1133.6901629059323,-456.54345608927713,526.1569173308351
9,462.4723532515061,0.6486874250769562,991.9597702763272,-1093.4902748513734,-440.3547332553531,551.6050370209741
9,462.4723532515061,0.6486874250769562,1003.6876350764732,-1145.9491450315932,-461.4802176939117,542.2074173825615
9,462.4723532515061,0.6486874250769562,960.8545898572758,-1113.4730037092404,-448.40189145903815,512.4526983982375
9,462.4723532515061,0.6486874250769562,1015.8830864641908,-1139.8631020151358,-459.02933366619874,556.853752797992
9,462.4723532515061,0.6486874250769562,988.8059845777228,-1124.220448854512,-452.72994855197004,536.0760360257527
9,462.4723532515061,0.6486874250769562,936.3267190958541,-1117.379937866533,-449.9752359946488,486.35148310120525
9,462.4723532515061,0.6486874250769562,952.5732085487513,-1137.9266509873169,-458.2495138585345,494.32369469021677
9,462.4723532515061,0.6486874250769562,947.900572151229,-1178.0013730626645,-474.3878316429983,473.51274050823065
9,462.4723532515061,0.6486874250769562,972.9689380253822,-1150.6545618145158,-463.3751157098824,509.5938223154998
9,462.4723532515061,0.6486874250769562,957.6004580284974,-1146.0149384874687,-461.50671309161055,496.0937449368869
9,462.4723532515061,0.6486874250769562,953.5334217149717,-1126.144883891,-453.50492945180036,500.02849226317136
9,462.4723532515061,0.6486874250769562,939.6666130859676,-1096.15740360604,-441.4288011262159,498.2378119597517
9,462.4723532515061,0.6486874250769562,943.5171387404167,-1184.8062733317236,-477.12820356191463,466.3889351785021
9,462.4723532515061,0.6486874250769562,915.7246151622783,-1110.1825384259644,-447.0768024340809,468.6478127281974
9,462.4723532515061,0.6486874250769562,965.4940553369518,-1139.0618263903332,-458.70665542923683,506.7873999077149
9,462.4723532515061,0.6486874250769562,914.0762870898775,-1161.516811275181,-467.74940515150956,446.32688193836793
9,462.4723532515061,0.6486874250769562,951.6752397970857,-1119.3363463498479,-450.7630927827905,500.9121470142952
9,462.4723532515061,0.6486874250769562,944.3650554960199,-1120.2020230983937,-451.1117057174077,493.2533497786122
9,462.4723532515061,0.6486874250769562,1001.1635959335695,-1117.8721351727297,-450.1734466403802,550.9901492931892
9,462.4723532515061,0.6486874250769562,973.8465592476332,-1180.235128355077,-475.2873775635889,498.5591816840443
9,462.4723532515061,0.6486874250769562,1006.3394790241535,-1187.6196799266193,-478.26117834836396,528.0783006757896
9,462.4723532515061,0.6486874250769562,943.164323506109,-1125.1420020085184,-453.10106323185903,490.06326027424996
9,462.4723532515061,0.6486874250769562,967.414290851093,-1204.3076414819923,-484.9815150795623,482.4327757715307
9,462.4723532515061,0.6486874250769562,968.2655698361842,-1162.8199319536072,-468.27417923678973,499.9913905993945
9,462.4723532515061,0.6486874250769562,952.3816332188429,-1141.0740706076738,-459.51699758403294,492.86463563481
9,462.4723532515061,0.6486874250769562,943.476393187555,-1126.2454929556163,-453.5454452925271,489.9309478950279
9,462.4723532515061,0.6486874250769562,973.0429910720875,-1141.0303940790575,-459.49940879833395,513.5435822737536
9,462.4723532515061,0.6486874250769562,951.8178985353514,-1137.5734316970502,-458.1072704477578,493.71062808759365
9,462.4723532515061,0.6486874250769562,941.571143423265,-1072.6292133442732,-431.9538655140911,509.6172779091739
9,462.4723532515061,0.6486874250769562,967.6977706183615,-1129.842941156385,-454.9941580788066,512.7036125395548
9,462.4723532515061,0.6486874250769562,970.336124763102,-1090.1542938002526,-439.01131477263186,531.3248099904702
9,462.4723532515061,0.6486874250769562,895.3622479416002,-1082.1565035592594,-435.7905592988957,459.57168864270454
9,462.4723532515061,0.6486874250769562,988.0996657790339,-1100.734680104357,-443.2720963230812,544.8275694559527
9,462.4723532515061,0.6486874250769562,969.7655847893703,-1107.6009674376444,-446.0371891607979,523.7283956285725
9,462.4723532515061,0.6486874250769562,977.2183555104151,-1146.2161652783186,-461.58774826114654,515.6306072492686
9,462.4723532515061,0.6486874250769562,953.1745581995388,-1140.1185617389244,-459.1322087453042,494.04234945423457
9,462.4723532515061,0.6486874250769562,997.316411551826,-1133.1103766450362,-456.3099728749004,541.0064386769257
9,462.4723532515061,0.6486874250769562,943.8904556987633,-1093.1843346090602,-440.2315293852371,503.6589263135262
9,462.4723532515061,0.6486874250769562,975.2958408284645,-1146.8032946347748,-461.82418858173725,513.4716522467272
9,462.4723532515061,0.6486874250769562,968.1606016024755,-1184.5381535403774,-477.0202302018271,491.1403714006484
9,462.4723532515061,0.6486874250769562,1011.0848888235396,-1142.367236740533,-460.03776291737574,551.0471259061638
9,462.4723532515061,0.6486874250769562,971.1834849064059,-1127.879170779691,-454.20333661446267,516.9801482919431
9,462.4723532515061,0.6486874250769562,973.0493743267963,-1167.2958596427563,-470.07666069360323,502.97271363319305
9,462.4723532515061,0.6486874250769562,972.9401153332259,-1131.440039685297,-455.63731871119285,517.302796622033
9,462.4723532515061,0.6486874250769562,953.4625064576222,-1148.9633940570732,-462.6940728658389,490.7684335917833
9,462.4723532515061,0.6486874250769562,961.0430074106215,-1117.5715281787586,-450.0523904996085,510.990616911013
9,462.4723532515061,0.6486874250769562,1030.2768648311921,-1188.1633132065967,-478.4801025523545,551.7967622788376
9,462.4723532515061,0.6486874250769562,1003.8239559551673,-1156.8777204581793,-465.881216978052,537.9427389771154
9,462.4723532515061,0.6486874250769562,946.0036680465811,-1156.6313414111407,-465.78199873895693,480.22166930762415
9,462.4723532515061,0.6486874250769562,943.7652270627352,-1139.7441819592573,-458.981443885476,484.78378317725924
9,462.4723532515061,0.6486874250769562,982.0406930806168,-1164.586358196512,-468.9855290996089,513.0551639810079
9,462.4723532515061,0.6486874250769562,985.7914406822795,-1142.6657084665267,-460.1579591736269,525.6334815086525
9,462.4723532515061,0.6486874250769562,910.1966669525948,-1120.108010276203,-451.07384622090325,459.12282073169155
9,462.4723532515061,0.6486874250769562,1007.0738079026536,-1159.9045758517834,-467.100148805895,539.9736590967586
9,462.4723532515061,0.6486874250769562,927.9954470448664,-1120.3916782398792,-451.18808091813884,476.8073661267276
9,462.4723532515061,0.6486874250769562,922.9609514788164,-1098.8770339956272,-442.52401170312083,480.4369397756955
9,462.4723532515061,0.6486874250769562,916.3786026144764,-1116.0786720121164,-449.4512088575132,466.9273937569632
9,462.4723532515061,0.6486874250769562,931.3566030364365,-1094.4129727877312,-440.72630894558523,490.63029409085124
9,462.4723532515061,0.6486874250769562,979.1815329562812,-1118.6665840855599,-450.49337572172647,528.6881572345548
9,462.4723532515061,0.6486874250769562,975.5517156553701,-1130.6698084003244,-455.32714220588724,520.2245734494829
9,462.4723532515061,0.6486874250769562,976.2342745756016,-1152.9223567010392,-464.2883695680099,511.9459050075917
9,462.4723532515061,0.6486874250769562,935.9283070044569,-1105.0636623428613,-445.01540201380885,490.91290499064803
9,462.4723532515061,0.6486874250769562,955.2736129287945,-1167.1466326478233,-470.01656613669724,485.25704679209724
9,462.4723532515061,0.6486874250769562,948.3614282263396,-1156.5997370025536,-465.7692714644369,482.59215676190274
9,462.4723532515061,0.6486874250769562,907.4810071708195,-1092.9155998313645,-440.1233083666599,467.35769880415955
9,462.4723532515061,0.6486874250769562,978.629675283699,-1093.4105623574198,-440.3226325821058,538.3070427015932
9,462.4723532515061,0.6486874250769562,973.3944693893008,-1139.6560111900224,-458.9459370168185,514.4485323724823
9,462.4723532515061,0.6486874250769562,949.3693188135276,-1103.4273749780157,-444.35645981501,505.0128589985176
9,462.4723532515061,0.6486874250769562,978.3081244255436,-1140.398268842838,-459.2448483818572,519.0632760436864
9,462.4723532515061,0.6486874250769562,944.922095506036,-1174.2364281960447,-472.8716669997537,472.05042850628234
9,462.4723532515061,0.6486874250769562,940.838078747512,-1133.3010674601294,-456.3867651472651,484.45131360024686
9,462.4723532515061,0.6486874250769562,943.4788604339052,-1107.1702723232645,-445.8637457963995,497.6151146375057
9,462.4723532515061,0.6486874250769562,1001.2229490774653,-1169.113727486206,-470.80872638061135,530.4142226968539
9,462.4723532515061,0.6486874250769562,957.517015326318,-1142.1507881427133,-459.95059783987256,497.5664174864454
9,462.4723532515061,0.6486874250769562,980.6854439204319,-1107.3885159268586,-445.95163373290484,534.7338101875271
9,462.4723532515061,0.6486874250769562,1007.2733503135198,-1121.392445639193,-451.5910956237204,555.6822546897995
9,462.4723532515061,0.6486874250769562,1001.9333493203094,-1149.7440440244275,-463.0084450336086,538.9249042867008
9,462.4723532515061,0.6486874250769562,973.5706994182053,-1123.8065014346255,-452.5632495790957,521.0074498391095
9,462.4723532515061,0.6486874250769562,1011.5592720899783,-1157.7706368427685,-466.2407994685397,545.3184726214386
9,462.4723532515061,0.6486874250769562,978.7856130716357,-1194.7694340008675,-481.1404248497879,497.6451882218478
9,462.4723532515061,0.6486874250769562,965.8786735719743,-1143.5405710113944,-460.510271280502,505.3684022914723
9,462.4723532515061,0.6486874250769562,910.4485476383769,-1135.897066690136,-457.4321887552767,453.0163588831002
9,462.4723532515061,0.6486874250769562,979.6835408374258,-1132.271664103398,-455.97221857927923,523.7113222581465
9,462.4723532515061,0.6486874250769562,948.9084113057733,-1171.1687779390131,-471.63630684912096,477.2721044566523
9,462.4723532515061,0.6486874250769562,1000.6903372834742,-1118.2655634658856,-450.3318824445864,550.3584548388877
9,462.4723532515061,0.6486874250769562,971.8541545954587,-1159.520433197629,-466.94545238115984,504.90870221429884
9,462.4723532515061,0.6486874250769562,916.3917429160297,-1157.6079488138853,-466.17528407694425,450.2164588390854
9,462.4723532515061,0.6486874250769562,980.9007027418189,-1128.565593097629,-454.47976277358623,526.4209399682327
9,462.4723532515061,0.6486874250769562,908.2366441878935,-1108.7556863546574,-446.5022010153892,461.7344431725043
9,462.4723532515061,0.6486874250769562,962.597936203165,-1148.2905940783946,-462.4231324999674,500.1748037031976
9,462.4723532515061,0.6486874250769562,997.1844822359277,-1167.0712704667067,-469.98621735909364,527.1982648768341
9,462.4723532515061,0.6486874250769562,948.8733256295963,-1157.8635542584107,-466.2782178386166,482.5951077909796
9,462.4723532515061,0.6486874250769562,910.887099166231,-1126.393041176654,-453.60486379766763,457.28223536856336
9,462.4723532515061,0.6486874250769562,944.4724022377048,-1136.4339599870827,-457.64839872988824,486.8240035078166
9,462.4723532515061,0.6486874250769562,975.113777757703,-1092.372771584456,-439.9047083540504,535.2090694036526
9,462.4723532515061,0.6486874250769562,972.4848328318855,-1117.5316339664612,-450.036324874135,522.4485079577505
9,462.4723532515061,0.6486874250769562,959.1124615289939,-1132.6728138049737,-456.13376383843286,502.97869769056103
9,462.4723532515061,0.6486874250769562,971.9602023574012,-1105.957384059404,-445.37530881604,526.5848935413612
9,462.4723532515061,0.6486874250769562,998.2485702192004,-1150.087108159345,-463.14659890575126,535.1019713134491
9,462.4723532515061,0.6486874250769562,972.5706923169089,-1167.505946997224,-470.1612640623434,502.4094282545655
9,462.4723532515061,0.6486874250769562,974.0293611991142,-1122.285193438314,-451.95061022388427,522.0787509752299
9,462.4723532515061,0.6486874250769562,953.9153475290444,-1134.28634302246,-456.78354120226214,497.1318063267823
9,462.4723532515061,0.6486874250769562,959.5451815024163,-1143.38107544962,-460.44604151351115,499.09913998890516
9,462.4723532515061,0.6486874250769562,954.760905911348,-1109.058500601035,-446.62414602921893,508.13675988212907
9,462.4723532515061,0.6486874250769562,947.4591948855168,-1174.5740598745626,-473.0076331909048,474.451561694612
9,462.4723532515061,0.6486874250769562,961.4548747239376,-1112.914819430972,-448.1771074855386,513.277767238399
9,462.4723532515061,0.6486874250769562,1007.7100548985954,-1159.4116572208243,-466.9016476785922,540.8084072200032
9,462.4723532515061,0.6486874250769562,982.6680559138659,-1154.7235760727165,-465.0137308210463,517.6543250928196
9,462.4723532515061,0.6486874250769562,969.8033803247723,-1103.5470482264745,-444.4046529106551,525.3987274141173
9,462.4723532515061,0.6486874250769562,989.395517209518,-1122.2261259617828,-451.9268234162005,537.4686937933175
9,462.4723532515061,0.6486874250769562,945.5839188241941,-1151.1492013014504,-463.5743098356429,482.00960898855124
9,462.4723532515061,0.6486874250769562,978.6758624961977,-1140.433660781781,-459.25910091632517,519.4167615798726
9,462.4723532515061,0.6486874250769562,950.5779147318306,-1129.227926321076,-454.7464881177844,495.83142661404617
9,462.4723532515061,0.6486874250769562,991.1275460911346,-1089.0203157752874,-438.5546553928593,552.5728906982754
9,462.4723532515061,0.6486874250769562,943.7555057453853,-1037.8506278611267,-417.9483319618964,525.8071737834889
9,462.4723532515061,0.6486874250769562,991.7768661731527,-1134.212190125407,-456.75367941020704,535.0231867629457
9,462.4723532515061,0.6486874250769562,956.5076863167562,-1135.4448972933214,-457.25009757559286,499.2575887411634
9,462.4723532515061,0.6486874250769562,982.6559437192778,-1144.575637008557,-460.92709822589404,521.7288454933838
9,462.4723532515061,0.6486874250769562,953.4117350057269,-1134.9051060909842,-457.0327205980508,496.3790144076761
9,462.4723532515061,0.6486874250769562,1003.7950833573225,-1129.7821193817822,-454.96966480534337,548.825418551979
9,462.4723532515061,0.6486874250769562,966.1697449522267,-1104.213511664387,-444.6730415156349,521.4967034365918
9,462.4723532515061,0.6486874250769562,937.7262165324396,-1109.6077343240818,-446.84532556338536,490.88089096905424
9,462.4723532515061,0.6486874250769562,968.5868149710287,-1133.5639556087788,-456.4926316951777,512.094183275851
9,462.4723532515061,0.6486874250769562,972.5205728970989,-1134.393715704323,-456.8267807900007,515.6937921070981
9,462.4723532515061,0.6486874250769562,938.8630485001382,-1129.3544626938215,-454.79744503249043,484.0656034676478
9,462.4723532515061,0.6486874250769562,952.2286329914454,-1107.0416822540678,-445.8119618464891,506.41667114495624
9,462.4723532515061,0.6486874250769562,938.3099536697025,-1133.7818419866715,-456.58037577486783,481.7295778948347
9,462.4723532515061,0.6486874250769562,974.1771454506802,-1115.1242071648908,-449.0668404521712,525.110304998509
9,462.4723532515061,0.6486874250769562,978.9246778739886,-1101.0106245725406,-443.38322072489336,535.5414571490952
9,462.4723532515061,0.6486874250769562,994.2323586036041,-1117.8532222941649,-450.165830316955,544.0665282866491
9,462.4723532515061,0.6486874250769562,953.1346220311282,-1158.5126294442039,-466.5396040958849,486.5950179352433
9,462.4723532515061,0.6486874250769562,988.030775292629,-1115.460728493059,-449.2023594989413,538.8284157936877
9,462.4723532515061,0.6486874250769562,980.312321982112,-1106.900075379672,-445.7549359553259,534.5573860267862
9,462.4723532515061,0.6486874250769562,961.6075846613015,-1158.4942089235694,-466.53218604778976,495.07539861351177
9,462.4723532515061,0.6486874250769562,946.9773032350745,-1160.317469392142,-467.26642337550845,479.71087985956603
9,462.4723532515061,0.6486874250769562,979.0754881162333,-1154.8604728554778,-465.06885993160427,514.006628184629
9,462.4723532515061,0.6486874250769562,945.6560047147664,-1093.5046336301466,-440.3605156169725,505.29548909779385
9,462.4723532515061,0.6486874250769562,941.1098393426013,-1086.8128855780963,-437.66571073736515,503.44412860523613
9,462.4723532515061,0.6486874250769562,1000.1374071591896,-1138.6279494224357,-458.53193071438733,541.6054764448022
9,462.4723532515061,0.6486874250769562,961.4326107546723,-1148.268957720512,-462.4144194159801,499.0181913386922
9,462.4723532515061,0.6486874250769562,970.3002623097019,-1173.5835354707299,-472.60874339767645,497.69151891202546
9,462.4723532515061,0.6486874250769562,901.2256698286461,-1126.1783569990287,-453.51840926218017,447.70726056646595
9,462.4723532515061,0.6486874250769562,1011.3583397774129,-1203.870599042764,-484.80551561146115,526.5528241659517
9,462.4723532515061,0.6486874250769562,938.8055432999689,-1096.0997342888759,-441.4055773652362,497.39996593473273
9,462.4723532515061,0.6486874250769562,961.6225541451886,-1157.9631867841738,-466.31834042161074,495.30421372357785
9,462.4723532515061,0.6486874250769562,997.3463239386618,-1151.0569374572565,-463.53715466249366,533.8091692761682
9,462.4723532515061,0.6486874250769562,1036.945609300808,-1146.4824457808263,-461.6949809291909,575.250628371617
9,462.4723532515061,0.6486874250769562,986.5550222964895,-1161.722106567493,-467.83207872965085,518.7229435668387
9,462.4723532515061,0.6486874250769562,960.4146918787058,-1122.2291643242625,-451.92804698199706,508.4866448967087
9,462.4723532515061,0.6486874250769562,927.8852535911543,-1114.5596916099212,-448.83950683764874,479.04574675350557
9,462.4723532515061,0.6486874250769562,993.1121678390177,-1166.0626591907085,-469.58004387990024,523.5321239591175
9,462.4723532515061,0.6486874250769562,965.96629546085,-1149.0572558872977,-462.7318715570225,503.2344239038275
9,462.4723532515061,0.6486874250769562,947.0235824759009,-1148.0098806759597,-462.3100876212946,484.71349485460627
9,462.4723532515061,0.6486874250769562,986.0048993562842,-1142.1698472978255,-459.95827306969267,526.0466262865916
9,462.4723532515061,0.6486874250769562,952.8076822314707,-1141.4293750918175,-459.66008071420606,493.14760151726466
9,462.4723532515061,0.6486874250769562,932.484757820632,-1136.5824038590258,-457.7081779187262,474.7765799019058
9,462.4723532515061,0.6486874250769562,978.3828607402232,-1095.0186694039558,-440.97022640695224,537.412634333271
9,462.4723532515061,0.6486874250769562,931.6478620033033,-1106.397992662722,-445.55274439863854,486.0951176046648
9,462.4723532515061,0.6486874250769562,950.7094064049525,-1121.5706491815124,-451.6628592005422,499.0465472044103
9,462.4723532515061,0.6486874250769562,1001.3825151816905,-1195.042371646832,-481.25033838724516,520.1321767944453
9,462.4723532515061,0.6486874250769562,946.0139794939037,-1108.4394843408718,-446.3748646717218,499.63911482218185
9,462.4723532515061,0.6486874250769562,959.1547538292684,-1078.2761249382709,-434.227908828312,524.9268450009564
9,462.4723532515061,0.6486874250769562,978.111994986102,-1135.4801312171492,-457.26428647647793,520.847708509624
10,486.4205744350011,0.6167502276162212,963.412973937559,-1099.711185884201,-431.8205499056678,531.5924240318911
10,486.4205744350011,0.6167502276162212,976.422171826361,-1148.8736797782656,-451.1250504150446,525.2971214113164
10,486.4205744350011,0.6167502276162212,990.9901609275561,-1119.08287839575,-439.42717882816504,551.5629820993911
10,486.4205744350011,0.6167502276162212,978.7583257890674,-1086.9683148895313,-426.81684199496664,551.9414837941008
10,486.4205744350011,0.6167502276162212,966.0130812595696,-1167.8631362504784,-458.5815877691206,507.43149349044904
10,486.4205744350011,0.6167502276162212,967.1431369486265,-1121.303001746726,-440.2989485242295,526.8441884243971
10,486.4205744350011,0.6167502276162212,993.4788601417011,-1152.7190615976886,-452.63500585896,540.8438542827412
10,486.4205744350011,0.6167502276162212,996.7541324708844,-1129.6254917092213,-443.56691764041113,553.1872148304733
10,486.4205744350011,0.6167502276162212,974.8979482279221,-1159.2744979157944,-455.20911090771426,519.6888373202079
10,486.4205744350011,0.6167502276162212,964.5090845403728,-1095.5827660099678,-430.19945469156437,534.3096298488084
10,486.4205744350011,0.6167502276162212,967.7020799532581,-1100.7830002392166,-432.2414162841501,535.460663669108
10,486.4205744350011,0.6167502276162212,962.9121431953633,-1138.4155471594768,-447.01848440353245,515.8936587918308
10,486.4205744350011,0.6167502276162212,1010.792996935535,-1163.832609554708,-456.99893199866233,553.7940649368727
10,486.4205744350011,0.6167502276162212,984.0194001467551,-1118.4832156242196,-439.19171090614697,544.8276892406082
10,486.4205744350011,0.6167502276162212,968.7368942766356,-1118.2473203488462,-439.0990825607783,529.6378117158572
10,486.4205744350011,0.6167502276162212,985.7024170405047,-1091.1904995513148,-428.47475556887355,557.2276614716311
10,486.4205744350011,0.6167502276162212,988.0825561353219,-1152.4408957524477,-452.5257792458286,535.5567768894932
10,486.4205744350011,0.6167502276162212,978.0818118987625,-1166.1714705150332,-457.917326063399,520.1644858353634
10,486.4205744350011,0.6167502276162212,978.0561821086764,-1175.4825370029873,-461.57347678974065,516.4827053189357
10,486.4205744350011,0.6167502276162212,979.9836583306376,-1151.092862732087,-451.9964508479592,527.9872074826784
10,486.4205744350011,0.6167502276162212,986.3331827365976,-1134.5874490342694,-445.51531570002345,540.8178670365742
10,486.4205744350011,0.6167502276162212,967.2840424317608,-1155.8536720032487,-453.8658646575642,513.4181777741966
10,486.4205744350011,0.6167502276162212,994.1936001469265,-1141.6430843545331,-448.28583250756185,545.9077676393647
10,486.4205744350011,0.6167502276162212,974.6326767794519,-1124.7141747979456,-441.6384044120194,532.9942723674326
10,486.4205744350011,0.6167502276162212,979.789719625497,-1121.5471165011336,-440.39480438969804,539.394915235799
10,486.4205744350011,0.6167502276162212,983.6790515871792,-1137.151285974324,-446.5220504605076,537.1570011266715
10,486.4205744350011,0.6167502276162212,975.0089216088635,-1135.988270629182,-446.0653724414655,528.943549167398
10,486.4205744350011,0.6167502276162212,943.4081054200831,-1088.3157265769594,-427.3459264157518,516.0621790043313
10,486.4205744350011,0.6167502276162212,980.5490518561145,-1143.9564851424207,-449.1942291968022,531.3548226593123
10,486.4205744350011,0.6167502276162212,986.1970577876695,-1146.092246908408,-450.0328728626067,536.1641849250627
10,486.4205744350011,0.6167502276162212,977.9086594574813,-1095.3673106867193,-430.11485244566603,547.7938070118153
10,486.4205744350011,0.6167502276162212,987.6158533582435,-1091.2917760058283,-428.5145235141685,559.101329844075
10,486.4205744350011,0.6167502276162212,956.8486316047685,-1114.731996208294,-437.7187299527893,519.1299016519791
10,486.4205744350011,0.6167502276162212,992.3306210364631,-1143.4633437346056,-449.0005887240696,543.3300323123935
10,486.4205744350011,0.6167502276162212,1031.1016692927662,-1140.621386607711,-447.88464527901203,583.2170240137542
10,486.4205744350011,0.6167502276162212,1016.3485334195906,-1108.3900799825133,-435.2284672481589,581.1200661714317
10,486.4205744350011,0.6167502276162212,1033.7186877301572,-1181.2206173201175,-463.8266329181416,569.8920548120155
10,486.4205744350011,0.6167502276162212,1030.6203201266694,-1143.6515054553513,-449.0744736665586,581.5458464601109
10,486.4205744350011,0.6167502276162212,1039.2269679546193,-1150.708765400763,-451.84562841116065,587.3813395434587
10,486.4205744350011,0.6167502276162212,973.5091397895992,-1096.077313746743,-430.39364738360024,543.115492405999
10,486.4205744350011,0.6167502276162212,1019.5376449972513,-1136.4701721664446,-446.2545993853143,573.283045611937
10,486.4205744350011,0.6167502276162212,980.8164834823983,-1106.7508640693245,-434.58480086908304,546.2316826133153
10,486.4205744350011,0.6167502276162212,1012.6013701642329,-1166.720187298904,-458.13278916534335,554.4685809988896
10,486.4205744350011,0.6167502276162212,1009.9236232462491,-1184.6973424171995,-465.19182894648395,544.7317942997652
10,486.4205744350011,0.6167502276162212,1035.2803596849822,-1149.831985093642,-451.5013455128622,583.77901417212
10,486.4205744350011,0.6167502276162212,1054.5734617331598,-1119.5851358736059,-439.62439888290845,614.9490628502513
10,486.4205744350011,0.6167502276162212,977.4116869642795,-1140.485191361848,-447.83116586849223,529.5805210957873
10,486.4205744350011,0.6167502276162212,1002.5963216538847,-1173.8000996237224,-460.9128387571177,541.683482896767
10,486.4205744350011,0.6167502276162212,998.0103318071169,-1108.7951298279193,-435.3875170507139,562.622814756403
10,486.4205744350011,0.6167502276162212,1049.9890901438862,-1202.0307438093093,-471.9980877323837,577.9910024115024
10,486.4205744350011,0.6167502276162212,1015.1011903818644,-1160.5524369849504,-455.71091570762195,559.3902746742424
10,486.4205744350011,0.6167502276162212,966.0321079741096,-1145.274004331218,-449.7115758128233,516.3205321612863
10,486.4205744350011,0.6167502276162212,962.2508177519497,-1154.8753135287284,-453.4816953412063,508.7691224107434
10,486.4205744350011,0.6167502276162212,993.4235948259183,-1103.712495904852,-433.3917332451109,560.0318615808073
10,486.4205744350011,0.6167502276162212,1017.4959737859489,-1135.797670432037,-445.99052998919285,571.505443796756
10,486.4205744350011,0.6167502276162212,1077.3393180926685,-1201.3459915680214,-471.7292079636066,605.6101101290619
10,486.4205744350011,0.6167502276162212,952.6027049124593,-1128.232815451182,-443.02005930587165,509.5826456065877
10,486.4205744350011,0.6167502276162212,1022.4958496070527,-1133.2762982259264,-445.0004697383425,577.4953798687102
10,486.4205744350011,0.6167502276162212,999.3265352340896,-1110.2438031968152,-435.95636361590306,563.3701716181865
10,486.4205744350011,0.6167502276162212,1029.0245744065353,-1165.2406149763603,-457.5518095934822,571.4727648130531
10,486.4205744350011,0.6167502276162212,991.2488859122199,-1146.5468222731438,-450.21136971386494,541.037516198355
10,486.4205744350011,0.6167502276162212,1010.0174773640359,-1130.9658019250546,-444.09321354598563,565.9242638180503
10,486.4205744350011,0.6167502276162212,995.9338546640228,-1116.4867055800923,-438.40774682883875,557.526107835184
10,486.4205744350011,0.6167502276162212,1022.986353324138,-1165.1084154499156,-457.4998991710554,565.4864541530826
10,486.4205744350011,0.6167502276162212,953.8399017547749,-1136.3993542767532,-446.22679152042923,507.6131102343457
10,486.4205744350011,0.6167502276162212,1031.7203764595702,-1139.255124067935,-447.3481587461709,584.3722177133993
10,486.4205744350011,0.6167502276162212,952.2561485595872,-1112.539524148735,-436.8578180128508,515.3983305467364
10,486.4205744350011,0.6167502276162212,926.5671433023653,-1037.180929703312,-407.26696715015225,519.300176152213
10,486.4205744350011,0.6167502276162212,1028.321562325555,-1157.726155394925,-454.6011275322732,573.7204347932818
10,486.4205744350011,0.6167502276162212,972.4739984017817,-1076.7240154794379,-422.7942412781175,549.6797571236642
10,486.4205744350011,0.6167502276162212,983.780809120282,-1114.3302611875501,-437.56098177326663,546.2198273470153
10,486.4205744350011,0.6167502276162212,994.8871599163028,-1144.5715180059806,-449.43573245034867,545.4514274659541
10,486.4205744350011,0.6167502276162212,1023.3162876420464,-1188.8538564222822,-466.82395580524854,556.4923318367978
10,486.4205744350011,0.6167502276162212,1026.9740682288862,-1158.5726181643138,-454.93350572687916,572.040562502007
10,486.4205744350011,0.6167502276162212,969.9431882799174,-1138.5177424284427,-447.05861313715735,522.88457514276
10,486.4205744350011,0.6167502276162212,983.2054783003458,-1144.7252986730655,-449.49611707958394,533.7093612207618
10,486.4205744350011,0.6167502276162212,984.7600959256758,-1108.0237319929054,-435.084614396283,549.6754815293929
10,486.4205744350011,0.6167502276162212,1033.060471719438,-1199.9118154548423,-471.16605399572495,561.8944177237131
10,486.4205744350011,0.6167502276162212,989.5589784943521,-1093.914298362367,-429.544302114838,560.0146763795142
10,486.4205744350011,0.6167502276162212,1002.2105235576621,-1111.054103084794,-436.27454183188087,565.9359817257812
10,486.4205744350011,0.6167502276162212,1004.6873838144193,-1178.1319576224264,-462.61381745691114,542.0735663575081
10,486.4205744350011,0.6167502276162212,990.5244040049569,-1102.243086501577,-432.8147443186515,557.7096596863054
10,486.4205744350011,0.6167502276162212,1036.6592329977232,-1193.9995599518772,-468.844504978816,567.8147280189071
10,486.4205744350011,0.6167502276162212,965.9151604712523,-1150.234000672265,-451.6592038582713,514.255956612981
10,486.4205744350011,0.6167502276162212,961.5075214944325,-1124.6284510389037,-441.6047435006414,519.902777993791
10,486.4205744350011,0.6167502276162212,929.7472669637455,-1084.5826568324487,-425.8800722436724,503.8671947200731
10,486.4205744350011,0.6167502276162212,1009.1024824321615,-1147.2212681320182,-450.47620250396386,558.6262799281976
10,486.4205744350011,0.6167502276162212,956.6275149960971,-1129.7273857925788,-443.60692810831614,513.0205868877811
10,486.4205744350011,0.6167502276162212,988.1583390054225,-1099.7456642792679,-431.83408844170225,556.3242505637202
10,486.4205744350011,0.6167502276162212,969.208474115826,-1134.6164564382964,-445.5267059571374,523.6817681586886
10,486.4205744350011,0.6167502276162212,993.157813674922,-1129.9524341336264,-443.69529721798233,549.4625164569396
10,486.4205744350011,0.6167502276162212,982.6246130215806,-1092.3339170060012,-428.92373813847195,553.7008748831086
10,486.4205744350011,0.6167502276162212,970.8985439130356,-1136.1034940575412,-446.1106169064076,524.787927006628
10,486.4205744350011,0.6167502276162212,970.385353336795,-1129.6698277352546,-443.58432694513414,526.8010263916608
10,486.4205744350011,0.6167502276162212,947.0399424151163,-1118.1691254014002,-439.0683779670273,507.97156444808905
10,486.4205744350011,0.6167502276162212,1029.8595716508032,-1178.6030221192327,-462.79878905005575,567.0607826007474
10,486.4205744350011,0.6167502276162212,964.0187293882806,-1105.1885056388337,-433.97131390517455,530.0474154831061
10,486.4205744350011,0.6167502276162212,961.8757247021906,-1073.2212424900736,-421.41881709595293,540.4569076062377
10,486.4205744350011,0.6167502276162212,1021.9718859988833,-1129.8530481397195,-443.6562715946253,578.315614404258
10,486.4205744350011,0.6167502276162212,965.8358314181127,-1134.6532642438392,-445.54115917634107,520.2946722417717
10,486.4205744350011,0.6167502276162212,1029.1812628156943,-1141.0745391250737,-448.0625834247274,581.1186793909669
10,486.4205744350011,0.6167502276162212,975.912296785225,-1096.3286250996862,-430.49232911751227,545.4199676677126
10,486.4205744350011,0.6167502276162212,1042.2389937143125,-1101.6339413064413,-432.5755529595817,609.6634407547308
10,486.4205744350011,0.6167502276162212,1003.999758201762,-1165.5212607109286,-457.6620099778972,546.3377482238648
10,486.4205744350011,0.6167502276162212,1008.625596719991,-1128.179468952152,-442.9991118836372,565.6264848363537
10,486.4205744350011,0.6167502276162212,999.1573405711529,-1155.9130657098324,-453.8891866200641,545.2681539510888
10,486.4205744350011,0.6167502276162212,923.9363235108453,-1096.9856486802653,-430.75032074977753,493.1860027610678
10,486.4205744350011,0.6167502276162212,988.9732502170529,-1164.2384239321837,-457.1582820079107,531.8149682091421
10,486.4205744350011,0.6167502276162212,996.5524198950774,-1160.2355982670417,-455.5865035245371,540.9659163705403
10,486.4205744350011,0.6167502276162212,982.2212643870763,-1094.1505756191432,-429.6370804517877,552.5841839352886
10,486.4205744350011,0.6167502276162212,990.3130059643034,-1129.5886180594478,-443.5524385663355,546.7605673979679
10,486.4205744350011,0.6167502276162212,979.5094841651942,-1094.956655885481,-429.9536017606059,549.5558824045883
10,486.4205744350011,0.6167502276162212,968.624111884173,-1119.9355042342766,-439.76197705808426,528.8621348260888
10,486.4205744350011,0.6167502276162212,981.5402740440223,-1158.2899539633418,-454.8225127568438,526.7177612871785
10,486.4205744350011,0.6167502276162212,1017.5931250252164,-1185.9659816234966,-465.6899819949634,551.903143030253
10,486.4205744350011,0.6167502276162212,1028.4630343642136,-1132.8667973781405,-444.839672172993,583.6233621912206
10,486.4205744350011,0.6167502276162212,997.5376678759027,-1114.7821579901536,-437.7384268409404,559.7992410349623
10,486.4205744350011,0.6167502276162212,961.2275395634114,-1135.23273819288,-445.76869960926814,515.4588399541433
10,486.4205744350011,0.6167502276162212,1035.1071742172473,-1151.2594746239495,-452.0618738787407,583.0453003385066
10,486.4205744350011,0.6167502276162212,985.3494847634361,-1156.0332311809,-453.9363716632483,531.4131131001877
10,486.4205744350011,0.6167502276162212,982.5505961601576,-1111.1021642015585,-436.2934138576789,546.2571823024787
10,486.4205744350011,0.6167502276162212,1019.0447347563467,-1120.1342484857366,-439.8400174136409,579.2047173427057
10,486.4205744350011,0.6167502276162212,983.9525743270613,-1112.0963590206122,-436.6838015876463,547.268772739415
10,486.4205744350011,0.6167502276162212,976.9527248583848,-1106.2349054082908,-434.3822008086344,542.5705240497505
10,486.4205744350011,0.6167502276162212,988.0623403317584,-1143.9531611149243,-449.19292396011843,538.86941637164
10,486.4205744350011,0.6167502276162212,1008.5661990005639,-1127.8879228327796,-442.8846312752682,565.6815677252957
10,486.4205744350011,0.6167502276162212,1031.848888592237,-1113.0750431053511,-437.0680987604682,594.7807898317687
10,486.4205744350011,0.6167502276162212,946.357565528452,-1105.4370181735771,-434.0688966348847,512.2886688935673
10,486.4205744350011,0.6167502276162212,1002.2922852537599,-1209.1925332067738,-474.8102877678276,527.4819974859323
10,486.4205744350011,0.6167502276162212,945.5913013086437,-1107.3315940608627,-434.8128345087437,510.77846679989995
10,486.4205744350011,0.6167502276162212,958.8730713886388,-1057.8679564175459,-415.3900847162169,543.4829866724219
10,486.4205744350011,0.6167502276162212,997.168273635318,-1153.5879530365387,-452.9761910571727,544.1920825781453
10,486.4205744350011,0.6167502276162212,995.8441646501153,-1099.8666255523287,-431.8815859702542,563.962578679861
10,486.4205744350011,0.6167502276162212,982.0840114839827,-1096.2746189465765,-430.47112267073476,551.612888813248
10,486.4205744350011,0.6167502276162212,991.8910596993211,-1125.4296535683231,-441.9193494819942,549.971710217327
10,486.4205744350011,0.6167502276162212,942.3827130008217,-1103.81893096714,-433.4335268066536,508.9491861941681
10,486.4205744350011,0.6167502276162212,932.1655631149383,-1102.8881762607048,-433.0680499302527,499.0975131846856
10,486.4205744350011,0.6167502276162212,996.4297626452797,-1110.3863787609614,-436.01234836835715,560.4174142769225
10,486.4205744350011,0.6167502276162212,941.3211183505701,-1130.5435033230233,-443.92739072187123,497.3937276286989
10,486.4205744350011,0.6167502276162212,989.5301089061115,-1152.5022550017472,-452.5498730125506,536.9802358935609
10,486.4205744350011,0.6167502276162212,995.0267220575994,-1126.9461327480415,-442.5148211673894,552.51190089021
10,486.4205744350011,0.6167502276162212,1015.4117068644897,-1136.943310837878,-446.4403854388732,568.9713214256165
10,486.4205744350011,0.6167502276162212,955.0968550902436,-1148.279329057166,-450.8916683611777,504.2051867290659
10,486.4205744350011,0.6167502276162212,1025.0133726702063,-1178.6812737865107,-462.8295159158263,562.18385675438
10,486.4205744350011,0.6167502276162212,1009.8890780486344,-1110.2589556121145,-435.96231347291183,573.9267645757225
10,486.4205744350011,0.6167502276162212,984.0075057669717,-1133.978844554762,-445.276336662264,538.7311691047078
10,486.4205744350011,0.6167502276162212,1003.2652125217965,-1143.9026778327882,-449.1731008293429,554.0921116924535
10,486.4205744350011,0.6167502276162212,995.6830870450614,-1127.0042419486792,-442.53763874649206,553.1454482985694
10,486.4205744350011,0.6167502276162212,987.6485403155673,-1116.741412638592,-438.50776194506017,549.1407783705072
10,486.4205744350011,0.6167502276162212,997.7774245537358,-1087.3670218832447,-426.9734011674899,570.804023386246
10,486.4205744350011,0.6167502276162212,944.5249055073608,-1117.196751295911,-438.68655851630604,505.8383469910548
10,486.4205744350011,0.6167502276162212,928.1062748538501,-1067.2369462834113,-419.0689800551652,509.0372947986849
10,486.4205744350011,0.6167502276162212,969.5535771970299,-1070.40616671578,-420.3134290772758,549.240148119754
10,486.4205744350011,0.6167502276162212,996.5222474173522,-1161.1763962707437,-455.95592407469917,540.566323342653
10,486.4205744350011,0.6167502276162212,1003.4143516176346,-1148.9351908171461,-451.1492037845617,552.2651478330729
10,486.4205744350011,0.6167502276162212,1023.6799420314792,-1145.219166790102,-449.6900429072167,573.9898991242625
10,486.4205744350011,0.6167502276162212,974.0006803320459,-1133.3314145296795,-445.0221121049028,528.9785682271431
10,486.4205744350011,0.6167502276162212,951.9715164803022,-1102.9178968405886,-433.0797202281579,518.8917962521443
10,486.4205744350011,0.6167502276162212,993.2582268601486,-1158.2671003543892,-454.8135388934223,538.4446879667264
10,486.4205744350011,0.6167502276162212,953.2843582467527,-1115.1387175052973,-437.8784360796203,515.4059221671324
10,486.4205744350011,0.6167502276162212,987.591787901788,-1138.896878100423,-447.20748729290375,540.3843006088844
10,486.4205744350011,0.6167502276162212,950.6797742738839,-1109.6806848821466,-435.7352455046904,514.9445287691935
10,486.4205744350011,0.6167502276162212,977.0039619852894,-1142.0555323985939,-448.4477873403215,528.5561746449679
10,486.4205744350011,0.6167502276162212,1039.5909750782334,-1131.431099829225,-444.27592078714855,595.3150542910848
10,486.4205744350011,0.6167502276162212,970.9885796878576,-1136.4466113292644,-446.24534781654063,524.743231871317
10,486.4205744350011,0.6167502276162212,984.9264350217672,-1129.4423536460315,-443.4950053236407,541.4314296981265
10,486.4205744350011,0.6167502276162212,990.1125204251821,-1125.7821279430027,-442.0577546198663,548.0547658053158
10,486.4205744350011,0.6167502276162212,941.0993713824697,-1096.6413453701616,-430.61512412123386,510.48424726123585
10,486.4205744350011,0.6167502276162212,970.9402752607571,-1090.9617492188788,-428.3849328084874,542.5553424522697
10,486.4205744350011,0.6167502276162212,999.4861095864186,-1132.7002350331707,-444.7742685976528,554.7118409887657
10,486.4205744350011,0.6167502276162212,1013.5505563623935,-1155.555556822703,-453.7488045941122,559.8017517682813
10,486.4205744350011,0.6167502276162212,979.7273121772935,-1100.0277706983036,-431.94486238904733,547.7824497882461
10,486.4205744350011,0.6167502276162212,928.0302751326973,-1057.4535494407335,-415.2273606747514,512.8029144579459
10,486.4205744350011,0.6167502276162212,978.7886756986036,-1076.720065254273,-422.7926901541271,555.9959855444765
10,486.4205744350011,0.6167502276162212,961.6605292336684,-1120.7161008367805,-440.0684917671046,521.5920374665639
10,486.4205744350011,0.6167502276162212,988.1726928628912,-1085.561860741274,-426.26457353438053,561.9081193285106
10,486.4205744350011,0.6167502276162212,942.8280741760664,-1107.3104585730437,-434.80453529519593,508.02353888087043
10,486.4205744350011,0.6167502276162212,1020.0388347932433,-1115.7962573700772,-438.1366304397749,581.9022043534684
10,486.4205744350011,0.6167502276162212,973.0356989491441,-1075.4832804997016,-422.3070453051074,550.7286536440367
10,486.4205744350011,0.6167502276162212,951.4781910250857,-1098.1146242172751,-431.19363245150373,520.284558573582
10,486.4205744350011,0.6167502276162212,990.7065439718317,-1121.043869200042,-440.1971956638023,550.5093483080294
10,486.4205744350011,0.6167502276162212,1007.3508207450624,-1169.2573086648365,-459.12903359522386,548.2217871498385
10,486.4205744350011,0.6167502276162212,995.1821648185435,-1099.316420788938,-431.66553858750706,563.5166262310364
10,486.4205744350011,0.6167502276162212,995.218446925715,-1118.6918440611091,-439.2736324574597,555.9448144682553
10,486.4205744350011,0.6167502276162212,1000.4948388983872,-1058.5593379587867,-415.66156759387195,584.8332713045153
10,486.4205744350011,0.6167502276162212,991.5678036110497,-1098.2543423912757,-431.24849520047195,560.3193084105778
10,486.4205744350011,0.6167502276162212,1018.6546754964096,-1158.4499796418165,-454.88534959742975,563.7693258989798
10,486.4205744350011,0.6167502276162212,1003.0666617259374,-1130.9765200339878,-444.0974221961775,558.9692395297599
10,486.4205744350011,0.6167502276162212,975.2812124863642,-1105.0694912327192,-433.924580847482,541.3566316388822
10,486.4205744350011,0.6167502276162212,981.297972283115,-1133.4087790935214,-445.05249063422053,536.2454816488944
10,486.4205744350011,0.6167502276162212,967.2352680173251,-1085.9890982306129,-426.4323356977147,540.8029323196104
10,486.4205744350011,0.6167502276162212,1004.828175708459,-1142.5826048327845,-448.65475141533847,556.1734242931204
10,486.4205744350011,0.6167502276162212,1050.736744050217,-1148.8911953669053,-451.1319282127932,599.604815837424
10,486.4205744350011,0.6167502276162212,1003.9006754712728,-1161.160448025029,-455.94966172116216,547.9510137501106
10,486.4205744350011,0.6167502276162212,1010.4945637180191,-1115.4492116905587,-438.0003569726176,572.4942067454015
10,486.4205744350011,0.6167502276162212,951.7749365068662,-1103.3733139071187,-433.2585475881318,518.5163889187344
10,486.4205744350011,0.6167502276162212,979.1479804140814,-1158.6875770651898,-454.9786463205459,524.1693340935356
10,486.4205744350011,0.6167502276162212,976.4123268291872,-1108.3976006812077,-435.2314203801153,541.1809064490719
10,486.4205744350011,0.6167502276162212,978.8279822330481,-1150.7705118809092,-451.86987423074834,526.9581080022998
10,486.4205744350011,0.6167502276162212,987.1858192528035,-1132.09194642655,-444.53541359282616,542.6504056599774
10,486.4205744350011,0.6167502276162212,979.4880172475639,-1178.7831946022372,-462.86953688065665,516.6184803669073
10,486.4205744350011,0.6167502276162212,984.3805435635684,-1106.9213535256895,-434.6517464923936,549.7287970711748
10,486.4205744350011,0.6167502276162212,966.1199974280108,-1111.5316609404967,-436.4620631543048,529.657934273706
10,486.4205744350011,0.6167502276162212,959.6713821666899,-1138.220881003629,-446.94204538250114,512.7293367841887
10,486.4205744350011,0.6167502276162212,971.4629761004032,-1097.353039601784,-430.8945831268425,540.5683929735608
10,486.4205744350011,0.6167502276162212,958.1361194808366,-1134.498563565108,-445.48041328867714,512.6557061921594
10,486.4205744350011,0.6167502276162212,1010.5931819930538,-1154.5254035356777,-453.34429715197615,557.2488848410776
10,486.4205744350011,0.6167502276162212,963.4263947039218,-1114.126401919913,-437.4809329184542,525.9454617854676
10,486.4205744350011,0.6167502276162212,986.5443795036617,-1127.2063418677706,-442.6169967627768,543.9273827408849
10,486.4205744350011,0.6167502276162212,969.280933079423,-1100.0687894635923,-431.9609691141683,537.3199639652547
10,486.4205744350011,0.6167502276162212,1041.209917933381,-1140.9616304197725,-448.01824787568677,593.1916700576942
10,486.4205744350011,0.6167502276162212,994.1665513865024,-1165.7357747219908,-457.74624260134266,536.4203087851597
10,486.4205744350011,0.6167502276162212,994.4254357694982,-1114.3808335562192,-437.5808398854046,556.8445958840937
10,486.4205744350011,0.6167502276162212,961.1327676446414,-1108.3933697772136,-435.22975904274534,525.9030086018961
10,486.4205744350011,0.6167502276162212,1042.048909610836,-1161.0856766764757,-455.92030146251983,586.1286081483163
10,486.4205744350011,0.6167502276162212,997.5278297454611,-1142.6104364552634,-448.66567998156376,548.8621497638974
10,486.4205744350011,0.6167502276162212,982.3427302355162,-1114.0971811701736,-437.46945888746944,544.8732713480467
10,486.4205744350011,0.6167502276162212,992.8876406747964,-1106.94687292509,-434.6617671243776,558.2258735504188
10,486.4205744350011,0.6167502276162212,972.1935462372244,-1118.455728666037,-439.1809176782977,533.0126285589267
10,486.4205744350011,0.6167502276162212,926.8099350935747,-1107.7702733482076,-434.9850894912564,491.8248456023183
10,486.4205744350011,0.6167502276162212,958.5366321083212,-1115.7638089019654,-438.1238889895437,520.4127431187776
10,486.4205744350011,0.6167502276162212,1038.1825956015928,-1103.0997283025297,-433.1511194854296,605.0314761161632
10,486.4205744350011,0.6167502276162212,940.8748020996604,-1092.5347645579138,-429.0026043912003,511.87219770846013
10,486.4205744350011,0.6167502276162212,1014.602380137875,-1155.7224743448933,-453.81434763590926,560.7880325019657
10,486.4205744350011,0.6167502276162212,1012.0085019760331,-1156.6987151734854,-454.19768542209727,557.8108165539359
10,486.4205744350011,0.6167502276162212,966.0420592690638,-1081.0404956507955,-424.48918160897705,541.5528776600868
10,486.4205744350011,0.6167502276162212,983.5651539520086,-1136.685116779655,-446.33900109211436,537.2261528598942
10,486.4205744350011,0.6167502276162212,934.5949148777555,-1137.6113267600967,-446.70269340352877,487.89222147422674
10,486.4205744350011,0.6167502276162212,1004.8144277667019,-1115.4278763689117,-437.99197929087325,566.8224484758287
10,486.4205744350011,0.6167502276162212,976.5671424914314,-1148.0955377647063,-450.8194995426765,525.7476429487549
10,486.4205744350011,0.6167502276162212,1016.1144431691464,-1124.2901561732376,-441.47190619135756,574.6425369777888
10,486.4205744350011,0.6167502276162212,985.5709467903758,-1115.372400321614,-437.97019566481015,547.6007511255657
10,486.4205744350011,0.6167502276162212,992.3144629090092,-1153.1342686073174,-452.79804404709887,539.5164188619103
10,486.4205744350011,0.6167502276162212,1024.695974479425,-1142.3803241054927,-448.5753224015977,576.1206520778273
10,486.4205744350011,0.6167502276162212,957.6075402809273,-1075.1233793350955,-422.165723910175,535.4418163707523
10,486.4205744350011,0.6167502276162212,1063.1992373301482,-1106.9178965346307,-434.6503890452755,628.5488482848727
10,486.4205744350011,0.6167502276162212,938.359881028194,-1068.0113358687136,-419.3730574719076,518.9868235562864
10,486.4205744350011,0.6167502276162212,982.4782160974905,-1146.225622194851,-450.08524496746014,532.3929711300304
10,486.4205744350011,0.6167502276162212,990.4309871858782,-1157.2275018257244,-454.40532261437426,536.025664571504
10,486.4205744350011,0.6167502276162212,974.1585698400445,-1116.1487176981796,-438.2750300620163,535.8835397780282
10,486.4205744350011,0.6167502276162212,991.9526643099674,-1172.6924112999925,-460.4778858465564,531.474778463411
10,486.4205744350011,0.6167502276162212,958.2850695144601,-1120.5305596835817,-439.99563583562656,518.2894336788336
10,486.4205744350011,0.6167502276162212,963.1179364662142,-1181.8545690027486,-464.0755649720492,499.042371494165
10,486.4205744350011,0.6167502276162212,1017.213769570157,-1108.8707887928567,-435.417225847227,581.79654372293
10,486.4205744350011,0.6167502276162212,1028.8300613598672,-1130.7908336867733,-444.0245092517669,584.8055521081003
10,486.4205744350011,0.6167502276162212,991.5268990746443,-1069.6837987939302,-420.02977886324567,571.4971202113986
10,486.4205744350011,0.6167502276162212,972.4166530374077,-1123.0453485964817,-440.9831110429393,531.4335419944684
10,486.4205744350011,0.6167502276162212,1026.8086998134393,-1143.3324028577742,-448.94917253210554,577.8595272813337
10,486.4205744350011,0.6167502276162212,1005.8255786450412,-1111.9695379159116,-436.63400309521086,569.1915755498303
10,486.4205744350011,0.6167502276162212,1005.4469386804884,-1104.1341281781768,-433.55729442377503,571.8896442567134
10,486.4205744350011,0.6167502276162212,1013.1752013696645,-1136.411761829725,-446.23166355993925,566.9435378097253
10,486.4205744350011,0.6167502276162212,1032.649253822676,-1096.587016420375,-430.59379092277794,602.055462899898
10,486.4205744350011,0.6167502276162212,969.1412426955654,-1126.224353906376,-442.23140226584604,526.9098404297195
10,486.4205744350011,0.6167502276162212,1009.1044918590611,-1181.1003509029845,-463.7794082367451,545.325083622316
10,486.4205744350011,0.6167502276162212,963.894183757952,-1136.11863618728,-446.1165627246137,517.7776210333383
10,486.4205744350011,0.6167502276162212,950.069539562677,-1099.4839608266334,-431.73132607074575,518.3382134919314
10,486.4205744350011,0.6167502276162212,981.9248743319952,-1084.2096353163759,-425.7335989166163,556.1912754153789
10,486.4205744350011,0.6167502276162212,987.976582976588,-1090.2255428618566,-428.0958486943909,559.8807342821972
10,486.4205744350011,0.6167502276162212,1022.7156803973143,-1155.2927705283894,-453.64561702670835,569.0700633706059
10,486.4205744350011,0.6167502276162212,1000.6915667204017,-1148.7276516040079,-451.0677099357269,549.6238567846749
10,486.4205744350011,0.6167502276162212,968.1771113018538,-1151.292505448273,-452.07484400117494,516.1022673006788
10,486.4205744350011,0.6167502276162212,1023.5197556023793,-1142.8677502054193,-448.7667186601885,574.7530369421909
10,486.4205744350011,0.6167502276162212,988.3637719699542,-1100.5586337402326,-432.1533149115213,556.2104570584329
10,486.4205744350011,0.6167502276162212,994.3001081359986,-1168.1487632040148,-458.6937441150113,535.6063640209873
10,486.4205744350011,0.6167502276162212,984.0429865165743,-1147.4957796454798,-450.5839941807423,533.4589923358319
10,486.4205744350011,0.6167502276162212,1010.716327623389,-1165.0010874714385,-457.45775499058226,553.2585726328068
10,486.4205744350011,0.6167502276162212,990.9608450934103,-1148.8002817296924,-451.0962294063073,539.864615687103
10,486.4205744350011,0.6167502276162212,997.1664977975618,-1121.215573243489,-440.2646182156631,556.9018795818986
10,486.4205744350011,0.6167502276162212,977.7221099456142,-1121.1614491488315,-440.24336545710423,537.47874448851
10,486.4205744350011,0.6167502276162212,947.2929499463132,-1103.6934788176989,-433.38426585809384,513.9086840882194
10,486.4205744350011,0.6167502276162212,978.1122168499145,-1135.5761581318495,-445.90354936691165,532.2086674830028
10,486.4205744350011,0.6167502276162212,992.7405161688274,-1161.3674063923079,-456.0309274908598,536.7095886779675
10,486.4205744350011,0.6167502276162212,1011.4936893904801,-1105.5051528926726,-434.0956509065927,577.3980384838874
10,486.4205744350011,0.6167502276162212,997.2015209702446,-1143.5616717679375,-449.0391989209736,548.162322049271
10,486.4205744350011,0.6167502276162212,985.6823382852339,-1150.440311091701,-451.74021520008154,533.9421230851524
10,486.4205744350011,0.6167502276162212,981.854696366257,-1090.3545335816455,-428.1464991235826,553.7081972426745
10,486.4205744350011,0.6167502276162212,1012.7246155641056,-1113.020161195738,-437.0465484328065,575.6780671312991
10,486.4205744350011,0.6167502276162212,997.7849264668183,-1142.6312396160833,-448.6738487011879,549.1110777656304
10,486.4205744350011,0.6167502276162212,1014.5865822147516,-1145.3992723388458,-449.7607644549266,564.825817759825
10,486.4205744350011,0.6167502276162212,1001.2810789186052,-1046.7257899545978,-411.01492102694135,590.2661578916639
10,486.4205744350011,0.6167502276162212,937.0202261052555,-1091.2952594442556,-428.51589134630166,508.5043347589538
10,486.4205744350011,0.6167502276162212,974.7320087586908,-1112.9784238836835,-437.0301595579144,537.7018492007765
10,486.4205744350011,0.6167502276162212,1010.4540035596585,-1122.159724364578,-440.635355425156,569.8186481345026
10,486.4205744350011,0.6167502276162212,975.3621603315296,-1103.1675156508534,-433.1777373560174,542.1844229755122
10,486.4205744350011,0.6167502276162212,1015.3489607505312,-1164.537757404011,-457.27582045443086,558.0731402961003
10,486.4205744350011,0.6167502276162212,1053.8218127572084,-1147.5067232805932,-450.5882913876756,603.2335213695328
10,486.4205744350011,0.6167502276162212,1047.4145720603776,-1137.8395475386687,-446.79230822546367,600.622263834914
10,486.4205744350011,0.6167502276162212,1010.2415983539503,-1132.4284311858387,-444.66754013264494,565.5740582213053
10,486.4205744350011,0.6167502276162212,1014.5130225938468,-1157.8536985933717,-454.6512095672629,559.8618130265838
10,486.4205744350011,0.6167502276162212,999.2588511939272,-1077.4625398856049,-423.0842356141607,576.1746155797664
10,486.4205744350011,0.6167502276162212,1030.5064361205787,-1118.2718637509029,-439.10871995058454,591.397716169994
10,486.4205744350011,0.6167502276162212,1011.1666718960346,-1109.05919152469,-435.49120542687325,575.6754664691614
10,486.4205744350011,0.6167502276162212,960.0916436496998,-1135.8303945644523,-446.00337968376374,514.088263965936
10,486.4205744350011,0.6167502276162212,1039.2254773669908,-1152.8004550308099,-452.6669663932351,586.5585109737558
10,486.4205744350011,0.6167502276162212,1014.4951109983351,-1148.7049380529543,-451.0587910684532,563.4363199298818
10,486.4205744350011,0.6167502276162212,961.189602552164,-1136.7139562106738,-446.35032539173176,514.8392771604323
10,486.4205744350011,0.6167502276162212,980.6817147454282,-1170.653667618174,-459.67733800354097,521.0043767418872
10,486.4205744350011,0.6167502276162212,1002.2077562332306,-1100.5878338904006,-432.1647808537293,570.0429753795013
10,486.4205744350011,0.6167502276162212,982.5968602754627,-1121.4297462088125,-440.34871692162164,542.2481433538411
10,486.4205744350011,0.6167502276162212,1004.4927483462204,-1061.8482362124632,-416.9530101750843,587.5397381711362
10,486.4205744350011,0.6167502276162212,956.0304460954553,-1120.5258581817925,-439.9937897099219,516.0366563855334
10,486.4205744350011,0.6167502276162212,987.9401288941858,-1139.5558593887079,-447.46624765283946,540.4738812413464
10,486.4205744350011,0.6167502276162212,1014.3235811676914,-1099.5417277851452,-431.75400926257936,582.5695719051121
10,486.4205744350011,0.6167502276162212,1001.2041882543334,-1157.542086408086,-454.5288496722882,546.6753385820452
10,486.4205744350011,0.6167502276162212,1002.5805930277054,-1116.5314063426188,-438.4252993536318,564.1552936740736
10,486.4205744350011,0.6167502276162212,985.3772525488748,-1106.5243376247774,-434.4958513566037,550.8814011922711
10,486.4205744350011,0.6167502276162212,998.2664447364552,-1158.5684507399196,-454.9318693158681,543.3345754205872
10,486.4205744350011,0.6167502276162212,963.9074648376397,-1108.8925604436652,-435.4257748611364,528.4816899765033
10,486.4205744350011,0.6167502276162212,997.4764214400963,-1107.3565938358554,-434.8226511012486,562.6537703388476
10,486.4205744350011,0.6167502276162212,1008.406922335682,-1120.9597179979903,-440.16415224402834,568.2427700916537
10,486.4205744350011,0.6167502276162212,1029.0170773990524,-1117.8792644523387,-438.95455906982363,590.0625183292287
10,486.4205744350011,0.6167502276162212,979.7472980049131,-1112.4714519761224,-436.8310883010973,542.9162097038159
10,486.4205744350011,0.6167502276162212,978.3677985298066,-1127.4748991424842,-442.7224504050936,535.645348124713
10,486.4205744350011,0.6167502276162212,995.2014250990505,-1125.6299858264276,-441.998013395728,553.2034117033226
10,486.4205744350011,0.6167502276162212,990.0601395976785,-1116.8680180465833,-438.55747574046535,551.5026638572131
10,486.4205744350011,0.6167502276162212,975.7677295955103,-1090.4310563293784,-428.176547099297,547.5911824962134
10,486.4205744350011,0.6167502276162212,1001.9173436945423,-1117.0544142929136,-438.63066743899844,563.2866762555439
10,486.4205744350011,0.6167502276162212,923.3198331210796,-1098.6298108958251,-431.39592937972554,491.923903741354
10,486.4205744350011,0.6167502276162212,1043.4632549099788,-1161.284820709531,-455.99849879920987,587.4647561107689
10,486.4205744350011,0.6167502276162212,976.2075472290302,-1115.7865640078492,-438.1328241740376,538.0747230549925
10,486.4205744350011,0.6167502276162212,973.6834269230673,-1137.5397676159187,-446.6745944722945,527.0088324507728
10,486.4205744350011,0.6167502276162212,1000.0127010493643,-1105.38768391185,-434.0495246867754,565.9631763625889
10,486.4205744350011,0.6167502276162212,1018.5029253598874,-1128.6911719783645,-443.20004089573035,575.302884464157
10,486.4205744350011,0.6167502276162212,988.3080056807352,-1152.3450917990622,-452.4881601724163,535.8198455083188
10,486.4205744350011,0.6167502276162212,1001.8396405203159,-1131.9746174683598,-444.4893423553086,557.3502981650073
10,486.4205744350011,0.6167502276162212,950.4396171632894,-1098.8193324256038,-431.4703482746667,518.9692688886228
10,486.4205744350011,0.6167502276162212,997.4683125511923,-1153.3089918454223,-452.866652137776,544.6016604134163
10,486.4205744350011,0.6167502276162212,954.0800985520858,-1070.7804668182857,-420.4604044633303,533.6196940887555
10,486.4205744350011,0.6167502276162212,972.0366755578001,-1116.7853348225412,-438.52500874755657,533.5116668102435
10,486.4205744350011,0.6167502276162212,1005.8254019231354,-1115.1980308579443,-437.90172648976215,567.9236754333732
10,486.4205744350011,0.6167502276162212,929.9276525183055,-1080.5178108463122,-424.2839404123825,505.64371210592304
10,486.4205744350011,0.6167502276162212,963.3513476758318,-1097.7311732206738,-431.0430638091732,532.3082838666586
10,486.4205744350011,0.6167502276162212,939.1692923679914,-1100.5048539536558,-432.1321973514642,507.0370950165272
10,486.4205744350011,0.6167502276162212,1018.34259677755,-1170.5138020710847,-459.62241738598954,558.7201793915606
10,486.4205744350011,0.6167502276162212,990.5738795122953,-1101.4600958693286,-432.5072895525925,558.0665899597028
10,486.4205744350011,0.6167502276162212,930.5647640181103,-1079.5445930944422,-423.9017896893701,506.6629743287402
10,486.4205744350011,0.6167502276162212,945.3819590391769,-1120.2437282254514,-439.88300652024816,505.4989525189287
10,486.4205744350011,0.6167502276162212,992.3915752797595,-1130.3206500255899,-443.8398835339102,548.5516917458493
10,486.4205744350011,0.6167502276162212,1017.7678240116193,-1116.4446591258431,-438.39123656393605,579.3765874476833
10,486.4205744350011,0.6167502276162212,990.6920189151064,-1171.1348381510074,-459.86627790590217,530.8257410092042
10,486.4205744350011,0.6167502276162212,1018.0680819118528,-1164.8638081734998,-457.4038499083321,560.6642320035207
10,486.4205744350011,0.6167502276162212,1025.2349461062997,-1180.341623492318,-463.4814808428002,561.7534652634995
10,486.4205744350011,0.6167502276162212,1017.5596987763582,-1205.1520620942508,-473.22372715074636,544.3359716256118
10,486.4205744350011,0.6167502276162212,977.1359444850158,-1128.274306641032,-443.03635153663845,534.0995929483773
10,486.4205744350011,0.6167502276162212,1000.7774526802342,-1142.9336160873177,-448.7925820338692,551.9848706463649
10,486.4205744350011,0.6167502276162212,995.6081523401956,-1128.5666549692887,-443.15114714615146,552.4570051940441
10,486.4205744350011,0.6167502276162212,966.5070368269072,-1104.0514460368056,-433.5248278559956,532.9822089709116
10,486.4205744350011,0.6167502276162212,995.5287995936468,-1141.6165143590927,-448.2753993409365,547.2534002527103
10,486.4205744350011,0.6167502276162212,991.7892908121333,-1172.0643638070646,-460.23127217449036,531.558018637643
10,486.4205744350011,0.6167502276162212,997.0347614579098,-1145.8901353647573,-449.9535102817384,547.0812511761715
10,486.4205744350011,0.6167502276162212,960.4724614440355,-1106.955931641762,-434.6653241855996,525.8071372584359
10,486.4205744350011,0.6167502276162212,974.8834042787894,-1113.3057945455785,-437.15870729031633,537.724696988473
10,486.4205744350011,0.6167502276162212,995.3598484601055,-1129.559512729323,-443.5410098568516,551.8188386032539
10,486.4205744350011,0.6167502276162212,1023.0753734166823,-1111.6149612736874,-436.4947724657562,586.580600950926
10,486.4205744350011,0.6167502276162212,990.9713780795114,-1116.6054390011193,-438.4543695528941,552.5170085266172
10,486.4205744350011,0.6167502276162212,1017.1363276343617,-1122.9343482654037,-440.93952484992695,576.1968027844348
10,486.4205744350011,0.6167502276162212,956.8497030580339,-1113.7031428698854,-437.31473295788135,519.5349701001526
10,486.4205744350011,0.6167502276162212,970.6755516944949,-1142.9277777312439,-448.79028950273675,521.8852621917581
10,486.4205744350011,0.6167502276162212,964.4840810477082,-1154.779760929573,-453.44417496636447,511.0399060813437
10,486.4205744350011,0.6167502276162212,999.9722899454043,-1100.1821735389653,-432.00549132546024,567.966798619944
10,486.4205744350011,0.6167502276162212,968.4514633570931,-1078.5876285274408,-423.5260210595089,544.9254422975841
10,486.4205744350011,0.6167502276162212,966.2977559047129,-1099.6268984346677,-431.78745298597215,534.5103029187408
10,486.4205744350011,0.6167502276162212,965.1711945588597,-1127.0187276723648,-442.5433268155487,522.6278677433111
10,486.4205744350011,0.6167502276162212,1008.7823206912631,-1098.1932430144607,-431.2245034771597,577.5578172141034
10,486.4205744350011,0.6167502276162212,961.542231659781,-1143.7347866489617,-449.107175462524,512.4350561972569
10,486.4205744350011,0.6167502276162212,946.1183035785546,-1079.4825636630167,-423.87743276408617,522.2408708144684
10,486.4205744350011,0.6167502276162212,982.9716451843718,-1114.1068204976204,-437.4732439355186,545.4984012488533
10,486.4205744350011,0.6167502276162212,978.8058302841406,-1133.2612208006249,-444.99454932744874,533.8112809566919
10,486.4205744350011,0.6167502276162212,1032.6378277605888,-1123.056106721874,-440.9873354062835,591.6504923543054
10,486.4205744350011,0.6167502276162212,1016.7407695635228,-1115.5940512909524,-438.05723073792336,578.6835388255995
10,486.4205744350011,0.6167502276162212,998.8877641681659,-1123.0203903552845,-440.973310759395,557.9144534087709
10,486.4205744350011,0.6167502276162212,977.013520747236,-1076.3063220913568,-422.6302267706283,554.3832939766078
10,486.4205744350011,0.6167502276162212,986.4211464545832,-1145.5944088607291,-449.8373881732882,536.583758281295
10,486.4205744350011,0.6167502276162212,1003.9886649329211,-1152.6931486208032,-452.62483068199356,551.3638342509275
10,486.4205744350011,0.6167502276162212,1042.387387520898,-1116.6740533212073,-438.48131214819745,603.9060753727006
10,486.4205744350011,0.6167502276162212,1019.9546058142975,-1081.3708849947063,-424.61891467889745,595.3356911354
10,486.4205744350011,0.6167502276162212,953.5502061382338,-1129.2672318660545,-443.426240738629,510.12396539960474
10,486.4205744350011,0.6167502276162212,1008.8606553109578,-1138.7391369152253,-447.1455474979747,561.7151078129831
10,486.4205744350011,0.6167502276162212,1005.7879404051926,-1091.8136285604035,-428.7194379134934,577.0685024916992
10,486.4205744350011,0.6167502276162212,998.9440138998914,-1060.9855945075726,-416.6142790426207,582.3297348572708
10,486.4205744350011,0.6167502276162212,984.2133495741192,-1103.0885280001512,-433.1467214936712,551.066628080448
10,486.4205744350011,0.6167502276162212,994.067419048782,-1053.4278391247603,-413.64659613882765,580.4208229099543
10,486.4205744350011,0.6167502276162212,953.3437106758469,-1117.7595538942162,-438.9075526560474,514.4361580197994
10,486.4205744350011,0.6167502276162212,988.4182682097554,-1125.1374030058569,-441.80459226190374,546.6136759478517
10,486.4205744350011,0.6167502276162212,983.9707298468879,-1113.7120997069294,-437.3182500143116,546.6524798325763
10,486.4205744350011,0.6167502276162212,1019.3188155464937,-1199.8783415916446,-471.15290990644127,548.1659056400524
10,486.4205744350011,0.6167502276162212,1053.449744535147,-1150.517578573623,-451.7705556085103,601.6791889266367
10,486.4205744350011,0.6167502276162212,1008.8556303022574,-1077.3528856308365,-423.04117798121,585.8144523210474
10,486.4205744350011,0.6167502276162212,1015.7541824987551,-1139.8241481719044,-447.5715958673348,568.1825866314202
10,486.4205744350011,0.6167502276162212,1011.0886530272649,-1116.675334422033,-438.48181519451555,572.6068378327493
10,486.4205744350011,0.6167502276162212,1027.2358642793106,-1135.9874313491543,-446.0650428836983,581.1708213956123
10,486.4205744350011,0.6167502276162212,971.5196994133703,-1127.6254605606202,-442.7815709407475,528.7381284726227
10,486.4205744350011,0.6167502276162212,945.9254222288369,-1102.886370328376,-433.0673407997998,512.858081429037
10,486.4205744350011,0.6167502276162212,994.315480671461,-1137.4686063300344,-446.64665176697605,547.668828904485
10,486.4205744350011,0.6167502276162212,1051.4332992379966,-1097.3671639937352,-430.9001293127663,620.5331699252304
10,486.4205744350011,0.6167502276162212,975.5932722839423,-1090.524011810285,-428.21304767089896,547.3802246130433
10,486.4205744350011,0.6167502276162212,982.8402150438097,-1143.593384117206,-449.0516513214544,533.7885637223553
10,486.4205744350011,0.6167502276162212,1003.7766579738725,-1111.133554680033,-436.3057398700453,567.4709181038272
10,486.4205744350011,0.6167502276162212,1051.5742606359988,-1126.2170142866648,-442.22852023767314,609.3457403983257
10,486.4205744350011,0.6167502276162212,991.446014061852,-1106.2768635023926,-434.39867637740247,557.0473376844495
11,511.81977191938824,0.5861438272987431,966.4262611591248,-1124.5944481417182,-430.49492635309963,535.9313348060252
11,511.81977191938824,0.5861438272987431,1026.7620684949509,-1183.9418453533065,-453.2131190616513,573.5489494332996
11,511.81977191938824,0.5861438272987431,1058.7544148110546,-1178.7057468496453,-451.20873975546147,607.5456750555932
11,511.81977191938824,0.5861438272987431,1005.2689268321517,-1109.228222775533,-424.6127329381563,580.6561938939954
11,511.81977191938824,0.5861438272987431,1024.9555593724378,-1120.586253443252,-428.9605888109071,595.9949705615307
11,511.81977191938824,0.5861438272987431,996.4311765522201,-1092.189996754808,-418.0904974175207,578.3406791346995
11,511.81977191938824,0.5861438272987431,1051.815324664092,-1141.35459827998,-436.9107143834961,614.904610280596
11,511.81977191938824,0.5861438272987431,1010.5474448074293,-1098.8673294860062,-420.6465814059329,589.9008634014964
11,511.81977191938824,0.5861438272987431,1026.309776381387,-1155.5359706992376,-442.3393459095561,583.970430471831
11,511.81977191938824,0.5861438272987431,1003.2036442518356,-1129.11565446219,-432.2256448224775,570.9779994293581
11,511.81977191938824,0.5861438272987431,994.3396605777928,-1138.9310026141827,-435.9829615928068,558.356698984986
11,511.81977191938824,0.5861438272987431,966.1088285448233,-1069.0284225751432,-409.22424328726726,556.884585257556
11,511.81977191938824,0.5861438272987431,1008.8860863061591,-1088.0268256700685,-416.49683489101466,592.3892514151444
11,511.81977191938824,0.5861438272987431,1054.8858686374851,-1149.2108021277584,-439.9180704152218,614.9677982222634
11,511.81977191938824,0.5861438272987431,977.9879796618073,-1126.3952225443472,-431.1842630692103,546.8037165925971
11,511.81977191938824,0.5861438272987431,1047.1505839439374,-1155.4192420541556,-442.29466216640674,604.8559217775306
11,511.81977191938824,0.5861438272987431,1050.3508226970416,-1153.019849172177,-441.3761742050565,608.9746484919851
11,511.81977191938824,0.5861438272987431,1010.8874825551985,-1122.7243862316402,-429.7790663685647,581.1084161866338
11,511.81977191938824,0.5861438272987431,1025.2608381905982,-1142.730548903548,-437.4374284921573,587.8234096984409
11,511.81977191938824,0.5861438272987431,962.0620410684346,-1083.0902985868952,-414.6071315702999,547.4549094981347
11,511.81977191938824,0.5861438272987431,991.8899686913614,-1074.763569479069,-411.4196583972293,580.4703102941321
11,511.81977191938824,0.5861438272987431,1025.347549558745,-1113.816401182696,-426.369088332539,598.978461226206
11,511.81977191938824,0.5861438272987431,1051.0860335935038,-1134.224636388101,-434.18136388330754,616.9046697101962
11,511.81977191938824,0.5861438272987431,980.0610408653951,-1071.7896483593986,-410.281240938822,569.7797999265731
11,511.81977191938824,0.5861438272987431,1020.4743023323143,-1120.4386713595877,-428.90409436676055,591.5702079655538
11,511.81977191938824,0.5861438272987431,1015.4080730089958,-1182.904196896223,-452.8159070739426,562.5921659350531
11,511.81977191938824,0.5861438272987431,1027.6809935376818,-1154.6003681005268,-441.9811970920038,585.699796445678
11,511.81977191938824,0.5861438272987431,978.425386502634,-1093.7537962597385,-418.6891201066319,559.7362663960021
11,511.81977191938824,0.5861438272987431,1070.1244332197705,-1124.3085553320916,-430.38548654194955,639.7389466778209
11,511.81977191938824,0.5861438272987431,1025.187907107343,-1104.3397191145164,-422.74141299077115,602.446494116572
11,511.81977191938824,0.5861438272987431,1027.787495228439,-1121.1174500657733,-429.16393095906477,598.6235642693741
11,511.81977191938824,0.5861438272987431,1034.9138177905857,-1096.753049845143,-419.8372348367878,615.0765829537979
11,511.81977191938824,0.5861438272987431,986.0791389587536,-1097.5709662920153,-420.1503333774582,565.9288055812954
11,511.81977191938824,0.5861438272987431,1034.2946820831448,-1142.4772996962465,-437.34048465695844,596.9541974261864
11,511.81977191938824,0.5861438272987431,961.0691285763303,-1082.543848175522,-414.3979502694421,546.6711783068881
11,511.81977191938824,0.5861438272987431,989.1120265526547,-1108.4603129303846,-424.31877693225636,564.7932496203983
11,511.81977191938824,0.5861438272987431,1034.4960896489947,-1152.149474270076,-441.0429945597198,593.4530950892749
11,511.81977191938824,0.5861438272987431,988.4031435175965,-1148.7525586953484,-439.74265475937085,548.6604887582257
11,511.81977191938824,0.5861438272987431,1001.3932942815271,-1119.9117597181619,-428.7023925100201,572.690901771507
11,511.81977191938824,0.5861438272987431,1008.9798933934813,-1114.8028605609013,-426.7467051330421,582.2331882604392
11,511.81977191938824,0.5861438272987431,1003.8559797625019,-1144.0503886845556,-437.94266336172444,565.9133164007774
11,511.81977191938824,0.5861438272987431,1031.723385497463,-1114.5756556895528,-426.65973107362015,605.0636544238428
11,511.81977191938824,0.5861438272987431,1016.9569316578389,-1086.3075984847833,-415.83871446214664,601.1182171956923
11,511.81977191938824,0.5861438272987431,1031.6254437395028,-1156.4337805052612,-442.68302764030074,588.9424160992021
11,511.81977191938824,0.5861438272987431,1028.2224020229783,-1112.639057216971,-425.9184008828058,602.3040011401724
11,511.81977191938824,0.5861438272987431,999.3676872329249,-1111.484942665997,-425.476605656584,573.8910815763409
11,511.81977191938824,0.5861438272987431,1058.481537117758,-1086.5569213947622,-415.9341553101313,642.5473818076268
11,511.81977191938824,0.5861438272987431,1020.9898063604887,-1117.013433620908,-427.5929128377291,593.3968935227597
11,511.81977191938824,0.5861438272987431,1002.3857053271822,-1093.3112015855436,-418.51969479781354,583.8660105293686
11,511.81977191938824,0.5861438272987431,1007.0143562344066,-1116.2005923726808,-427.28175708387437,579.7325991505322
11,511.81977191938824,0.5861438272987431,1034.6051372925317,-1104.8906935030914,-422.9523260707921,611.6528112217396
11,511.81977191938824,0.5861438272987431,1053.9849746774064,-1129.5509507872825,-432.3922763221458,621.5926983552606
11,511.81977191938824,0.5861438272987431,1042.938700025885,-1109.4274111274754,-424.68898226967445,618.2497177562107
11,511.81977191938824,0.5861438272987431,1027.8320045787714,-1167.6525726713683,-446.9775829933878,580.8544215853835
11,511.81977191938824,0.5861438272987431,1045.1593815246779,-1086.7978473148785,-416.02638178911525,629.1329997355626
11,511.81977191938824,0.5861438272987431,1028.0973036292653,-1118.549458764854,-428.18090349721723,599.916400132048
11,511.81977191938824,0.5861438272987431,1019.5921583346393,-1096.357956083773,-419.685992884647,599.9061654499923
11,511.81977191938824,0.5861438272987431,1073.168958641045,-1115.169582596931,-426.88708638439317,646.2818722566519
11,511.81977191938824,0.5861438272987431,977.6269611000909,-1015.4870178511082,-388.72858538890074,588.89837571119
11,511.81977191938824,0.5861438272987431,958.7798087234671,-1087.8946625561746,-416.446242830849,542.3335658926181
11,511.81977191938824,0.5861438272987431,968.0248951004451,-1073.777515088845,-411.0421966261872,556.9826984742579
11,511.81977191938824,0.5861438272987431,1048.2223699093681,-1111.645396489447,-425.53802740468467,622.6843425046834
11,511.81977191938824,0.5861438272987431,988.8746154403203,-1149.8617494365744,-440.16725314436616,548.7073622959542
11,511.81977191938824,0.5861438272987431,1003.9196729438132,-1109.5564694221014,-424.7383858045506,579.1812871392626
11,511.81977191938824,0.5861438272987431,1048.8984815011206,-1179.9462976233783,-451.683622780945,597.2148587201757
11,511.81977191938824,0.5861438272987431,1042.6681951158487,-1089.5490479226323,-417.07954180157543,625.5886533142732
11,511.81977191938824,0.5861438272987431,1039.2401782176257,-1087.886045090898,-416.44294406382613,622.7972341537995
11,511.81977191938824,0.5861438272987431,987.3602483172981,-1123.6782668279557,-430.1442120063891,557.216036310909
11,511.81977191938824,0.5861438272987431,997.6324039204159,-1080.6552442059617,-413.67499238170797,583.9574115387079
11,511.81977191938824,0.5861438272987431,1044.1917182499478,-1111.8874901704598,-425.63070090271805,618.5610173472298
11,511.81977191938824,0.5861438272987431,1004.2027465259581,-1068.4716045168334,-409.0110932495801,595.191653276378
11,511.81977191938824,0.5861438272987431,1020.3508066528565,-1129.2616997601845,-432.2815509848352,588.0692556680212
11,511.81977191938824,0.5861438272987431,1017.4139596950988,-1116.4952354121492,-427.39454648434315,590.0194132107556
11,511.81977191938824,0.5861438272987431,992.900701645687,-1120.3973454676695,-428.88827480902825,564.0124268366587
11,511.81977191938824,0.5861438272987431,1039.2730352883057,-1110.2770923481985,-425.0142403706221,614.2587949176836
11,511.81977191938824,0.5861438272987431,1050.752353771165,-1084.518289599796,-415.15376674793873,635.5985870232262
11,511.81977191938824,0.5861438272987431,1018.2491687434746,-1110.426203025917,-425.07131996080585,593.1778487826687
11,511.81977191938824,0.5861438272987431,1030.8043880783507,-1199.3990271938426,-459.1301306288554,571.6742574494954
11,511.81977191938824,0.5861438272987431,993.4787409035995,-1097.3471613927168,-420.0646608278558,573.4140800757436
11,511.81977191938824,0.5861438272987431,1075.836945790761,-1136.4166398518664,-435.0204631437198,640.8164826470413
11,511.81977191938824,0.5861438272987431,1038.8229394654059,-1113.4986624546232,-426.24745789894826,612.5754815664576
11,511.81977191938824,0.5861438272987431,1029.8126801037338,-1139.544126077721,-436.2176653482072,593.5950147555266
11,511.81977191938824,0.5861438272987431,1026.377131301631,-1131.3443226604206,-433.07877934883777,593.2983519527932
11,511.81977191938824,0.5861438272987431,1003.4885783377484,-1124.2083217667791,-430.34711711785303,573.1414612198954
11,511.81977191938824,0.5861438272987431,1034.8193548327993,-1131.2643246725675,-433.0481561068805,601.7711987259188
11,511.81977191938824,0.5861438272987431,1051.0380211919344,-1109.2586659902825,-424.6243866054078,626.4136345865265
11,511.81977191938824,0.5861438272987431,1081.6879267896218,-1133.7372741094523,-433.99480152867307,647.6931252609487
11,511.81977191938824,0.5861438272987431,1032.8678433977689,-1135.617593097022,-434.71458792403695,598.1532554737319
11,511.81977191938824,0.5861438272987431,999.1148385263551,-1141.8336348623134,-437.09408966031054,562.0207488660446
11,511.81977191938824,0.5861438272987431,965.8129408231739,-1105.0388157535986,-423.0090272908886,542.8039135322854
11,511.81977191938824,0.5861438272987431,986.5667014109887,-1078.631046194736,-412.90012907413376,573.6665723368549
11,511.81977191938824,0.5861438272987431,964.3809981305703,-1134.4359985895908,-434.26227336629006,530.1187247642803
11,511.81977191938824,0.5861438272987431,972.612663879193,-1095.5687612122363,-419.3838889673977,553.2287749117952
11,511.81977191938824,0.5861438272987431,993.3775255787247,-1080.083769730432,-413.4562318652726,579.9212937134521
11,511.81977191938824,0.5861438272987431,1018.9824599234892,-1089.8606740832101,-417.19883234339636,601.7836275800928
11,511.81977191938824,0.5861438272987431,1042.9210334929567,-1144.23837236049,-438.014623541557,604.9064099513996
11,511.81977191938824,0.5861438272987431,1017.017422026851,-1097.4872960867715,-420.1183044101234,596.8991176167276
11,511.81977191938824,0.5861438272987431,1028.2500230094315,-1127.124925683954,-431.4635935423989,596.7864294670326
11,511.81977191938824,0.5861438272987431,995.8194378205828,-1136.040957039467,-434.876651705807,560.9427861147758
11,511.81977191938824,0.5861438272987431,1055.2727174089073,-1100.2465281354919,-421.17453885941114,634.0981785494962
11,511.81977191938824,0.5861438272987431,1054.917800368116,-1138.9644467747653,-435.99576402258117,618.9220363455349
11,511.81977191938824,0.5861438272987431,1011.5774852309922,-1084.7103018958326,-415.22726908416115,596.3502161468311
11,511.81977191938824,0.5861438272987431,1070.123352680487,-1137.4808976940878,-435.4278612081197,634.6954914723673
11,511.81977191938824,0.5861438272987431,980.4750612413212,-1119.4906685021429,-428.5411987282727,551.9338625130486
11,511.81977191938824,0.5861438272987431,952.7896279548165,-1059.131952473147,-405.435873022098,547.3537549327185
11,511.81977191938824,0.5861438272987431,1055.9716154936548,-1153.7269076183063,-441.6468362861265,614.3247792075283
11,511.81977191938824,0.5861438272987431,994.8916790140509,-1099.0691169152387,-420.7238256646344,574.1678533494164
11,511.81977191938824,0.5861438272987431,983.070982908484,-1096.9911387323666,-419.92837529914743,563.1426076093366
11,511.81977191938824,0.5861438272987431,987.2203276005291,-1112.5517385635405,-425.8849752889485,561.3353523115807
11,511.81977191938824,0.5861438272987431,1037.906211172433,-1141.4505475049405,-436.947443761452,600.958767410981
11,511.81977191938824,0.5861438272987431,1003.9678361489661,-1113.9869025696003,-426.43435628946315,577.5334798595029
11,511.81977191938824,0.5861438272987431,1033.9724502593835,-1150.470995606309,-440.40047267110685,593.5719775882767
11,511.81977191938824,0.5861438272987431,1045.3761971678082,-1126.652588648037,-431.28278285297483,614.0934143148334
11,511.81977191938824,0.5861438272987431,984.6864921164256,-1083.538537411004,-414.7787174605665,569.9077746558592
11,511.81977191938824,0.5861438272987431,997.4523757671091,-1093.945769244444,-418.7626073944707,578.6897683726384
11,511.81977191938824,0.5861438272987431,1012.3461896443248,-1131.186982510286,-433.01854951535734,579.3276401289675
11,511.81977191938824,0.5861438272987431,1026.3421708946591,-1164.284866478037,-445.68842454869457,580.6537463459646
11,511.81977191938824,0.5861438272987431,1056.453631504824,-1125.4198492025973,-430.810890005154,625.6427414996699
11,511.81977191938824,0.5861438272987431,1021.5517844325449,-1093.4253227126403,-418.5633803826802,602.9884040498647
11,511.81977191938824,0.5861438272987431,1004.4559834143971,-1127.0877651793567,-431.4493684955686,573.0066149188285
11,511.81977191938824,0.5861438272987431,1042.9447269378077,-1157.1404002930044,-442.9535218028736,599.991205134934
11,511.81977191938824,0.5861438272987431,996.988457127148,-1110.5566822374642,-425.12126742289627,571.8671897042517
11,511.81977191938824,0.5861438272987431,1025.5338105780331,-1153.881311142769,-441.70594197885157,583.8278685991816
11,511.81977191938824,0.5861438272987431,982.3026807824868,-1093.22736089998,-418.4876005705864,563.8150802119005
11,511.81977191938824,0.5861438272987431,1002.0881336052962,-1111.0492674442014,-425.3098291152,576.7783044900962
11,511.81977191938824,0.5861438272987431,1023.8111003851362,-1115.5243759682573,-427.0229013410757,596.7881990440605
11,511.81977191938824,0.5861438272987431,1002.3748490358124,-1119.5508112235025,-428.56422137118653,573.8106276646258
11,511.81977191938824,0.5861438272987431,1047.743176925555,-1102.4850269687854,-422.0314365543736,625.7117403711813
11,511.81977191938824,0.5861438272987431,1024.052426737001,-1141.404320883313,-436.9297482036392,587.1226785333619
11,511.81977191938824,0.5861438272987431,995.1462310710862,-1092.4876187513305,-418.2044271632044,576.9418039078818
11,511.81977191938824,0.5861438272987431,1053.3991595054854,-1159.4029775652255,-443.81963672793165,609.5795227775537
11,511.81977191938824,0.5861438272987431,997.2994581666354,-1079.0586590763262,-413.0638193504569,584.2356388161785
11,511.81977191938824,0.5861438272987431,1032.4732107206128,-1166.4995170142815,-446.5361931119076,585.9370176087052
11,511.81977191938824,0.5861438272987431,1007.2045785585904,-1077.9073696558635,-412.6231055846259,594.5814729739645
11,511.81977191938824,0.5861438272987431,999.9692890611054,-1110.0481211053911,-424.92659014393615,575.0426989171692
11,511.81977191938824,0.5861438272987431,1008.9741789820738,-1122.5355738318547,-429.7067889531155,579.2673900289583
11,511.81977191938824,0.5861438272987431,1044.8410596068625,-1124.070168920277,-430.29423218713094,614.5468274197315
11,511.81977191938824,0.5861438272987431,1013.60960249781,-1146.1982101626436,-438.76484975127755,574.8447527465324
11,511.81977191938824,0.5861438272987431,1035.5875504837295,-1101.2697772983763,-421.56623879510323,614.0213116886263
11,511.81977191938824,0.5861438272987431,993.0905034001349,-1043.9913486085654,-399.64004755239665,593.4504558477383
11,511.81977191938824,0.5861438272987431,980.1043978177133,-1096.2123251836315,-419.6302453538507,560.4741524638627
11,511.81977191938824,0.5861438272987431,990.4018274586211,-1087.8874906672916,-416.4434974306902,573.958330027931
11,511.81977191938824,0.5861438272987431,1012.4465434614292,-1098.5149150079976,-420.51167708997554,591.9348663714536
11,511.81977191938824,0.5861438272987431,982.5022337885047,-1097.2557843381887,-420.02968167743904,562.4725521110656
11,511.81977191938824,0.5861438272987431,978.4827516123397,-1110.1848994623153,-424.9789489198381,553.5038026925016
11,511.81977191938824,0.5861438272987431,975.316987755987,-1095.5447855855673,-419.37471109385035,555.9422766621367
11,511.81977191938824,0.5861438272987431,1054.3452679921522,-1163.5493614730233,-445.4068731205429,608.9383948716093
11,511.81977191938824,0.5861438272987431,1010.9159747776764,-1085.1032776053098,-415.3777002457141,595.5382745319623
11,511.81977191938824,0.5861438272987431,974.094780902511,-1036.9055393346512,-396.9275986811024,577.1671822214087
11,511.81977191938824,0.5861438272987431,1049.8887181846826,-1127.3921989230016,-431.56590577909014,618.3228124055925
11,511.81977191938824,0.5861438272987431,1027.8620412809928,-1154.045980484526,-441.7689774280034,586.0930638529894
11,511.81977191938824,0.5861438272987431,1021.8730736784868,-1048.7106208360826,-401.44658568121486,620.4264879972719
11,511.81977191938824,0.5861438272987431,1026.145499484285,-1070.950783130607,-409.96012320123623,616.1853762830488
11,511.81977191938824,0.5861438272987431,1020.8549220646482,-1102.4327179095146,-422.0114126385028,598.8435094261454
11,511.81977191938824,0.5861438272987431,1057.7759745002425,-1163.730803852505,-445.4763292910952,612.2996452091472
11,511.81977191938824,0.5861438272987431,1029.4453061348195,-1139.7293779121756,-436.2885797787044,593.1567263561151
11,511.81977191938824,0.5861438272987431,1009.7323883144509,-1153.584615803207,-441.5923669575938,568.140021356857
11,511.81977191938824,0.5861438272987431,983.4911238985278,-1100.9325964582254,-421.4371659180423,562.0539579804855
11,511.81977191938824,0.5861438272987431,1006.2249343327416,-1116.6566835245892,-427.4563488464209,578.7685854863207
11,511.81977191938824,0.5861438272987431,993.2892685393725,-1046.7760511437066,-400.70603210777284,592.5832364315997
11,511.81977191938824,0.5861438272987431,1067.7866297451842,-1046.886416893335,-400.7482801335716,667.0383496116126
11,511.81977191938824,0.5861438272987431,994.0157394007775,-1091.6087927396115,-417.8680124318163,576.1477269689613
11,511.81977191938824,0.5861438272987431,1013.1362599591955,-1150.5072970858914,-440.4143688830303,572.7218910761652
11,511.81977191938824,0.5861438272987431,1038.666114196212,-1087.9722327730385,-416.4759367217011,622.1901774745108
11,511.81977191938824,0.5861438272987431,1014.4478787781339,-1106.4578063440206,-423.5522171054292,590.8956616727048
11,511.81977191938824,0.5861438272987431,982.3873341539132,-1163.005043608586,-445.19850815897763,537.1888259949355
11,511.81977191938824,0.5861438272987431,1039.7572812178378,-1145.7690837161504,-438.6005800820785,601.1567011357592
11,511.81977191938824,0.5861438272987431,1044.2109654550086,-1149.325275893796,-439.96189099032887,604.2490744646798
11,511.81977191938824,0.5861438272987431,999.404590191848,-1075.1509349727114,-411.5679419673046,587.8366482245434
11,511.81977191938824,0.5861438272987431,1035.8002999444075,-1134.721727956766,-434.37165061164484,601.4286493327627
11,511.81977191938824,0.5861438272987431,1022.0933538600354,-1089.4442274847231,-417.039416521949,605.0539373380864
11,511.81977191938824,0.5861438272987431,1058.2957591042182,-1098.0088483532131,-420.3179546973021,637.977804406916
11,511.81977191938824,0.5861438272987431,1000.0757788600067,-1137.0877786642304,-435.2773751835033,564.7984036765034
11,511.81977191938824,0.5861438272987431,1033.0507929658388,-1123.195994150564,-429.95959795189253,603.0911950139463
11,511.81977191938824,0.5861438272987431,992.4152282816376,-1050.9516914158878,-402.30446784113434,590.1107604405033
11,511.81977191938824,0.5861438272987431,1007.7589044332072,-1100.905839599819,-421.4269233885614,586.3319810446458
11,511.81977191938824,0.5861438272987431,992.6781679259974,-1150.0294129001925,-440.2314347438233,552.4467331821741
11,511.81977191938824,0.5861438272987431,1047.2842448156593,-1161.483293349841,-444.61598192772266,602.6682628879366
11,511.81977191938824,0.5861438272987431,998.3209082916113,-1074.5616536520142,-411.3423649878219,586.9785433037894
11,511.81977191938824,0.5861438272987431,1021.0659737643151,-1090.774567627289,-417.54867093152285,603.5173028327922
11,511.81977191938824,0.5861438272987431,996.3790590496124,-1123.327448319967,-430.0099186279989,566.3691404216135
11,511.81977191938824,0.5861438272987431,988.4892840021041,-1100.4247493425842,-421.2427619646813,567.2465220374229
11,511.81977191938824,0.5861438272987431,1045.7329170059422,-1116.216634348979,-427.2878979548492,618.445019051093
11,511.81977191938824,0.5861438272987431,1008.6078586934167,-1101.7684748589347,-421.7571402973824,586.8507183960343
11,511.81977191938824,0.5861438272987431,1020.7624264862035,-1095.4871096582026,-419.3526327400542,601.4097937461493
11,511.81977191938824,0.5861438272987431,1001.7666995501068,-1130.2841164240115,-432.67293223976105,569.0937673103457
11,511.81977191938824,0.5861438272987431,1053.1011753268579,-1123.175471091881,-429.951741721897,623.1494336049609
11,511.81977191938824,0.5861438272987431,1031.5016643314837,-1102.612331406725,-422.08016871264255,609.4214956188412
11,511.81977191938824,0.5861438272987431,994.0022994672578,-1123.217499578452,-429.96783023296956,564.0344692342883
11,511.81977191938824,0.5861438272987431,986.9516723143569,-1096.2483358197742,-419.64403023086106,567.3076420834958
11,511.81977191938824,0.5861438272987431,1006.7552917957458,-1102.2743617736237,-421.95079388551983,584.804497910226
11,511.81977191938824,0.5861438272987431,1018.6889592445308,-1091.6912057199386,-417.89956013326105,600.7893991112697
11,511.81977191938824,0.5861438272987431,1011.0827673252286,-1095.3272425648029,-419.2914355923063,591.7913317329223
11,511.81977191938824,0.5861438272987431,1073.4627526427048,-1101.3748351572099,-421.60645495949575,651.856297683209
11,511.81977191938824,0.5861438272987431,997.2075457116512,-1069.0335680486319,-409.2262129753039,587.9813327363472
11,511.81977191938824,0.5861438272987431,1001.6248796473744,-1108.1492934864254,-424.19971864164967,577.4251610057247
11,511.81977191938824,0.5861438272987431,980.73952040555,-1158.6637974010105,-443.536678448277,537.202841957273
11,511.81977191938824,0.5861438272987431,1040.5177774235797,-1131.6377054975055,-433.1910863436418,607.3266910799379
11,511.81977191938824,0.5861438272987431,1008.905300925715,-1105.5298158385597,-423.1969821983345,585.7083187273804
11,511.81977191938824,0.5861438272987431,1001.9182233882219,-1086.1451071202905,-415.77651274302383,586.1417106451981
11,511.81977191938824,0.5861438272987431,1017.0842134308358,-1073.3956651834108,-410.8960244241197,606.1881890067161
11,511.81977191938824,0.5861438272987431,1041.1530994887519,-1126.88306666049,-431.371009871311,609.7820896174409
11,511.81977191938824,0.5861438272987431,971.5565314291948,-1059.4953759389762,-405.57499158027304,565.9815398489218
11,511.81977191938824,0.5861438272987431,1000.1121811885274,-1054.8159858077568,-403.78372032400335,596.328460864524
11,511.81977191938824,0.5861438272987431,1037.8461511658782,-1122.2752676123707,-429.60714369257636,608.2390074733019
11,511.81977191938824,0.5861438272987431,992.6541526591237,-1100.9404828053284,-421.4401848129167,571.213967846207
11,511.81977191938824,0.5861438272987431,1035.5628740095576,-1090.0862572208596,-417.2851856029108,618.2776884066468
11,511.81977191938824,0.5861438272987431,1040.5414118116278,-1118.9636466475995,-428.33945468193406,612.2019571296937
11,511.81977191938824,0.5861438272987431,967.49008662703,-1064.3029958119762,-407.4153492012632,560.0747374257668
11,511.81977191938824,0.5861438272987431,968.1600366726134,-1153.823618519224,-441.68385723375513,526.4761794388583
11,511.81977191938824,0.5861438272987431,1020.9953008891143,-1087.9004971727397,-416.4484763229604,604.5468245661539
11,511.81977191938824,0.5861438272987431,994.7055383709123,-1112.016741062091,-425.6801781637571,569.0253602071552
11,511.81977191938824,0.5861438272987431,1012.6022028540866,-1113.942749268071,-426.4174543989003,586.1847484551863
11,511.81977191938824,0.5861438272987431,1044.4448485361506,-1110.507191107635,-425.10232221084567,619.342526325305
11,511.81977191938824,0.5861438272987431,1001.5178232339653,-1113.6242385429628,-426.2955284447266,575.2222947892387
11,511.81977191938824,0.5861438272987431,988.042058799724,-1084.436330535093,-415.12239280546413,572.91966599426
11,511.81977191938824,0.5861438272987431,999.7044576543772,-1118.0905148525073,-428.0052196975396,571.6992379568376
11,511.81977191938824,0.5861438272987431,1008.0167280487882,-1107.7123238721458,-424.03244660662523,583.9842814421629
11,511.81977191938824,0.5861438272987431,1005.2848037659162,-1094.1533577911764,-418.8420723218363,586.4427314440799
11,511.81977191938824,0.5861438272987431,974.4871287763592,-1115.0272897988261,-426.8326166795659,547.6545120967933
11,511.81977191938824,0.5861438272987431,1017.0280731085819,-1104.8026441654433,-422.9186207709048,594.1094523376771
11,511.81977191938824,0.5861438272987431,1082.2286913335129,-1143.573571670001,-437.76013773579433,644.4685535977185
11,511.81977191938824,0.5861438272987431,985.016766465322,-1109.2737371473397,-424.63015584662907,560.3866106186929
11,511.81977191938824,0.5861438272987431,1010.0659806632036,-1067.3165966653526,-408.56895606778795,601.4970245954157
11,511.81977191938824,0.5861438272987431,957.9574915649656,-1111.492041872891,-425.47932323406627,532.4781683308993
11,511.81977191938824,0.5861438272987431,1028.9860786744766,-1121.2968316331815,-429.2325982504409,599.7534804240357
11,511.81977191938824,0.5861438272987431,1034.7384395527476,-1096.08685866007,-419.5822167494861,615.1562228032615
11,511.81977191938824,0.5861438272987431,1044.082650101274,-1105.857316793198,-423.32234961374417,620.76030048753
11,511.81977191938824,0.5861438272987431,1055.2111953635322,-1154.396375634368,-441.90310874483055,613.3080866187016
11,511.81977191938824,0.5861438272987431,1005.4863713695895,-1122.9432444368485,-429.86284532291455,575.6235260466749
11,511.81977191938824,0.5861438272987431,1004.9853363410067,-1108.7565868633985,-424.43219063902325,580.5531457019835
11,511.81977191938824,0.5861438272987431,1029.9634566007226,-1133.3082068116532,-433.8305545016032,596.1329020991193
11,511.81977191938824,0.5861438272987431,1020.4339322606305,-1073.109549996146,-410.7864994867757,609.6474327738548
11,511.81977191938824,0.5861438272987431,1033.2709516899167,-1142.6031117082632,-437.3886455143564,595.8823061755603
11,511.81977191938824,0.5861438272987431,1036.3082494549124,-1133.989543488806,-434.09137028558405,602.2168791693283
11,511.81977191938824,0.5861438272987431,960.6379544853035,-1012.8458366336946,-387.7175408158509,572.9204136694525
11,511.81977191938824,0.5861438272987431,1047.1702415977477,-1117.516897914845,-427.78563904627293,619.3846025514747
11,511.81977191938824,0.5861438272987431,1078.189974989645,-1159.1142142945919,-443.7090981038701,634.4808768857749
11,511.81977191938824,0.5861438272987431,1025.4714485185953,-1100.7369135405838,-421.3622584673094,604.1091900512859
11,511.81977191938824,0.5861438272987431,967.2777174775368,-1069.575812871001,-409.4337843760492,557.8439331014877
11,511.81977191938824,0.5861438272987431,1050.5987530714626,-1110.3002301475553,-425.0230975237465,625.5756555477161
11,511.81977191938824,0.5861438272987431,1022.955938977967,-1128.4421655400017,-431.9678331602946,590.9881058176724
11,511.81977191938824,0.5861438272987431,1029.8427985600529,-1140.046412709727,-436.4099407475842,593.4328578124687
11,511.81977191938824,0.5861438272987431,1028.1662197756314,-1107.2028985583936,-423.8374385187865,604.3287812568449
11,511.81977191938824,0.5861438272987431,1081.105135062567,-1143.6621024318326,-437.7940273249326,643.3111077376343
11,511.81977191938824,0.5861438272987431,1029.5779663865096,-1111.1107859480057,-425.3333784078435,604.2445879786661
11,511.81977191938824,0.5861438272987431,1043.7385461647282,-1127.491146436999,-431.603782902547,612.1347632621812
11,511.81977191938824,0.5861438272987431,1048.6665948178213,-1101.12212642166,-421.50971801696585,627.1568768008555
11,511.81977191938824,0.5861438272987431,1032.066478478471,-1133.6193946132444,-433.94967723953715,598.1168012389339
11,511.81977191938824,0.5861438272987431,1037.8255042079916,-1164.489846466879,-445.76689091970167,592.05861328829
11,511.81977191938824,0.5861438272987431,986.5719481176633,-1087.8243926829437,-416.41934351265354,570.1526046050097
11,511.81977191938824,0.5861438272987431,996.7594086305273,-1107.2787493150972,-423.86647420002686,572.8929344305004
11,511.81977191938824,0.5861438272987431,1040.9393354811439,-1157.3520141405972,-443.0345276160228,597.904807865121
11,511.81977191938824,0.5861438272987431,983.7446342714151,-1074.9128050002003,-411.47678577749053,572.2678484939245
11,511.81977191938824,0.5861438272987431,1049.189849466301,-1119.5392745798551,-428.5598051422379,620.6300443240631
11,511.81977191938824,0.5861438272987431,977.0031631273356,-1119.4039151097488,-428.5079895164264,548.4951736109092
11,511.81977191938824,0.5861438272987431,1026.861909359456,-1039.425164928091,-397.8921117427466,628.9697976167093
11,511.81977191938824,0.5861438272987431,952.3917447247638,-1089.1845292214555,-416.9400039871422,535.4517407376217
11,511.81977191938824,0.5861438272987431,1033.2004381305035,-1085.4734038869642,-415.5193846428098,617.6810534876936
11,511.81977191938824,0.5861438272987431,1034.6081263905614,-1133.538204368404,-433.91859760142324,600.6895287891382
11,511.81977191938824,0.5861438272987431,1033.2873149843622,-1113.0413867601208,-426.072412693316,607.2149022910462
11,511.81977191938824,0.5861438272987431,1010.8757189591163,-1116.2910725939812,-427.31639292639477,583.5593260327215
11,511.81977191938824,0.5861438272987431,1013.3484406003646,-1167.5914780953915,-446.9541959803813,566.3942446199833
11,511.81977191938824,0.5861438272987431,1009.3944925901839,-1127.6564465137421,-431.6670597971478,577.7274327930361
11,511.81977191938824,0.5861438272987431,1022.0559279214579,-1112.2068894450417,-425.7529669937658,596.3029609276921
11,511.81977191938824,0.5861438272987431,1009.701777899556,-1139.0019006581188,-436.01010137484406,573.691676524712
11,511.81977191938824,0.5861438272987431,974.6689257749068,-1059.1639241111122,-405.44811176998974,569.2208140049171
11,511.81977191938824,0.5861438272987431,1028.2952015294302,-1077.7461740295728,-412.56139987428463,615.7338016551455
11,511.81977191938824,0.5861438272987431,1031.086622991544,-1115.0181363972797,-426.82911275605716,604.2575102354867
11,511.81977191938824,0.5861438272987431,1005.711568550348,-1160.9055387041033,-444.39481736117335,561.3167511891747
11,511.81977191938824,0.5861438272987431,1028.435823909209,-1057.7647035367363,-404.9124899206083,623.5233339886006
11,511.81977191938824,0.5861438272987431,1013.5131901130283,-1115.9025676388549,-427.16767317028956,586.3455169427386
11,511.81977191938824,0.5861438272987431,1014.2581793597973,-1118.1971844017698,-428.04605281727424,586.212126542523
11,511.81977191938824,0.5861438272987431,1056.6068115984629,-1099.2927463483502,-420.80943104575357,635.7973805527092
11,511.81977191938824,0.5861438272987431,1010.2060795952175,-1074.3336189028312,-411.2550732510383,598.9510063441792
11,511.81977191938824,0.5861438272987431,1006.1774411658079,-1047.7070410065876,-401.06241516934557,605.1150259964622
11,511.81977191938824,0.5861438272987431,993.3518296866961,-1091.3577332640996,-417.77190682628054,575.5799228604155
11,511.81977191938824,0.5861438272987431,960.4804305304972,-1033.1738278181065,-395.4990989431386,564.9813315873586
11,511.81977191938824,0.5861438272987431,1027.0818496334214,-1111.5196155599456,-425.48987844567836,601.591971187743
11,511.81977191938824,0.5861438272987431,993.1048875230864,-1048.425306806834,-401.3373674272817,591.7675200958047
11,511.81977191938824,0.5861438272987431,1045.172345471847,-1120.3003610323701,-428.85114915239654,616.3211963194503
11,511.81977191938824,0.5861438272987431,962.9679630198076,-1079.3490142958096,-413.17496737278117,549.7929956470264
11,511.81977191938824,0.5861438272987431,986.5023496355051,-1080.3785308111276,-413.5690664519412,572.9332831835638
11,511.81977191938824,0.5861438272987431,999.6642889628595,-1123.8780107752352,-430.2206740198871,569.4436149429723
11,511.81977191938824,0.5861438272987431,1021.674879823679,-1090.851351572746,-417.5780638375604,604.0968159861186
11,511.81977191938824,0.5861438272987431,1025.8133812807876,-1127.1975752269295,-431.49140379853566,594.3219774822519
11,511.81977191938824,0.5861438272987431,1017.5654714699757,-1084.4763036550953,-415.1376945219006,602.4277769480751
11,511.81977191938824,0.5861438272987431,1006.955716562837,-1131.485866069699,-433.1329621875079,573.822754375329
11,511.81977191938824,0.5861438272987431,1005.2339877112415,-1103.0188207242604,-422.23577288542225,582.9982148258193
11,511.81977191938824,0.5861438272987431,1089.695569402201,-1123.9191805822534,-430.23643382829584,659.4591355739052
11,511.81977191938824,0.5861438272987431,1002.4124320289562,-1077.5508125979482,-412.4866154884481,589.9258165405081
11,511.81977191938824,0.5861438272987431,1029.4619721614129,-1129.2738854624613,-432.28621567352616,597.1757564878867
11,511.81977191938824,0.5861438272987431,1064.8750522851758,-1133.2886449063449,-433.82306620126616,631.0519860839097
11,511.81977191938824,0.5861438272987431,1041.4927899829224,-1149.5670945587196,-440.05445921216125,601.4383307707612
11,511.81977191938824,0.5861438272987431,1003.6097722177519,-1138.5039017713484,-435.81946732499756,567.7903048927544
11,511.81977191938824,0.5861438272987431,1014.2599950736738,-1146.7633322988686,-438.98117859125773,575.2788164824161
11,511.81977191938824,0.5861438272987431,1035.672231905012,-1116.2359214019139,-427.29528104165576,608.3769508633563
11,511.81977191938824,0.5861438272987431,1002.8790973582738,-1070.181138354359,-409.66550306344664,593.2135942948272
11,511.81977191938824,0.5861438272987431,1014.6980574806315,-1099.7260360167531,-420.9752943969349,593.7227630836967
11,511.81977191938824,0.5861438272987431,1034.7841564441483,-1104.6664555298225,-422.8664877404078,611.9176687037404
11,511.81977191938824,0.5861438272987431,1034.1029004945983,-1146.6626206213386,-438.9426261457315,595.1602743488668
11,511.81977191938824,0.5861438272987431,1030.4096370534028,-1079.1436026186568,-413.0963357514228,617.3133013019799
11,511.81977191938824,0.5861438272987431,996.875730376797,-1100.3109461829456,-421.1991980978061,575.6765322789909
11,511.81977191938824,0.5861438272987431,1015.1095524959998,-1114.747543675204,-426.72552982075626,588.3840226752435
11,511.81977191938824,0.5861438272987431,1046.2574653663783,-1139.142945391431,-436.06409332027835,610.1933720461
11,511.81977191938824,0.5861438272987431,1052.5370377944298,-1113.6080809405407,-426.2893433120539,626.2476944823759
11,511.81977191938824,0.5861438272987431,1031.992928290756,-1090.500292366842,-417.44367831997147,614.5492499707846
11,511.81977191938824,0.5861438272987431,1033.0029838148737,-1086.3870349653682,-415.8691227590359,617.1338610558378
11,511.81977191938824,0.5861438272987431,983.8535380471917,-1086.7996592020847,-416.0270753798143,567.8264626673774
11,511.81977191938824,0.5861438272987431,975.6019559926923,-1087.2663768764548,-416.20573497678066,559.3962210159116
11,511.81977191938824,0.5861438272987431,978.1585736465337,-1075.888848452666,-411.85041536003115,566.3081582865025
11,511.81977191938824,0.5861438272987431,1107.2388365414051,-1158.5093798513535,-443.47756738670535,663.7612691546998
11,511.81977191938824,0.5861438272987431,1019.8722735908588,-1063.0933982405688,-406.9523150663532,612.9199585245055
11,511.81977191938824,0.5861438272987431,965.2011675102672,-1073.234753761937,-410.8344275074257,554.3667400028414
11,511.81977191938824,0.5861438272987431,1008.2707286362926,-1097.0300825896034,-419.9432830136402,588.3274456226524
11,511.81977191938824,0.5861438272987431,1072.5453544253153,-1156.5177265102416,-442.71516218381674,629.8301922414985
11,511.81977191938824,0.5861438272987431,1019.6519387717741,-1159.4237160211073,-443.8275754120078,575.8243633597663
11,511.81977191938824,0.5861438272987431,1043.4506664550988,-1104.8791322318302,-422.94790041438915,620.5027660407097
11,511.81977191938824,0.5861438272987431,990.6750794218667,-1109.6180318102945,-424.76195189614486,565.9131275257218
11,511.81977191938824,0.5861438272987431,1019.1392520708987,-1143.9546009719004,-437.9059958107036,581.233256260195
11,511.81977191938824,0.5861438272987431,1045.7245640228534,-1144.9669013569746,-438.29350455257924,607.4310594702742
11,511.81977191938824,0.5861438272987431,1046.7423928672702,-1108.4994359149089,-424.3337532167021,622.408639650568
11,511.81977191938824,0.5861438272987431,1090.0559435991704,-1137.4449561359145,-435.4141027741665,654.6418408250039
11,511.81977191938824,0.5861438272987431,989.3709813475742,-1100.7897882741042,-421.38249892336927,567.9884824242049
11,511.81977191938824,0.5861438272987431,998.1908256835274,-1126.309698996426,-431.1515246420159,567.0393010415114
11,511.81977191938824,0.5861438272987431,997.1989078754805,-1114.7190063916667,-426.71460574426357,570.484302131217
11,511.81977191938824,0.5861438272987431,1015.6864874138654,-1095.7595760516056,-419.45693291702514,596.2295544968403
11,511.81977191938824,0.5861438272987431,1033.4376541647605,-1117.5467213068478,-427.7970554452824,605.640598719478
11,511.81977191938824,0.5861438272987431,1068.9730199940757,-1117.719549846358,-427.8632142365792,641.1098057574965
11,511.81977191938824,0.5861438272987431,1028.5187527915214,-1131.3384815191437,-433.0765433590656,595.4422094324557
11,511.81977191938824,0.5861438272987431,1046.1382190482454,-1060.2007610103876,-405.84501309324565,640.2932059549998
11,511.81977191938824,0.5861438272987431,1021.2965576667564,-1094.9649862470903,-419.15276381860843,602.1437938481479
11,511.81977191938824,0.5861438272987431,1036.7810946657598,-1104.8060811554092,-422.91993645118816,613.8611582145717
11,511.81977191938824,0.5861438272987431,1013.1584605812839,-1078.9873100087298,-413.0365069164937,600.1219536647902
11,511.81977191938824,0.5861438272987431,980.2763882522987,-1110.8752253575565,-425.2432057778748,555.0331824744239
11,511.81977191938824,0.5861438272987431,1013.2461825355849,-1138.848462845773,-435.95136535686464,577.2948171787202
11,511.81977191938824,0.5861438272987431,984.1969391507357,-1125.411079057082,-430.80753279211245,553.3894063586233
11,511.81977191938824,0.5861438272987431,985.93773951802,-1083.6361759732567,-414.81609351709574,571.1216460009242
11,511.81977191938824,0.5861438272987431,1015.3577696747953,-1102.476283220834,-422.0280894463235,593.3296802284718
11,511.81977191938824,0.5861438272987431,1025.4598145848774,-1091.88951317972,-417.97547225912564,607.4843423257519
11,511.81977191938824,0.5861438272987431,993.7166733631458,-1072.385015714441,-410.50914765318066,583.2075257099651
11,511.81977191938824,0.5861438272987431,1001.9056422865841,-1126.4583858742237,-431.20844200152527,570.6972002850589
11,511.81977191938824,0.5861438272987431,1040.252879474887,-1177.5729337364482,-450.7750987228711,589.477780752016
11,511.81977191938824,0.5861438272987431,1042.5749939117293,-1113.200233736898,-426.13321934026516,616.4417745714641
11,511.81977191938824,0.5861438272987431,971.0648097976647,-1098.9037237132916,-420.6605131216913,550.4042966759735
11,511.81977191938824,0.5861438272987431,1048.2999297964311,-1152.0217923311652,-440.9941178940214,607.3058119024097
11,511.81977191938824,0.5861438272987431,1102.924002733893,-1150.94097412753,-440.5803805207453,662.3436222131478
11,511.81977191938824,0.5861438272987431,1034.728274160468,-1102.3846112913595,-421.99299741773234,612.7352767427356
11,511.81977191938824,0.5861438272987431,1041.9108669904772,-1151.8960311322107,-440.9459764878714,600.9648905026058
11,511.81977191938824,0.5861438272987431,1018.7278190381544,-1087.8382336109871,-416.4246418220206,602.3031772161338
11,511.81977191938824,0.5861438272987431,1003.3292281169431,-1136.7657500361947,-435.15410257555214,568.175125541391
11,511.81977191938824,0.5861438272987431,1026.1740320410627,-1140.0606714400208,-436.4153989917164,589.7586330493463
11,511.81977191938824,0.5861438272987431,972.84646961588,-1079.7175990232877,-413.31606166270296,559.530407953177
11,511.81977191938824,0.5861438272987431,974.1002500952403,-1133.2386635482706,-433.80393332976854,540.2963167654718
11,511.81977191938824,0.5861438272987431,990.5656011372057,-1063.4704430342015,-407.0966478708899,583.4689532663158
11,511.81977191938824,0.5861438272987431,1018.1825125866992,-1043.1316218611275,-399.31094402228973,618.8715685644095
11,511.81977191938824,0.5861438272987431,1028.7577820772178,-1092.7521695652256,-418.3056972551318,610.452084822086
11,511.81977191938824,0.5861438272987431,998.5479487838088,-1085.16991799143,-415.4032101956897,583.144738588119
11,511.81977191938824,0.5861438272987431,995.561101880525,-1042.686286804953,-399.14046969483144,596.4206321856936
11,511.81977191938824,0.5861438272987431,1022.4264669523529,-1143.0624111829275,-437.56446542334345,584.8620015290095
11,511.81977191938824,0.5861438272987431,1017.5966373160187,-1131.0253375913173,-432.95667181571037,584.6399655003083
11,511.81977191938824,0.5861438272987431,984.827265210792,-1150.6556493427045,-440.47115814957573,544.3561070612163
11,511.81977191938824,0.5861438272987431,1023.8992049688762,-1101.6918902412162,-421.7278236940336,602.1713812748426
11,511.81977191938824,0.5861438272987431,1001.9704432691401,-1106.615105957778,-423.6124314215782,578.3580118475619
11,511.81977191938824,0.5861438272987431,983.6022132196658,-1084.9006896054939,-415.3001495284712,568.3020636911947
11,511.81977191938824,0.5861438272987431,1091.1505203895522,-1127.4396906615395,-431.5840856238493,659.5664347657029
11,511.81977191938824,0.5861438272987431,1062.5082114617128,-1133.2213931914416,-433.79732223453914,628.7108892271737
11,511.81977191938824,0.5861438272987431,1032.4449874870465,-1090.093784401361,-417.2880670087554,615.1569204782911
11,511.81977191938824,0.5861438272987431,1018.977586876422,-1073.0920779179276,-410.7798111725676,608.1977757038544
11,511.81977191938824,0.5861438272987431,1007.4934516882145,-1096.512402431364,-419.7451149700722,587.7483367181422
11,511.81977191938824,0.5861438272987431,1040.2675302157295,-1085.5590453618954,-415.5521682124817,624.7153620032477
11,511.81977191938824,0.5861438272987431,1065.1248502277392,-1032.4422632870412,-395.2190559290157,669.9057942987235
11,511.81977191938824,0.5861438272987431,1072.296725733924,-1152.4798924685845,-441.169478696528,631.1272470373959
11,511.81977191938824,0.5861438272987431,1060.5782827366625,-1135.9571794703872,-434.8445816395794,625.733701097083
11,511.81977191938824,0.5861438272987431,1027.7318619620542,-1104.831059077265,-422.92949800348606,604.8023639585681
11,511.81977191938824,0.5861438272987431,1006.4583220373069,-1135.2435795426509,-434.5714154783521,571.8869065589547
11,511.81977191938824,0.5861438272987431,1004.9682087212157,-1111.5911358624603,-425.51725642839443,579.4509522928213
11,511.81977191938824,0.5861438272987431,1038.0473084006824,-1071.9201057461473,-410.33118004637623,627.7161283543062
11,511.81977191938824,0.5861438272987431,989.0490783575939,-1060.3808333093127,-405.9139447967518,583.1351335608421
11,511.81977191938824,0.5861438272987431,1061.1865742824755,-1108.440373794971,-424.3111442281775,636.875430054298
11,511.81977191938824,0.5861438272987431,988.2397863090316,-1109.471754034144,-424.7059567411136,563.533829567918
11,511.81977191938824,0.5861438272987431,966.0505488249048,-1009.4629639645888,-386.42257664191686,579.627972182988
11,511.81977191938824,0.5861438272987431,1048.1512194562476,-1108.522730347478,-424.34267032904415,623.8085491272035
11,511.81977191938824,0.5861438272987431,1053.9186371287983,-1186.9716833013067,-454.3729414904757,599.5456956383226
11,511.81977191938824,0.5861438272987431,1003.9409717682408,-1096.9878483396328,-419.92711573630686,584.013856031934
11,511.81977191938824,0.5861438272987431,1015.8770691068456,-1093.6910203781665,-418.66508948958705,597.2119796172585
11,511.81977191938824,0.5861438272987431,1013.9155768841732,-1090.3591584332246,-417.3896522286468,596.5259246555264
11,511.81977191938824,0.5861438272987431,1002.4697035751494,-1062.350892310808,-406.66808368314,595.8016198920094
11,511.81977191938824,0.5861438272987431,1023.6576025403185,-1149.8037558836102,-440.14505320344205,583.5125493368764
11,511.81977191938824,0.5861438272987431,991.4836055132555,-1079.4501333513267,-413.21367576266306,578.2699297505924
11,511.81977191938824,0.5861438272987431,1037.789814792468,-1115.2517285813606,-426.91853187976767,610.8712829127003
11,511.81977191938824,0.5861438272987431,1018.983127858799,-1141.1944178701144,-436.8493972981572,582.1337305606418
11,511.81977191938824,0.5861438272987431,997.2761574354532,-1088.6208397476898,-416.72422357057,580.5519338648833
11,511.81977191938824,0.5861438272987431,1055.2510747876472,-1112.2559536338372,-425.7717487727236,629.4793260149236
11,511.81977191938824,0.5861438272987431,1009.6540026709184,-1117.6827929553788,-427.84914369310354,581.8048589778149
11,511.81977191938824,0.5861438272987431,1054.2485931118713,-1121.0178361166984,-429.1257987241586,625.1227943877127
11,511.81977191938824,0.5861438272987431,1009.4392549245802,-1114.2674534199357,-426.5417511977814,582.8975037267987
11,511.81977191938824,0.5861438272987431,1072.4386031573808,-1121.5389656656814,-429.32528719502966,643.1133159623512
11,511.81977191938824,0.5861438272987431,1007.8018353314573,-1150.7602218884458,-440.5111885360425,567.2906467954148
11,511.81977191938824,0.5861438272987431,1004.4882594945389,-1055.7904621950224,-404.1567500337462,600.3315094607926
12,538.7578575462035,0.5568364262311891,1061.9570704601485,-1158.7256590445409,-432.3290785539328,629.6279919062158
12,538.7578575462035,0.5568364262311891,1071.7076229814513,-1161.4689307530127,-433.3526134352822,638.3550095461692
12,538.7578575462035,0.5568364262311891,1043.2125739796045,-1150.0122774483266,-429.0780516976825,614.134522281922
12,538.7578575462035,0.5568364262311891,1044.3215123278553,-1132.7112400533683,-422.62290720631336,621.698605121542
12,538.7578575462035,0.5568364262311891,1052.5232144350252,-1126.6501613400242,-420.3614740925048,632.1617403425205
12,538.7578575462035,0.5568364262311891,1067.075587506595,-1163.7108261107348,-434.1890811070325,632.8865063995624
12,538.7578575462035,0.5568364262311891,1071.9969294934733,-1099.8893875888612,-410.37683228628947,661.6200972071838
12,538.7578575462035,0.5568364262311891,1015.2659612243756,-1104.6123161138903,-412.13899170803353,603.1269695163421
12,538.7578575462035,0.5568364262311891,1056.2049679739155,-1113.6617984013762,-415.51542020791237,640.6895477660031
12,538.7578575462035,0.5568364262311891,1061.6238828486519,-1137.1227789988227,-424.26888488222477,637.3549979664272
12,538.7578575462035,0.5568364262311891,998.0429309665138,-1091.7800129653492,-407.3511648806652,590.6917660858487
12,538.7578575462035,0.5568364262311891,1004.1671361198436,-1107.9481760397239,-413.3836256182809,590.7835105015627
12,538.7578575462035,0.5568364262311891,1030.1034144056655,-1083.3849263974782,-404.21889624404855,625.8845181616169
12,538.7578575462035,0.5568364262311891,1024.4429948129143,-1099.5889057732613,-410.2647203075424,614.178274505372
12,538.7578575462035,0.5568364262311891,1064.5672865465442,-1105.4040067163921,-412.4343773034139,652.1329092431304
12,538.7578575462035,0.5568364262311891,1003.7087849303743,-1128.053365382344,-420.8850198566847,582.8237650736896
12,538.7578575462035,0.5568364262311891,1075.6922621384722,-1188.103606917695,-443.2902073031478,632.4020548353244
12,538.7578575462035,0.5568364262311891,1032.8035461062716,-1088.1634933368896,-406.0018147680307,626.8017313382409
12,538.7578575462035,0.5568364262311891,1026.4605880257816,-1102.0647305998007,-411.1884687872311,615.2721192385504
12,538.7578575462035,0.5568364262311891,1047.4700113034326,-1097.7483559973155,-409.5779976286613,637.8920136747713
12,538.7578575462035,0.5568364262311891,1028.9553665306785,-1129.1618001103948,-421.2985850184422,607.6567815122362
12,538.7578575462035,0.5568364262311891,1047.3251542190026,-1078.4865239777623,-402.3912662196575,644.9338879993451
12,538.7578575462035,0.5568364262311891,1039.2861230992153,-1109.1782698236595,-413.8425826699288,625.4435404292865
12,538.7578575462035,0.5568364262311891,1020.4087641433534,-1145.1135046219902,-427.25028347185287,593.1584806715006
12,538.7578575462035,0.5568364262311891,1041.633194545891,-1105.2395815913178,-412.3730290780945,629.2601654677965
12,538.7578575462035,0.5568364262311891,1001.5015239405325,-1121.358340812853,-418.38705687430735,583.1144670662252
12,538.7578575462035,0.5568364262311891,1073.343176959645,-1099.5359257701705,-410.2449530781389,663.0982238815061
12,538.7578575462035,0.5568364262311891,1093.9347806343837,-1149.2950328616193,-428.8104424591638,665.1243381752199
12,538.7578575462035,0.5568364262311891,1090.0693579909475,-1168.54349594692,-435.9921858203226,654.0771721706249
12,538.7578575462035,0.5568364262311891,1030.365012987916,-1134.7532137970015,-423.384782651226,606.98023033669
12,538.7578575462035,0.5568364262311891,937.9628903277772,-1038.6559807489384,-387.530197149504,550.4326931782732
12,538.7578575462035,0.5568364262311891,1069.8493385880954,-1136.1308602538588,-423.8987926920128,645.9505458960825
12,538.7578575462035,0.5568364262311891,1035.5443587578861,-1111.892477985327,-414.8552737278837,620.6890850300024
12,538.7578575462035,0.5568364262311891,1006.4371783924104,-1102.4632181647949,-411.3371474329868,595.1000309594235
12,538.7578575462035,0.5568364262311891,1063.5347121569464,-1143.3961206507765,-426.6095148619558,636.9251972949905
12,538.7578575462035,0.5568364262311891,983.2676696165687,-1090.0795659585037,-406.7167155769314,576.5509540396373
12,538.7578575462035,0.5568364262311891,1029.4761209239896,-1086.7952761950037,-405.491322874116,623.9847980498736
12,538.7578575462035,0.5568364262311891,1028.386941998235,-1133.9205044003577,-423.0740926416071,605.3128493566279
12,538.7578575462035,0.5568364262311891,1047.2243367153487,-1124.5059124081538,-419.5614390215026,627.6628976938462
12,538.7578575462035,0.5568364262311891,967.8793552648655,-1075.5774457239613,-401.30586769491595,566.5734875699495
12,538.7578575462035,0.5568364262311891,1033.0190973086794,-1123.869290810845,-419.3239108141969,613.6951864944825
12,538.7578575462035,0.5568364262311891,1051.6556888076839,-1096.8772835756326,-409.25299409181855,642.4026947158653
12,538.7578575462035,0.5568364262311891,1042.4947195854602,-1072.2610577765372,-400.06849892324357,642.4262206622166
12,538.7578575462035,0.5568364262311891,989.206499642462,-1143.100671723349,-426.49928069085803,562.7072189516039
12,538.7578575462035,0.5568364262311891,1046.5086648160593,-1085.7049432296371,-405.0845116133534,641.4241532027058
12,538.7578575462035,0.5568364262311891,1061.3569176507078,-1145.8627134386666,-427.5298188000213,633.8270988506865
12,538.7578575462035,0.5568364262311891,1072.360157238019,-1059.2266448507753,-395.2052634492551,677.1548937887638
12,538.7578575462035,0.5568364262311891,1058.9742802944752,-1109.5351802568757,-413.9757485815613,644.998531712914
12,538.7578575462035,0.5568364262311891,1079.9991746416022,-1142.2417599454616,-426.17881437979054,653.8203602618116
12,538.7578575462035,0.5568364262311891,1048.7739029769843,-1089.0843651402029,-406.34539882098164,642.4285041560026
12,538.7578575462035,0.5568364262311891,1014.8850130049964,-1087.814563700455,-405.87162655046393,609.0133864545325
12,538.7578575462035,0.5568364262311891,1001.3701913191932,-1023.1648001138552,-381.7503235466354,619.6198677725578
12,538.7578575462035,0.5568364262311891,1092.4542947780412,-1131.3472394559778,-422.1139885362089,670.3403062418323
12,538.7578575462035,0.5568364262311891,1063.5601185150335,-1067.3043202027386,-398.21910362316794,665.3410148918656
12,538.7578575462035,0.5568364262311891,1053.5062770763432,-1109.5045412758086,-413.96431695203864,639.5419601243045
12,538.7578575462035,0.5568364262311891,1061.0093042569715,-1129.544814030317,-421.4414903332428,639.5678139237286
12,538.7578575462035,0.5568364262311891,1053.544372659715,-1127.7843545201479,-420.78464992246734,632.7597227372477
12,538.7578575462035,0.5568364262311891,1057.0434353863884,-1097.7688061599044,-409.58562773495896,647.4578076514294
12,538.7578575462035,0.5568364262311891,1012.7642539594848,-1061.8543522275936,-396.1856804272186,616.5785735322662
12,538.7578575462035,0.5568364262311891,990.2399241875999,-1117.9840401154795,-417.128080429044,573.1118437585558
12,538.7578575462035,0.5568364262311891,1047.1190737253341,-1066.6078514534463,-397.95924600262344,649.1598277227107
12,538.7578575462035,0.5568364262311891,1041.2718449272472,-1085.2088894428962,-404.89943029159195,636.3724146356553
12,538.7578575462035,0.5568364262311891,1123.7612296174143,-1122.7583419607543,-418.9094076149872,704.8518220024271
12,538.7578575462035,0.5568364262311891,1006.8515126703469,-1059.3187309357006,-395.2396214458461,611.6118912245008
12,538.7578575462035,0.5568364262311891,1055.1873460450363,-1091.543379191992,-407.262875076783,647.9244709682532
12,538.7578575462035,0.5568364262311891,1010.1946096286196,-1155.7124844698078,-431.2048409250788,578.9897687035407
12,538.7578575462035,0.5568364262311891,1019.9941278221394,-1125.1699742519552,-419.8092053868994,600.18492243524
12,538.7578575462035,0.5568364262311891,1086.7460901358706,-1139.3096576311304,-425.08482540847024,661.6612647274004
12,538.7578575462035,0.5568364262311891,995.2834113100456,-1073.364558382476,-400.4802231276964,594.8031881823492
12,538.7578575462035,0.5568364262311891,1059.2911230483921,-1087.1407893201208,-405.6202363661443,653.6708866822478
12,538.7578575462035,0.5568364262311891,1007.4719602865326,-1088.9034993329778,-406.2779164560498,601.1940438304828
12,538.7578575462035,0.5568364262311891,1046.720572522359,-1095.3818794100914,-408.6950477825194,638.0255247398395
12,538.7578575462035,0.5568364262311891,1090.3342199295969,-1130.1234722761876,-421.6573919871694,668.6768279424275
12,538.7578575462035,0.5568364262311891,1000.552198300647,-1050.2721622097968,-391.86428001725477,608.6879182833923
12,538.7578575462035,0.5568364262311891,1111.9160144524437,-1230.2598576696507,-459.01901498132565,652.8969994711181
12,538.7578575462035,0.5568364262311891,984.410316462443,-1067.9083508594897,-398.44447191048704,585.965844551956
12,538.7578575462035,0.5568364262311891,1086.5596623727206,-1146.8442202359197,-427.89602621584805,658.6636361568726
12,538.7578575462035,0.5568364262311891,1064.132587816565,-1117.4144477873783,-416.9155613358167,647.2170264807485
12,538.7578575462035,0.5568364262311891,1030.0324478568255,-1109.9084521225122,-414.11501906414804,615.9174287926774
12,538.7578575462035,0.5568364262311891,1014.1591915164688,-1123.9072712780387,-419.33808160627063,594.8211099101982
12,538.7578575462035,0.5568364262311891,1080.0915606265255,-1151.6865108266616,-429.70272050352963,650.3888401229958
12,538.7578575462035,0.5568364262311891,1064.6449660236406,-1114.4423922830615,-415.80666553501777,648.8383004886227
12,538.7578575462035,0.5568364262311891,1072.738923419289,-1100.2042062875407,-410.49429346171894,662.24462995757
12,538.7578575462035,0.5568364262311891,1052.982649102085,-1090.989726205976,-407.0563030694968,645.9263460325881
12,538.7578575462035,0.5568364262311891,1039.6247578888645,-1076.985561323061,-401.83124599710885,637.7935118917555
12,538.7578575462035,0.5568364262311891,975.9496198903723,-1056.6491176186917,-394.24356905291864,581.7060508374536
12,538.7578575462035,0.5568364262311891,1038.2667332156532,-1123.2954692312126,-419.1098137560706,619.1569194595826
12,538.7578575462035,0.5568364262311891,1053.0011287208938,-1096.1008686291013,-408.96330795620116,644.0378207646927
12,538.7578575462035,0.5568364262311891,1029.5932812687925,-1111.3229394924397,-414.6427747209712,614.9505065478213
12,538.7578575462035,0.5568364262311891,1009.5172206136212,-1054.710627297145,-393.5203040350446,615.9969165785767
12,538.7578575462035,0.5568364262311891,1021.9587075870716,-1073.9210901702645,-400.68786923712923,621.2708383499423
12,538.7578575462035,0.5568364262311891,1026.493340215239,-1118.8489954965532,-417.45080165297736,609.0425385622616
12,538.7578575462035,0.5568364262311891,1036.4739097324132,-1089.7047114074103,-406.5768545827426,629.8970551496706
12,538.7578575462035,0.5568364262311891,1100.9284571207204,-1101.9069388990067,-411.1295955413724,689.798861579348
12,538.7578575462035,0.5568364262311891,1000.9154271159185,-1080.3495482945345,-403.0863743152682,597.8290528006503
12,538.7578575462035,0.5568364262311891,1062.4229716627985,-1077.5543431048513,-402.0434626695371,660.3795089932614
12,538.7578575462035,0.5568364262311891,1062.3268515539212,-1175.8686427286611,-438.7252520415658,623.6015995123554
12,538.7578575462035,0.5568364262311891,1097.0292087660423,-1150.2765167337632,-429.1766413214634,667.8525674445789
12,538.7578575462035,0.5568364262311891,1062.118835732776,-1109.9685523234814,-414.1374428918272,647.9813928409487
12,538.7578575462035,0.5568364262311891,1019.2249194482712,-1072.8583165179855,-400.2913405590813,618.9335788891899
12,538.7578575462035,0.5568364262311891,1010.9320708299254,-1089.1407427719425,-406.3664337306609,604.5656370992644
12,538.7578575462035,0.5568364262311891,1025.4870831914764,-1100.2867212968267,-410.52508041948846,614.962002771988
12,538.7578575462035,0.5568364262311891,1048.7463325776034,-1118.7492061240152,-417.4135695030357,631.3327630745678
12,538.7578575462035,0.5568364262311891,1036.6588140751219,-1086.569966378048,-405.4072581217795,631.2515559533424
12,538.7578575462035,0.5568364262311891,998.354554593979,-1070.3495836731836,-399.3553138553786,598.9992407386003
12,538.7578575462035,0.5568364262311891,1069.7030803260993,-1164.8634744504352,-434.61914269297364,635.0839376331257
12,538.7578575462035,0.5568364262311891,1093.302326314825,-1124.4730081084622,-419.54916218491485,673.7531641299101
12,538.7578575462035,0.5568364262311891,1081.8083267473655,-1113.6553590767737,-415.5130176484712,666.2953090988943
12,538.7578575462035,0.5568364262311891,1031.7768006721653,-1068.6051426832532,-398.70445007249646,633.0723505996689
12,538.7578575462035,0.5568364262311891,1063.6174499950173,-1094.2184652525311,-408.2609693906338,655.3564806043835
12,538.7578575462035,0.5568364262311891,1026.7756247337297,-1115.5309535346632,-416.2128157563243,610.5628089774054
12,538.7578575462035,0.5568364262311891,1081.6433990216913,-1083.8360936630725,-404.3872300741364,677.2561689475549
12,538.7578575462035,0.5568364262311891,999.7993429466987,-1093.2477122395387,-407.898774290927,591.9005686557717
12,538.7578575462035,0.5568364262311891,1046.460808929695,-1055.259977009738,-393.7252704593188,652.7355384703762
12,538.7578575462035,0.5568364262311891,1138.2758720179907,-1150.508463336853,-429.2631823075932,709.0126897103975
12,538.7578575462035,0.5568364262311891,1089.3086939803022,-1080.602072204679,-403.1805928462323,686.12810113407
12,538.7578575462035,0.5568364262311891,1049.963803257604,-1064.0496271657266,-397.00475367701455,652.9590495805894
12,538.7578575462035,0.5568364262311891,1062.7562315835382,-1118.3975014526081,-417.28234589947976,645.4738856840585
12,538.7578575462035,0.5568364262311891,990.8676212517645,-1108.7392233065052,-413.67877118036523,577.1888500713992
12,538.7578575462035,0.5568364262311891,1019.598679727463,-1069.7417612053648,-399.1285308154197,620.4701489120433
12,538.7578575462035,0.5568364262311891,1027.8487199299466,-1045.1146233688312,-389.9399642852985,637.9087556446481
12,538.7578575462035,0.5568364262311891,1034.8892782901482,-1113.2443746445222,-415.3596763294899,619.5296019606583
12,538.7578575462035,0.5568364262311891,1067.3098019805157,-1089.7348195594566,-406.58808815604755,660.7217138244681
12,538.7578575462035,0.5568364262311891,1037.269933944616,-1080.8521954891244,-403.27391568606504,633.996018258551
12,538.7578575462035,0.5568364262311891,1062.9701950271733,-1126.725895608549,-420.3897311059495,642.5804639212238
12,538.7578575462035,0.5568364262311891,1016.0271836473614,-1102.1946472429445,-411.2369416437531,604.7902420036083
12,538.7578575462035,0.5568364262311891,1051.2350861358311,-1088.8486080423459,-406.2574361111862,644.9776500246448
12,538.7578575462035,0.5568364262311891,1043.474362362648,-1070.9272707793093,-399.57085316991294,643.9035091927351
12,538.7578575462035,0.5568364262311891,1011.2857870522989,-1138.2096586272055,-424.6744076775215,586.6113793747775
12,538.7578575462035,0.5568364262311891,1061.9101507383866,-1181.3987647693807,-440.7885813097953,621.1215694285913
12,538.7578575462035,0.5568364262311891,1042.9473068637517,-1094.9036032071344,-408.5165994082173,634.4307074555344
12,538.7578575462035,0.5568364262311891,1058.7873053611347,-1121.0127813179326,-418.25812608136397,640.5291792797707
12,538.7578575462035,0.5568364262311891,1008.5459788038053,-1098.1704066929606,-409.7354678520287,598.8105109517766
12,538.7578575462035,0.5568364262311891,1010.5500268646857,-1031.337534617347,-384.7996309901886,625.7503958744971
12,538.7578575462035,0.5568364262311891,1016.5572430915096,-1085.560420870372,-405.030589256561,611.5266538349485
12,538.7578575462035,0.5568364262311891,1015.7631931442223,-1064.7614535131995,-397.2703413305642,618.4928518136581
12,538.7578575462035,0.5568364262311891,1063.551804096155,-1104.1149256673618,-411.9534116686595,651.5983924274954
12,538.7578575462035,0.5568364262311891,1051.0954036764724,-1071.5663697587868,-399.80930570675423,651.2860979697182
12,538.7578575462035,0.5568364262311891,1064.6359970411518,-1132.2590938770004,-422.45420813740515,642.1817889037466
12,538.7578575462035,0.5568364262311891,1069.0399429473553,-1116.9275454932954,-416.7338945033757,652.3060484439795
12,538.7578575462035,0.5568364262311891,1062.4069730727435,-1115.9090253832464,-416.35387714790505,646.0530959248385
12,538.7578575462035,0.5568364262311891,1053.8362012587068,-1070.1978701360406,-399.2987084171498,654.537492841557
12,538.7578575462035,0.5568364262311891,1031.514775058241,-1087.2966882885542,-405.6784034196174,625.8363716386236
12,538.7578575462035,0.5568364262311891,1040.1088556522927,-1114.392644307727,-415.7881041989773,624.3207514533154
12,538.7578575462035,0.5568364262311891,1008.3016834539278,-1086.3957500789763,-405.3422567373199,602.9594267166079
12,538.7578575462035,0.5568364262311891,1041.5263338900666,-1100.7109504254086,-410.6833634322309,630.8429704578357
12,538.7578575462035,0.5568364262311891,1029.4687544577191,-1088.2993159110833,-406.05249117093047,623.4162632867886
12,538.7578575462035,0.5568364262311891,1031.866829713575,-1063.3390128409153,-396.73961823804774,635.1272114755272
12,538.7578575462035,0.5568364262311891,1060.7917437914914,-1119.4034828906824,-417.6576849840769,643.1340588074145
12,538.7578575462035,0.5568364262311891,1076.0169222171594,-1148.5891438005394,-428.5470700509014,647.469852166258
12,538.7578575462035,0.5568364262311891,1113.0830878496897,-1096.2025001469797,-409.00122742413856,704.0818604255512
12,538.7578575462035,0.5568364262311891,1082.250277699326,-1082.2484289082226,-403.7948606593754,678.4554170399506
12,538.7578575462035,0.5568364262311891,1060.282985847038,-1150.7647202584087,-429.3587936526122,630.9241921944258
12,538.7578575462035,0.5568364262311891,974.0989418973924,-1061.7764799129695,-396.1566256930255,577.9423162043669
12,538.7578575462035,0.5568364262311891,1066.422835828767,-1127.107488212722,-420.53210611737467,645.8907297113922
12,538.7578575462035,0.5568364262311891,1081.3331080526063,-1124.417465753902,-419.5284389233039,661.8046691293025
12,538.7578575462035,0.5568364262311891,1031.0869778741476,-1095.490345546571,-408.7355172970007,622.3514605771469
12,538.7578575462035,0.5568364262311891,1073.027298594995,-1099.223842453079,-410.1285124937287,662.8987861012663
12,538.7578575462035,0.5568364262311891,1034.7835269909635,-1080.4996741173234,-403.1423873655764,631.6411396253872
12,538.7578575462035,0.5568364262311891,1073.1391655903062,-1109.721324166694,-414.04520024544917,659.093965344857
12,538.7578575462035,0.5568364262311891,1038.7061213649142,-1090.2239089341256,-406.77057100436514,631.9355503605491
12,538.7578575462035,0.5568364262311891,1051.1426674518702,-1105.9365342439612,-412.63306724654365,638.5096002053266
12,538.7578575462035,0.5568364262311891,1042.2947470201693,-1106.9541252819045,-413.0127379583682,629.2820090618011
12,538.7578575462035,0.5568364262311891,1049.4634974582052,-1068.0501312128179,-398.49737120466676,650.9661262535385
12,538.7578575462035,0.5568364262311891,1024.911977056184,-1114.8416915196915,-415.9556470214396,608.9563300347445
12,538.7578575462035,0.5568364262311891,1063.364885018167,-1147.5150394104712,-428.1463137911222,635.2185712270447
12,538.7578575462035,0.5568364262311891,1015.8776694996955,-1142.1199998721008,-426.1333847995359,589.7442847001596
12,538.7578575462035,0.5568364262311891,1070.02273203299,-1062.1196158184616,-396.284652226901,673.738079806089
12,538.7578575462035,0.5568364262311891,1084.3387571567719,-1112.9759176108157,-415.25951303276156,669.0792441240103
12,538.7578575462035,0.5568364262311891,1071.0334280721304,-1099.0877697787214,-410.0777427766156,660.9556852955147
12,538.7578575462035,0.5568364262311891,1029.778791440848,-1108.2244854579214,-413.48671869750353,616.2920727433444
12,538.7578575462035,0.5568364262311891,1038.6068128203601,-1127.3688919112199,-420.62963776278184,617.9771750575783
12,538.7578575462035,0.5568364262311891,1065.6351307412187,-1119.8737422972836,-417.83314223260703,647.8019885086117
12,538.7578575462035,0.5568364262311891,1016.2832059453108,-1091.9700177216343,-407.42205705480876,608.861148890502
12,538.7578575462035,0.5568364262311891,1111.2463725365637,-1149.3331115006242,-428.8246498798635,682.4217226567002
12,538.7578575462035,0.5568364262311891,1059.4041745646728,-1127.9993208938415,-420.8648554599331,638.5393191047397
12,538.7578575462035,0.5568364262311891,1000.379419326713,-1049.5689794189477,-391.6019173383499,608.7775019883632
12,538.7578575462035,0.5568364262311891,1019.8423999459335,-1098.3038797344263,-409.785267626961,610.0571323189724
12,538.7578575462035,0.5568364262311891,1061.8664038282682,-1080.6042840796836,-403.18141811308914,658.684985715179
12,538.7578575462035,0.5568364262311891,1023.6128668280376,-1064.630930057667,-397.2216420678702,626.3912247601673
12,538.7578575462035,0.5568364262311891,1033.2077559554923,-1083.5484906030204,-404.279923253949,628.9278327015434
12,538.7578575462035,0.5568364262311891,1092.7599823372796,-1103.2394731730901,-411.62677389447026,681.1332084428093
12,538.7578575462035,0.5568364262311891,1008.5581361454791,-1091.5451455922764,-407.26353413374045,601.2946020117387
12,538.7578575462035,0.5568364262311891,1064.3090712066187,-1095.5991419873471,-408.77611005044804,655.5329611561706
12,538.7578575462035,0.5568364262311891,1059.6778196159023,-1114.739748231189,-415.9176112295858,643.7602083863164
12,538.7578575462035,0.5568364262311891,1041.83373861716,-1079.2419819083,-402.6731331382385,639.1606054789215
12,538.7578575462035,0.5568364262311891,1016.2914526707867,-1101.0910396790375,-410.8251775324944,605.4662751382923
12,538.7578575462035,0.5568364262311891,1021.0217262035125,-1110.8838293391896,-414.4789394883115,606.5427867152009
12,538.7578575462035,0.5568364262311891,1058.898923114007,-1066.5161127038727,-397.92501759941064,660.9739055145963
12,538.7578575462035,0.5568364262311891,1013.2807987543689,-1117.9842687042817,-417.12816571720987,596.152633037159
12,538.7578575462035,0.5568364262311891,1033.8079119697336,-1081.9630124654466,-403.6883696822003,630.1195422875332
12,538.7578575462035,0.5568364262311891,1057.585084344432,-1118.4109950095879,-417.2873804449823,640.2977038994497
12,538.7578575462035,0.5568364262311891,1011.5716059461365,-1100.9589992075723,-410.7759122599817,600.7956936861549
12,538.7578575462035,0.5568364262311891,1059.6785524627514,-1173.3230588566378,-437.7754759481624,621.903076514589
12,538.7578575462035,0.5568364262311891,1060.4449091368215,-1117.5720377243235,-416.97435930209724,643.4705498347242
12,538.7578575462035,0.5568364262311891,1057.4817574620374,-1072.5871980102409,-400.1901842467849,657.2915732152526
12,538.7578575462035,0.5568364262311891,1018.3001102206072,-1057.5827153983166,-394.5919012613709,623.7082089592363
12,538.7578575462035,0.5568364262311891,1099.3035127122064,-1098.4013800266343,-409.8216457041702,689.4818670080363
12,538.7578575462035,0.5568364262311891,1053.9192811928137,-1060.827064237412,-395.80239171108633,658.1168894817274
12,538.7578575462035,0.5568364262311891,1069.2687551667093,-1121.0335593204666,-418.26587850716,651.0028766595493
12,538.7578575462035,0.5568364262311891,1094.9790609002832,-1146.4946351585886,-427.7655934484548,667.2134674518284
12,538.7578575462035,0.5568364262311891,993.7264159650987,-1056.9209454704373,-394.34499002668684,599.3814259384119
12,538.7578575462035,0.5568364262311891,1025.9214633075228,-1080.7611770027884,-403.23995601837163,622.6815072891511
12,538.7578575462035,0.5568364262311891,1052.0548503592947,-1115.9402944728577,-416.3655438755669,635.6893064837278
12,538.7578575462035,0.5568364262311891,1026.4013001182216,-1051.985979789126,-392.50371798006984,633.8975821381517
12,538.7578575462035,0.5568364262311891,1070.6351151875601,-1080.1828725384482,-403.02418636294004,667.61092882462
12,538.7578575462035,0.5568364262311891,1033.5774588421068,-1117.7936954458899,-417.0570614307427,616.5203974113641
12,538.7578575462035,0.5568364262311891,1017.8665630837573,-1113.7507049225403,-415.54859188584345,602.317971197914
12,538.7578575462035,0.5568364262311891,1047.1955843543262,-1067.2182676566947,-398.18699678437656,649.0085875699497
12,538.7578575462035,0.5568364262311891,1028.575515858179,-1072.945865897388,-400.32400587742444,628.2515099807545
12,538.7578575462035,0.5568364262311891,1012.6381526854851,-1069.7749520320863,-399.14091455735286,613.4972381281323
12,538.7578575462035,0.5568364262311891,1036.9574030138392,-1105.7094062999631,-412.5483241376153,624.4090788762239
12,538.7578575462035,0.5568364262311891,1079.3122975409017,-1154.346702129253,-430.6952574734754,648.6170400674263
12,538.7578575462035,0.5568364262311891,995.4300475929159,-1109.311053344589,-413.89212517967,581.537922413246
12,538.7578575462035,0.5568364262311891,1027.1529593160942,-1054.1207560985654,-393.3002187458677,633.8527405702265
12,538.7578575462035,0.5568364262311891,1076.148567050673,-1082.8085774326394,-404.00385619988504,672.1447108507879
12,538.7578575462035,0.5568364262311891,1022.3375996594447,-1027.8977708037173,-383.5162297740492,638.8213698853955
12,538.7578575462035,0.5568364262311891,1023.1086054932558,-1057.5548882063254,-394.581518731064,628.5270867621919
12,538.7578575462035,0.5568364262311891,1013.4783064721296,-1092.89979360259,-407.7689632847154,605.7093431874141
12,538.7578575462035,0.5568364262311891,1078.9336596547507,-1076.7659023087901,-401.7492896008778,677.184370053873
12,538.7578575462035,0.5568364262311891,1095.289730879798,-1122.5125661538596,-418.81770685105204,676.4720240287461
12,538.7578575462035,0.5568364262311891,1061.2706050016857,-1066.7096991097114,-397.9972461133851,663.2733588883007
12,538.7578575462035,0.5568364262311891,1023.693407966314,-1017.0086888745774,-379.4534330973922,644.2399748689218
12,538.7578575462035,0.5568364262311891,1053.7329824796886,-1114.9668842949332,-416.00235736805126,637.7306251116374
12,538.7578575462035,0.5568364262311891,1022.1646708409952,-1037.4842210361085,-387.093004969474,635.0716658715212
12,538.7578575462035,0.5568364262311891,1025.3806375793624,-1113.3573235162673,-415.4018183855186,609.9788191938438
12,538.7578575462035,0.5568364262311891,1086.9280648488939,-1104.7743686067406,-412.1994546867934,674.7286101621005
12,538.7578575462035,0.5568364262311891,1041.1187803583543,-1089.5898012024736,-406.5339807388531,634.5847996195013
12,538.7578575462035,0.5568364262311891,1022.9071031921044,-1090.936911248301,-407.0365974197536,615.8705057723507
12,538.7578575462035,0.5568364262311891,1029.691143449508,-1073.2810013890596,-400.4490473979726,629.2420960515353
12,538.7578575462035,0.5568364262311891,1065.3774393113338,-1122.3977339168744,-418.7748620975795,646.6025772137543
12,538.7578575462035,0.5568364262311891,1075.7102991456288,-1049.6627753479722,-391.636913290369,684.0733858552599
12,538.7578575462035,0.5568364262311891,1031.2234518354207,-1069.6422762951618,-399.0914122626179,632.1320395728028
12,538.7578575462035,0.5568364262311891,1034.3937923001204,-1094.5834486532751,-408.39714738591636,625.996644914204
12,538.7578575462035,0.5568364262311891,1023.1069936621423,-1066.787670318734,-398.0263377458067,625.0806559163356
12,538.7578575462035,0.5568364262311891,1058.8981904129791,-1075.1739536981977,-401.15532184798434,657.7428685649948
12,538.7578575462035,0.5568364262311891,1060.5227566894296,-1075.8357088889657,-401.4022275841436,659.120529105286
12,538.7578575462035,0.5568364262311891,1088.5803515751045,-1130.0376438954695,-421.6253687861123,666.9549827889922
12,538.7578575462035,0.5568364262311891,1040.7625339208344,-1046.1611335862258,-390.3304249559948,650.4321089648396
12,538.7578575462035,0.5568364262311891,1094.7800093902129,-1149.278382651728,-428.80423014320803,665.9757792470048
12,538.7578575462035,0.5568364262311891,1046.652537171563,-1105.4498180430396,-412.45146984683197,634.201067324731
12,538.7578575462035,0.5568364262311891,1033.2438768653942,-1101.6781239615484,-411.04422300275763,622.1996538626365
12,538.7578575462035,0.5568364262311891,1060.92469280514,-1099.3521137568828,-410.1763714620233,650.7483213431167
12,538.7578575462035,0.5568364262311891,1049.8099933152605,-1084.1882613173102,-404.5186264199968,645.2913668952638
12,538.7578575462035,0.5568364262311891,1090.3581410714703,-1164.9756450564691,-434.66099437233277,655.6971466991375
12,538.7578575462035,0.5568364262311891,1053.8378380795482,-1072.7723625459475,-400.2592704989776,653.5785675805705
12,538.7578575462035,0.5568364262311891,1044.7557862108533,-1132.362365277849,-422.49273945775815,622.2630467530952
12,538.7578575462035,0.5568364262311891,1040.550021616327,-1021.7521562569951,-381.223255718117,659.32676589821
12,538.7578575462035,0.5568364262311891,1009.0280178813657,-1033.400908465542,-385.56949097174623,623.4585269096194
12,538.7578575462035,0.5568364262311891,1032.5018161745572,-1130.6554391791608,-421.8558727571329,610.6459434174244
12,538.7578575462035,0.5568364262311891,1061.045877945083,-1104.6188341041293,-412.14142361820313,648.9044543268799
12,538.7578575462035,0.5568364262311891,1038.9175292116552,-1141.560103092952,-425.92448318704004,612.9930460246151
12,538.7578575462035,0.5568364262311891,1072.0727727429903,-1106.3399484943845,-412.78358407492294,659.2891886680674
12,538.7578575462035,0.5568364262311891,1057.4800845165737,-1075.002186894636,-401.0912343883425,656.3888501282312
12,538.7578575462035,0.5568364262311891,1018.993937991457,-1130.1241430845744,-421.6576422707197,597.3362957207373
12,538.7578575462035,0.5568364262311891,1094.4510845393288,-1195.337207959858,-445.98911713462917,648.4619674046996
12,538.7578575462035,0.5568364262311891,1073.1655029064025,-1090.6062201488644,-406.9132141346857,666.2522887717168
12,538.7578575462035,0.5568364262311891,1047.972364432266,-1081.093990349285,-403.3641311294501,644.608233302816
12,538.7578575462035,0.5568364262311891,1029.628151116141,-1092.1679300225994,-407.4958995921193,622.1322515240217
12,538.7578575462035,0.5568364262311891,1053.2679484338712,-1080.0906677714827,-402.98978408520554,650.2781643486657
12,538.7578575462035,0.5568364262311891,1037.9942399252209,-1091.0249065368946,-407.06942911010054,630.9248108151203
12,538.7578575462035,0.5568364262311891,975.6869677888385,-1066.9281486796249,-398.07875125701764,577.6082165318209
12,538.7578575462035,0.5568364262311891,989.9819026992981,-1120.7098544935843,-418.1451018518429,571.8368008474552
12,538.7578575462035,0.5568364262311891,1084.9210779733578,-1102.8978999238461,-411.4993303991514,673.4217475742064
12,538.7578575462035,0.5568364262311891,1098.4985466013413,-1112.7821979995274,-415.1872348188527,683.3113117824887
12,538.7578575462035,0.5568364262311891,1041.3413969435994,-1074.9966512556414,-401.08916900065816,640.2522279429413
12,538.7578575462035,0.5568364262311891,1005.2489603031182,-1094.560611754804,-408.38862677088036,596.8603335322379
12,538.7578575462035,0.5568364262311891,1047.908568384712,-1084.9278575599992,-404.7945752260044,643.1139931587077
12,538.7578575462035,0.5568364262311891,991.8961419214905,-1090.517333832047,-406.88004999514516,585.0160919263453
12,538.7578575462035,0.5568364262311891,1034.9129235621817,-1104.6976232672364,-412.1708204353188,622.742103126863
12,538.7578575462035,0.5568364262311891,1031.6826172857016,-1098.5137126866498,-409.8635578470635,621.8190594386381
12,538.7578575462035,0.5568364262311891,1087.836532368468,-1037.8199471539035,-387.21826685697937,700.6182655114885
12,538.7578575462035,0.5568364262311891,1067.101933079903,-1141.0324671923686,-425.7276183459703,641.3743147339326
12,538.7578575462035,0.5568364262311891,961.2365844398388,-1088.022747082543,-405.94930130379817,555.2872831360406
12,538.7578575462035,0.5568364262311891,1050.306262776714,-1134.2509666545388,-423.1973905428245,627.1088722338895
12,538.7578575462035,0.5568364262311891,1023.2885293001551,-1106.2939244488282,-412.7664121645131,610.522117135642
12,538.7578575462035,0.5568364262311891,1079.6423593807624,-1095.592893201057,-408.77377858225464,670.8685807985078
12,538.7578575462035,0.5568364262311891,1034.6353287857753,-1104.4084528859341,-412.06292883602805,622.5723999497473
12,538.7578575462035,0.5568364262311891,1079.7259917429399,-1140.4830930476107,-425.52264280587536,654.2033489370644
12,538.7578575462035,0.5568364262311891,995.8873279233601,-1093.6765607919326,-408.05878084472033,587.8285470786398
12,538.7578575462035,0.5568364262311891,1049.8004864164425,-1085.0344760379658,-404.83435536548456,644.966131050958
12,538.7578575462035,0.5568364262311891,1068.5837994005913,-1147.5594042275384,-428.16286663116085,640.4209327694305
12,538.7578575462035,0.5568364262311891,1128.573284613517,-1134.7269097713813,-423.37496842551184,705.1983161880052
12,538.7578575462035,0.5568364262311891,1011.317100671711,-1043.4893996444173,-389.33358134233407,621.983519329377
12,538.7578575462035,0.5568364262311891,1004.401440907338,-1118.8361752838614,-417.4460183371885,586.9554225701495
12,538.7578575462035,0.5568364262311891,1052.9535955080978,-1117.0759971680977,-416.7892829167384,636.1643125913595
12,538.7578575462035,0.5568364262311891,1048.3874850675988,-1116.2415130983777,-416.4779307635225,631.9095543040763
12,538.7578575462035,0.5568364262311891,1030.7730150335724,-1088.2164306807208,-406.02156608095027,624.7514489526221
12,538.7578575462035,0.5568364262311891,1051.6390482473084,-1131.2950527260746,-422.09451728287496,629.5445309644335
12,538.7578575462035,0.5568364262311891,1034.7778666766806,-1027.7115157694504,-383.446736648811,651.3311300278696
12,538.7578575462035,0.5568364262311891,1084.0352874454393,-1090.0700303622282,-406.71315777572187,677.3221296697175
12,538.7578575462035,0.5568364262311891,1059.5055914476702,-1111.8161496149548,-414.82679505066363,644.6787963970066
12,538.7578575462035,0.5568364262311891,1058.5562325206286,-1063.7628959164667,-396.89777213585546,661.6584603847731
12,538.7578575462035,0.5568364262311891,1103.6813831805046,-1167.460890010115,-435.5882575708335,668.093125609671
12,538.7578575462035,0.5568364262311891,1018.6291680930942,-1085.8133361851749,-405.12495382348624,613.5042142696079
12,538.7578575462035,0.5568364262311891,1073.2106706488426,-1087.245790281258,-405.65941299818087,667.5512576506617
12,538.7578575462035,0.5568364262311891,1043.236126975994,-1082.2353900501664,-403.7899957653905,639.4461312106035
12,538.7578575462035,0.5568364262311891,1030.5597331722133,-1111.6681089362105,-414.77155998295757,615.7881731892558
12,538.7578575462035,0.5568364262311891,1000.7110586301935,-1054.2374500976796,-393.34375813650433,607.3673004936892
12,538.7578575462035,0.5568364262311891,997.432896569529,-1076.7232907715222,-401.73339092244686,595.6995056470821
12,538.7578575462035,0.5568364262311891,1016.9747734407357,-1087.6775532074282,-405.8205069262974,611.1542665144383
12,538.7578575462035,0.5568364262311891,1045.5627523487271,-1105.6733204742552,-412.53486025023574,633.0278920984914
12,538.7578575462035,0.5568364262311891,1014.4039427360024,-1066.7221939185129,-398.00190801858554,616.4020347174169
12,538.7578575462035,0.5568364262311891,1051.0615304032199,-1089.6326343195985,-406.5499620903608,644.511568312859
12,538.7578575462035,0.5568364262311891,1050.744894961342,-1054.3142853853126,-393.37242594828837,657.3724690130537
12,538.7578575462035,0.5568364262311891,1024.5758944451186,-1098.5478269436328,-409.8762861276292,614.6996083174894
12,538.7578575462035,0.5568364262311891,1068.038645927197,-1081.6596276726964,-403.57517458129513,664.4634713459018
12,538.7578575462035,0.5568364262311891,1073.5406002342827,-1066.7846484743059,-398.0252102733917,675.5153899608911
12,538.7578575462035,0.5568364262311891,1030.4201708591486,-1022.4904995201146,-381.4987370282177,648.9214338309309
12,538.7578575462035,0.5568364262311891,1027.9118136774387,-1066.7808936240037,-398.02380931108576,629.8880043663529
12,538.7578575462035,0.5568364262311891,1014.0824605176088,-1060.5747253668342,-395.7082422197475,618.3742182978613
12,538.7578575462035,0.5568364262311891,1045.2391177735753,-1062.8470546085234,-396.55606499778173,648.6830527757936
12,538.7578575462035,0.5568364262311891,1067.2888499459264,-1093.9631333711573,-408.1657031849205,659.1231467610058
12,538.7578575462035,0.5568364262311891,1031.936847122453,-1096.9619003750045,-409.2845652429509,622.652281879502
12,538.7578575462035,0.5568364262311891,1082.9678309878977,-1110.8032784340387,-414.4488853522624,668.5189456356354
12,538.7578575462035,0.5568364262311891,1049.051568630936,-1079.8205031658767,-402.88898368082357,646.1625849501123
12,538.7578575462035,0.5568364262311891,1061.5264146562597,-1076.6815507955353,-401.7178174299498,659.80859722631
12,538.7578575462035,0.5568364262311891,1037.439511474355,-1094.0108692408332,-408.18351378951866,629.2559976848363
12,538.7578575462035,0.5568364262311891,1043.1442101053387,-1115.0805985747704,-416.0447850034771,627.0994251018617
12,538.7578575462035,0.5568364262311891,1094.7813527661485,-1126.7365814221496,-420.3937180617155,674.387634704433
12,538.7578575462035,0.5568364262311891,1074.2255469419545,-1143.7013928335818,-426.723414161993,647.5021327799615
12,538.7578575462035,0.5568364262311891,1064.6238129320943,-1151.146095962181,-429.50108773690016,635.1227251951941
12,538.7578575462035,0.5568364262311891,1035.631440462025,-1096.4300836302673,-409.0861404981314,626.5452999638936
12,538.7578575462035,0.5568364262311891,1055.1403857099385,-1121.7436990303058,-418.53083686378477,636.6095488461538
12,538.7578575462035,0.5568364262311891,1059.1809130973693,-1075.5537262379755,-401.2970177799771,657.8838953173922
12,538.7578575462035,0.5568364262311891,1091.498229778973,-1100.7628967779,-410.7027449989819,680.795484779991
12,538.7578575462035,0.5568364262311891,1080.0970220911106,-1093.4062744129646,-407.9579350058,672.1390870853106
12,538.7578575462035,0.5568364262311891,1091.797228518081,-1098.4393456208386,-409.8358109470221,681.961417571059
12,538.7578575462035,0.5568364262311891,1088.0439617423663,-1122.2978008461628,-418.73757633279075,669.3063854095756
12,538.7578575462035,0.5568364262311891,1055.1742954967906,-1094.2613225874793,-408.27695977798976,646.8973357188008
12,538.7578575462035,0.5568364262311891,1078.5801383329078,-1098.710554233917,-409.9370008782822,668.6431374546256
12,538.7578575462035,0.5568364262311891,1026.545772376518,-1097.747008375317,-409.57749482096705,616.9682775555509
12,538.7578575462035,0.5568364262311891,1081.945024993652,-1043.890950368438,-389.48340287528583,692.4616221183661
12,538.7578575462035,0.5568364262311891,1042.4010657347433,-1063.2373063327607,-396.70167079068585,645.6993949440574
12,538.7578575462035,0.5568364262311891,1009.8987201872847,-1061.8374219017091,-396.1793635979224,613.7193565893622
12,538.7578575462035,0.5568364262311891,1055.9863669581712,-1022.6602527080548,-381.56207319303894,674.4242937651322
12,538.7578575462035,0.5568364262311891,1040.5118137203801,-1059.5654400022024,-395.33167041581504,645.180143304565
12,538.7578575462035,0.5568364262311891,1030.9982782832922,-1050.993631674322,-392.1334655888077,638.8648126944845
12,538.7578575462035,0.5568364262311891,1019.0206652574793,-1066.5625051506818,-397.94232696304147,621.0783382944378
12,538.7578575462035,0.5568364262311891,1100.2714489629477,-1139.9406982024523,-425.32027129387046,674.9511776690772
12,538.7578575462035,0.5568364262311891,1034.2245896991535,-1131.8982859213716,-422.31958803145136,611.9050016677022
12,538.7578575462035,0.5568364262311891,1052.6594308345702,-1135.4180344884858,-423.63283214828294,629.0265986862873
12,538.7578575462035,0.5568364262311891,1062.9637241319153,-1095.7057981311796,-408.81590424334024,654.1478198885751
12,538.7578575462035,0.5568364262311891,1046.8751556156246,-1060.2457753099682,-395.5855085304872,651.2896470851374
12,538.7578575462035,0.5568364262311891,1044.6257867586162,-1091.4878883789104,-407.24217104567737,637.3836157129388
12,538.7578575462035,0.5568364262311891,1084.3517892284035,-1083.3280599763245,-404.1976789634385,680.1541102649651
12,538.7578575462035,0.5568364262311891,1047.26697548017,-1088.4108898158056,-406.0941202166349,641.1728552635351
12,538.7578575462035,0.5568364262311891,1016.2976918508784,-1069.301416300071,-398.9642348876774,617.3334569632011
12,538.7578575462035,0.5568364262311891,1056.9179544723852,-1105.9462092714716,-412.63667707057397,644.2812774018112
12,538.7578575462035,0.5568364262311891,1050.4795422105997,-1050.1300076393052,-391.81124109989486,658.6683011107048
12,538.7578575462035,0.5568364262311891,1075.4543957622598,-1101.711891175275,-411.05682179892807,664.3975739633318
12,538.7578575462035,0.5568364262311891,1073.791282258219,-1075.3474273681832,-401.2200461520617,672.5712361061574
12,538.7578575462035,0.5568364262311891,1023.3337755213058,-1082.4376490525756,-403.86546008902764,619.4683154322781
12,538.7578575462035,0.5568364262311891,968.1444915688725,-1010.1560286391369,-376.89665508690604,591.2478364819665
12,538.7578575462035,0.5568364262311891,1068.6605290872062,-1136.0088741058387,-423.85327876163745,644.8072503255687
12,538.7578575462035,0.5568364262311891,1030.5227206512395,-1114.1408067413217,-415.69414174791785,614.8285789033216
12,538.7578575462035,0.5568364262311891,1077.7884979863422,-1117.2891853427557,-416.86882499504577,660.9196729912965
12,538.7578575462035,0.5568364262311891,1037.7160428566729,-1073.6470101351822,-400.5856079571686,637.1304348995043
12,538.7578575462035,0.5568364262311891,1014.0156992038418,-1078.541509440613,-402.4117817008696,611.6039175029722
12,538.7578575462035,0.5568364262311891,1019.5243012089983,-1069.1704764560918,-398.9153802673868,620.6089209416115
12,538.7578575462035,0.5568364262311891,1063.1463528048514,-1070.978973278513,-399.59014375320606,663.5562090516453
12,538.7578575462035,0.5568364262311891,1022.2962169881256,-1007.197435251121,-375.7927821008608,646.5034348872648
12,538.7578575462035,0.5568364262311891,1093.457212153699,-1059.9359322740545,-395.4699038114863,697.9873083422126
12,538.7578575462035,0.5568364262311891,1023.9462438878584,-1098.9616704541636,-410.0306941897764,613.915549698082
12,538.7578575462035,0.5568364262311891,1060.9804272398146,-1104.0172249647026,-411.91695881683466,649.0634684229799
12,538.7578575462035,0.5568364262311891,1060.088783099723,-1086.6362583036585,-405.4319921275305,654.6567909721925
12,538.7578575462035,0.5568364262311891,1047.0956914016326,-1048.9787248645187,-391.3816890162818,655.7140023853508
12,538.7578575462035,0.5568364262311891,1094.2560156544148,-1087.1475200576213,-405.6227476538843,688.6332680005305
12,538.7578575462035,0.5568364262311891,1066.602730270709,-1089.2158721969556,-406.3944650725361,660.2082651981727
12,538.7578575462035,0.5568364262311891,1063.419618779953,-1104.6955485156104,-412.1700463302045,651.2495724497485
12,538.7578575462035,0.5568364262311891,1003.2410448738165,-1147.7356878278501,-428.22863934094084,575.0124055328756
12,538.7578575462035,0.5568364262311891,1090.7444807962665,-1114.8474802361493,-415.9578068341896,674.786673962077
12,538.7578575462035,0.5568364262311891,1063.6336453597698,-1072.3986149971643,-400.11982253550497,663.5138228242649
12,538.7578575462035,0.5568364262311891,1050.0778516937703,-1060.4678201770312,-395.66835510596917,654.4094965878012
12,538.7578575462035,0.5568364262311891,1061.8521176711931,-1155.6292907594739,-431.17380073894896,630.6783169322441
12,538.7578575462035,0.5568364262311891,1037.2763495854142,-1056.2951079115446,-394.11148542354925,643.1648641618649
12,538.7578575462035,0.5568364262311891,1065.580923962196,-1152.2007958777956,-429.89460404432754,635.6863199178686
12,538.7578575462035,0.5568364262311891,1045.1075345586546,-1085.29796901168,-404.93266653486455,640.17486802379
12,538.7578575462035,0.5568364262311891,1080.8156480712623,-1120.7549073639484,-418.16191140963485,662.6537366616275
12,538.7578575462035,0.5568364262311891,1045.0683684813198,-1089.3132810771763,-406.4308090432595,638.6375594380603
12,538.7578575462035,0.5568364262311891,1038.1389523604807,-1054.5219344341783,-393.4499013379615,644.6890510225193
12,538.7578575462035,0.5568364262311891,1050.8031929732572,-1081.9234516347724,-403.673609244871,647.1295837283863
12,538.7578575462035,0.5568364262311891,1097.9143189613378,-1099.123491252421,-410.091070721577,687.8232482397608
12,538.7578575462035,0.5568364262311891,1028.2904002029888,-1095.6992897428536,-408.81347591571506,619.4769242872737
12,538.7578575462035,0.5568364262311891,1043.410856912661,-1075.585495955165,-401.308871295476,642.101985617185
12,538.7578575462035,0.5568364262311891,1072.232892092625,-1059.130666514263,-395.16945322492666,677.0634388676983
12,538.7578575462035,0.5568364262311891,999.1466270623732,-1083.6932164359985,-404.33392152828253,594.8127055340907
12,538.7578575462035,0.5568364262311891,1046.922932982847,-1162.6732177274835,-433.801941776226,613.120991206621
12,538.7578575462035,0.5568364262311891,1018.8271419294036,-1043.4898972392566,-389.3337669986339,629.4933749307697
12,538.7578575462035,0.5568364262311891,1072.7374695099245,-1089.6467968903216,-406.555246249819,666.1822232601055
12,538.7578575462035,0.5568364262311891,1034.413981485747,-1051.8114475170153,-392.4385987037419,641.975382782005
12,538.7578575462035,0.5568364262311891,999.9410417185568,-1119.0617670402235,-417.5301882831943,582.4108534353625
12,538.7578575462035,0.5568364262311891,1072.2832549784737,-1105.4232189432676,-412.44154552677827,659.8417094516954
12,538.7578575462035,0.5568364262311891,1038.320684994798,-1077.3635774421077,-401.9722865955891,636.3483983992089
12,538.7578575462035,0.5568364262311891,1070.7968635369032,-1168.8919644164666,-436.1222019731265,634.6746615637767
12,538.7578575462035,0.5568364262311891,1030.9958895335733,-1101.6438892061933,-411.03144976336165,619.9644397702116
12,538.7578575462035,0.5568364262311891,1108.7827018520193,-1077.2716686040867,-401.93799473112364,706.8447071208957
12,538.7578575462035,0.5568364262311891,1028.4220141345363,-1103.1291116546047,-411.58559719900126,616.836416935535
12,538.7578575462035,0.5568364262311891,1045.4015311032292,-1108.1702377949246,-413.4664784948515,631.9350526083776
12,538.7578575462035,0.5568364262311891,1016.8391731585383,-1076.0459390867723,-401.48066601949927,615.358507139039
13,567.3280695650553,0.5287945654266611,1063.171023553295,-1116.813831284548,-406.0638049398372,657.1072186134579
13,567.3280695650553,0.5287945654266611,1101.1609277130847,-1117.8201624581359,-406.4296982104342,694.7312295026504
13,567.3280695650553,0.5287945654266611,1031.1411338500925,-1019.6540150082592,-370.73733997384835,660.4037938762442
13,567.3280695650553,0.5287945654266611,1053.3774743731026,-1074.9630389371332,-390.8472204883428,662.5302538847598
13,567.3280695650553,0.5287945654266611,1058.439391958037,-1036.913778052639,-377.01283984485156,681.4265521131855
13,567.3280695650553,0.5287945654266611,1033.015041941237,-1076.8992878452211,-391.55122376704907,641.463818174188
13,567.3280695650553,0.5287945654266611,1090.6319280043697,-1089.259050541283,-396.04512608803276,694.586801916337
13,567.3280695650553,0.5287945654266611,1129.9802866130121,-1113.2651800347066,-404.77354618000635,725.2067404330057
13,567.3280695650553,0.5287945654266611,1056.1697713628985,-1049.5998588914906,-381.62538860714034,674.5443827557581
13,567.3280695650553,0.5287945654266611,1068.7545689299745,-1077.776736966588,-391.8702566433285,676.884312286646
13,567.3280695650553,0.5287945654266611,1062.148599030817,-1073.8774312782077,-390.452502976519,671.696096054298
13,567.3280695650553,0.5287945654266611,1092.740256502811,-1096.6197408802918,-398.7214091374682,694.0188473653428
13,567.3280695650553,0.5287945654266611,1050.9662465496792,-1116.0089579409682,-405.77115998574243,645.1950865639368
13,567.3280695650553,0.5287945654266611,1021.4988168566006,-1070.3032855659542,-389.15297465167924,632.3458422049214
13,567.3280695650553,0.5287945654266611,1100.380581485061,-1141.0700286891104,-414.88314755143386,685.497433933627
13,567.3280695650553,0.5287945654266611,1087.696835864503,-1113.4252579667996,-404.83174912518103,682.8650867393221
13,567.3280695650553,0.5287945654266611,1125.4289990177072,-1091.5645351940327,-396.88338027516903,728.5456187425382
13,567.3280695650553,0.5287945654266611,1069.2957801974735,-1129.92929419038,-410.8324732907331,658.4633069067404
13,567.3280695650553,0.5287945654266611,1075.9547051964482,-1107.237377879218,-402.58188969249045,673.3728155039578
13,567.3280695650553,0.5287945654266611,1125.39293184604,-1139.2084632613414,-414.20629853723887,711.1866333088012
13,567.3280695650553,0.5287945654266611,1056.6406117863419,-1099.030603397005,-399.597977800302,657.0426339860398
13,567.3280695650553,0.5287945654266611,1052.8630342351796,-1092.608933848367,-397.263114550993,655.5999196841866
13,567.3280695650553,0.5287945654266611,1065.3795246461511,-1086.498895275697,-395.041557616751,670.3379670294001
13,567.3280695650553,0.5287945654266611,1105.3148958813206,-1129.34166675627,-410.6188170616485,694.696078819672
13,567.3280695650553,0.5287945654266611,1022.4102901959445,-1043.3935399561392,-379.3688249696178,643.0414652263267
13,567.3280695650553,0.5287945654266611,1060.5495885240332,-1102.176978468561,-400.74197243712905,659.8076160869041
13,567.3280695650553,0.5287945654266611,1067.3984845542823,-1103.6463502201186,-401.2762232384666,666.1222613158156
13,567.3280695650553,0.5287945654266611,1063.421883632751,-1066.8538328990617,-387.89878363466147,675.5230999980895
13,567.3280695650553,0.5287945654266611,1051.093589778349,-1081.326583158509,-393.1609498737165,657.9326399046325
13,567.3280695650553,0.5287945654266611,1148.1795503460019,-1141.7438720051503,-415.1281511260491,733.0513992199528
13,567.3280695650553,0.5287945654266611,1149.2257237327394,-1091.2207206731762,-396.75837230282684,752.4673514299126
13,567.3280695650553,0.5287945654266611,1013.1474917826969,-1117.8385547221924,-406.43638547783274,606.7111063048642
13,567.3280695650553,0.5287945654266611,1062.1504053868834,-1073.2941603251243,-390.24043072608174,671.9099746608017
13,567.3280695650553,0.5287945654266611,1081.6205304311552,-1101.1898317706923,-400.38305447520764,681.2374759559475
13,567.3280695650553,0.5287945654266611,1056.6850774878512,-1091.7645693255754,-396.9561109472799,659.7289665405713
13,567.3280695650553,0.5287945654266611,1110.9986890592952,-1071.0299939425947,-389.41719950297863,721.5814895563166
13,567.3280695650553,0.5287945654266611,1050.5902778578777,-1081.966487997454,-393.393613712955,657.1966641449227
13,567.3280695650553,0.5287945654266611,1092.1779179130065,-1061.9906822106275,-386.130584300785,706.0473336122215
13,567.3280695650553,0.5287945654266611,1060.5218954393833,-1093.7871374371266,-397.6914991383286,662.8303963010547
13,567.3280695650553,0.5287945654266611,1094.4395934452102,-1096.0427713519912,-398.5116280303282,695.927965414882
13,567.3280695650553,0.5287945654266611,1052.3973898042354,-1058.8892780063884,-385.00294068055763,667.3944491236778
13,567.3280695650553,0.5287945654266611,1041.3872315578456,-1084.1546851121063,-394.1892231703631,647.1980083874824
13,567.3280695650553,0.5287945654266611,1083.9044174606963,-1076.9140729416747,-391.5565994996503,692.3478179610461
13,567.3280695650553,0.5287945654266611,1043.6687369759227,-1025.7381810481013,-372.9494898799633,670.7192470959594
13,567.3280695650553,0.5287945654266611,1092.7137505996072,-1103.641916369341,-401.2746111288501,691.4391394707571
13,567.3280695650553,0.5287945654266611,1071.728594262423,-1102.435938782922,-400.8361281572968,670.8924661051262
13,567.3280695650553,0.5287945654266611,1099.9125368063947,-1084.3082253735245,-394.24504907528694,705.6674877311077
13,567.3280695650553,0.5287945654266611,1075.6291201683955,-1078.4866736731474,-392.12838346111727,683.5007367072783
13,567.3280695650553,0.5287945654266611,1037.1443940111537,-1061.4456103703665,-385.9324009158538,651.2119930952999
13,567.3280695650553,0.5287945654266611,1040.655690825589,-1077.974703765074,-391.94223565110326,648.7134551744858
13,567.3280695650553,0.5287945654266611,1081.199938344579,-1080.410428028706,-392.82784382909034,688.3720945154887
13,567.3280695650553,0.5287945654266611,1022.0843445746685,-1043.4175928662912,-379.3775703987507,642.7067741759179
13,567.3280695650553,0.5287945654266611,1098.091206282911,-1092.7477485931297,-397.3135863860125,700.7776198968984
13,567.3280695650553,0.5287945654266611,1075.6242896035772,-1100.1314386749993,-399.99823194210484,675.6260576614723
13,567.3280695650553,0.5287945654266611,1070.1916749917332,-1051.466629888889,-382.30413032122084,687.8875446705124
13,567.3280695650553,0.5287945654266611,1233.4831434098753,-1196.8772042775777,-435.1741516808633,798.308991729012
13,567.3280695650553,0.5287945654266611,1105.357797329279,-1095.0059007329928,-398.13463088274045,707.2231664465386
13,567.3280695650553,0.5287945654266611,1111.2869230249503,-1116.7464749873534,-406.0393147754433,705.247608249507
13,567.3280695650553,0.5287945654266611,1085.0297806063209,-1090.4060933373842,-396.4621808819172,688.5675997244036
13,567.3280695650553,0.5287945654266611,1027.373725613763,-1084.5416474193394,-394.32991930291604,633.043806310847
13,567.3280695650553,0.5287945654266611,1082.5782329360645,-1114.137346110726,-405.0906581869024,677.4875747491621
13,567.3280695650553,0.5287945654266611,1092.974063210221,-1122.6313687815277,-408.1790110245314,684.7950521856895
13,567.3280695650553,0.5287945654266611,1070.2687284762183,-1073.237796184415,-390.2199372142739,680.0487912619444
13,567.3280695650553,0.5287945654266611,1010.2526942221991,-1073.295040968303,-390.24075092028954,620.0119433019096
13,567.3280695650553,0.5287945654266611,1104.9357044517258,-1142.4270284903146,-415.37654088803487,689.5591635636908
13,567.3280695650553,0.5287945654266611,1112.104972461063,-1162.9296820970385,-422.83112758968235,689.2738448713806
13,567.3280695650553,0.5287945654266611,1041.8643623794055,-1053.1776380582412,-382.9262380244637,658.9381243549418
13,567.3280695650553,0.5287945654266611,1081.861969083439,-1115.5392825428194,-405.6003900920354,676.2615789914034
13,567.3280695650553,0.5287945654266611,1123.6554890196003,-1090.808896170169,-396.6086364919207,727.0468525276796
13,567.3280695650553,0.5287945654266611,1033.4407604785386,-1058.6681398700537,-384.9225367756793,648.5182237028592
13,567.3280695650553,0.5287945654266611,1092.7176394438463,-1117.56331912044,-406.3363122045873,686.381327239259
13,567.3280695650553,0.5287945654266611,1091.9489916915809,-1102.869064567099,-400.99360892894714,690.9553827626337
13,567.3280695650553,0.5287945654266611,1031.54018404374,-1071.9075262742615,-389.7362626338001,641.8039214099399
13,567.3280695650553,0.5287945654266611,1035.9649537931123,-1089.9969283067476,-396.3134120320566,639.6515417610557
13,567.3280695650553,0.5287945654266611,1019.8789552669571,-1092.6016411832204,-397.2604630013124,622.6184922656446
13,567.3280695650553,0.5287945654266611,1033.5204408111792,-1057.8179573234554,-384.61341778906353,648.9070230221157
13,567.3280695650553,0.5287945654266611,1143.229645839913,-1106.2744099537292,-402.2317629221144,740.9978829177986
13,567.3280695650553,0.5287945654266611,1063.002419904815,-1072.222765353704,-389.85088082393924,673.1515390808759
13,567.3280695650553,0.5287945654266611,1153.2011992228067,-1130.7984309712795,-411.1484838722454,742.0527153505614
13,567.3280695650553,0.5287945654266611,1138.2538568531959,-1105.4139759210523,-401.9189165842367,736.3349402689591
13,567.3280695650553,0.5287945654266611,1001.6693205982709,-1052.6589594863506,-382.73765100257805,618.9316695956929
13,567.3280695650553,0.5287945654266611,1031.8528636677488,-1055.6828982340626,-383.83712885591785,648.015734811831
13,567.3280695650553,0.5287945654266611,1090.9710850523438,-1103.2506099676134,-401.13233552128526,689.8387495310585
13,567.3280695650553,0.5287945654266611,1085.6128790045686,-1086.4409738639079,-395.0204978947098,690.5923811098588
13,567.3280695650553,0.5287945654266611,1049.0687186154362,-1087.8579553831494,-395.5357000628016,653.5330185526345
13,567.3280695650553,0.5287945654266611,1154.4297863604784,-1145.7541945212636,-416.5862695467852,737.8435168136932
13,567.3280695650553,0.5287945654266611,1160.0661565821397,-1174.513469901146,-427.04289218248056,733.0232643996592
13,567.3280695650553,0.5287945654266611,1144.013242606175,-1152.4153612879056,-419.00821190354344,725.0050307026315
13,567.3280695650553,0.5287945654266611,1069.0086243696765,-1099.6772589033974,-399.83309612356715,669.1755282461093
13,567.3280695650553,0.5287945654266611,1092.5221770999751,-1086.6131988923387,-395.0831174185655,697.4390596814096
13,567.3280695650553,0.5287945654266611,1035.1358546008669,-1081.178087182279,-393.1069580270567,642.0288965738102
13,567.3280695650553,0.5287945654266611,1074.650830483895,-1051.6117216977075,-382.35688444218897,692.2939460417061
13,567.3280695650553,0.5287945654266611,1102.8510125158898,-1138.014412764902,-413.7721521519664,689.0788603639235
13,567.3280695650553,0.5287945654266611,1091.8194588612853,-1123.943721113743,-408.6561709293547,683.1632879319307
13,567.3280695650553,0.5287945654266611,1074.7669626745867,-1092.328290592716,-397.16107510177767,677.605887572809
13,567.3280695650553,0.5287945654266611,1043.6349977550572,-1029.528945211134,-374.3277787912854,669.3072189637717
13,567.3280695650553,0.5287945654266611,1077.757427953858,-1071.172930197454,-389.469169883257,688.288258070601
13,567.3280695650553,0.5287945654266611,1058.1900192721728,-1065.191105703028,-387.2942304737986,670.8957887983742
13,567.3280695650553,0.5287945654266611,1026.8337616449044,-1124.5197720268247,-408.86561803598295,617.9681436089214
13,567.3280695650553,0.5287945654266611,1074.470285274048,-1044.8792211920336,-379.90900575774526,694.5612795163026
13,567.3280695650553,0.5287945654266611,1098.7953639046868,-1111.857014731746,-404.2615495115493,694.5338143931376
13,567.3280695650553,0.5287945654266611,1116.7084129551288,-1151.5251914822832,-418.68455389700006,698.0238590581287
13,567.3280695650553,0.5287945654266611,1038.9806612346542,-1085.1967823489663,-394.5681206707907,644.4125405638636
13,567.3280695650553,0.5287945654266611,1053.8929669293204,-1053.7441404892568,-383.13221338598055,670.7607535433399
13,567.3280695650553,0.5287945654266611,1060.5552734221872,-1105.6760413607306,-402.014201300989,658.5410721211981
13,567.3280695650553,0.5287945654266611,1065.8336141892896,-1055.9861456968551,-383.94738699843947,681.8862271908501
13,567.3280695650553,0.5287945654266611,1166.4147017960372,-1135.3584086742908,-412.8064521429247,753.6082496531126
13,567.3280695650553,0.5287945654266611,1117.8564745733247,-1166.2275828601971,-424.0302156513532,693.8262589219714
13,567.3280695650553,0.5287945654266611,1078.976172260639,-1145.5030248789747,-416.49494644728895,662.4812258133501
13,567.3280695650553,0.5287945654266611,1097.5576207112617,-1091.9838464051734,-397.03583818809966,700.5217825231621
13,567.3280695650553,0.5287945654266611,1057.6206726034738,-1090.178510039237,-396.3794335722066,661.2412390312672
13,567.3280695650553,0.5287945654266611,1081.9161739719418,-1054.7961999646666,-383.51473306978187,698.40144090216
13,567.3280695650553,0.5287945654266611,1119.7000196938088,-1050.1457201015342,-381.8238590000655,737.8761606937433
13,567.3280695650553,0.5287945654266611,996.4106719292625,-1042.5911910558307,-379.07709788116125,617.3335740481014
13,567.3280695650553,0.5287945654266611,1065.88498368511,-1056.0637510725237,-383.97560363871116,681.9093800463988
13,567.3280695650553,0.5287945654266611,1077.0009019182337,-1117.9197218457923,-406.46589713870384,670.5350047795298
13,567.3280695650553,0.5287945654266611,995.834188675489,-1034.6371196677965,-376.1850666382519,619.6491220372371
13,567.3280695650553,0.5287945654266611,1117.1488716728827,-1076.0632352888738,-391.24724232211156,725.9016293507711
13,567.3280695650553,0.5287945654266611,1073.4329044897072,-1123.5869191626898,-408.5264408402422,664.906463649465
13,567.3280695650553,0.5287945654266611,1088.7523496323022,-1075.9369521148903,-391.2013268573392,697.551022774963
13,567.3280695650553,0.5287945654266611,1057.6376975714509,-1070.904913638299,-389.3717213911729,668.2659761802779
13,567.3280695650553,0.5287945654266611,1071.4341737225027,-1073.4034178473132,-390.2801558117993,681.1540179107034
13,567.3280695650553,0.5287945654266611,1095.7013859437295,-1037.5339272853005,-377.2383207173041,718.4630652264254
13,567.3280695650553,0.5287945654266611,1040.5749576457035,-1072.6854319780311,-390.0191023883846,650.5558552573189
13,567.3280695650553,0.5287945654266611,1086.9649609397336,-1082.221091146723,-393.4861852057552,693.4787757339784
13,567.3280695650553,0.5287945654266611,1122.1617894080234,-1151.9362209031024,-418.83400062293117,703.3277887850923
13,567.3280695650553,0.5287945654266611,1058.1465726717981,-1037.607611604381,-377.2651116954708,680.8814609763274
13,567.3280695650553,0.5287945654266611,1109.4667435662334,-1077.9905581733617,-391.948000176196,717.5187433900373
13,567.3280695650553,0.5287945654266611,1127.4154143735636,-1092.2255083373861,-397.1237043668258,730.2917100067378
13,567.3280695650553,0.5287945654266611,1089.7831508202855,-1071.9307350892323,-389.74470115725956,700.038449663026
13,567.3280695650553,0.5287945654266611,1116.389258861072,-1080.721992960473,-392.9411261310597,723.4481327300123
13,567.3280695650553,0.5287945654266611,1061.5803407750939,-1062.1514613378574,-386.18904219441873,675.3912985806751
13,567.3280695650553,0.5287945654266611,1080.5344550312307,-1095.9631962309,-398.4826952077362,682.0517598234944
13,567.3280695650553,0.5287945654266611,1038.3649164661665,-1062.0302140580184,-386.14495773699986,652.2199587291666
13,567.3280695650553,0.5287945654266611,1111.462248101677,-1127.414197168179,-409.91800586740874,701.5442422342683
13,567.3280695650553,0.5287945654266611,1136.0364416589455,-1107.3269879210015,-402.6144711250517,733.4219705338937
13,567.3280695650553,0.5287945654266611,1083.8963537038728,-1045.8656690884577,-380.2676696415335,703.6286840623393
13,567.3280695650553,0.5287945654266611,1092.397240775638,-1091.970008162584,-397.0308067233361,695.3664340523019
13,567.3280695650553,0.5287945654266611,1057.4676361721313,-1131.0249466566327,-411.2308430072207,646.2367931649105
13,567.3280695650553,0.5287945654266611,1043.6686510356863,-1106.223653834924,-402.2133084383422,641.455342597344
13,567.3280695650553,0.5287945654266611,1055.984121315086,-1058.8038819979768,-384.9718914339142,671.0122298811718
13,567.3280695650553,0.5287945654266611,1068.9553670619327,-1019.2669646685334,-370.596611833446,698.3587552284868
13,567.3280695650553,0.5287945654266611,1093.761047118779,-1057.6819801673407,-384.56397767662037,709.1970694421586
13,567.3280695650553,0.5287945654266611,1100.7895376928782,-1103.6063896861874,-401.26169393555057,699.5278437573277
13,567.3280695650553,0.5287945654266611,1123.4019876977295,-1017.7231412313738,-370.0352910461423,753.3666966515873
13,567.3280695650553,0.5287945654266611,1046.7044941784072,-1062.9928846371702,-386.4949763948315,660.2095177835757
13,567.3280695650553,0.5287945654266611,1090.3855666013383,-1050.8663443882908,-382.0858717291485,708.2996948721898
13,567.3280695650553,0.5287945654266611,1104.0831538952723,-1115.448823191762,-405.56749985800195,698.5156540372703
13,567.3280695650553,0.5287945654266611,1085.0613963004405,-1153.4175931108473,-419.3726146858652,665.6887816145753
13,567.3280695650553,0.5287945654266611,1126.3120416564468,-1124.5709401424726,-408.8842223182273,717.4278193382195
13,567.3280695650553,0.5287945654266611,1036.254361619194,-1044.2518363629,-379.68089408528635,656.5734675339077
13,567.3280695650553,0.5287945654266611,1088.043921682518,-1025.173429189811,-372.7441510114785,715.2997706710395
13,567.3280695650553,0.5287945654266611,1060.7370619740043,-1050.8064568209363,-382.0640971300279,678.6729648439764
13,567.3280695650553,0.5287945654266611,1086.1909499740846,-1116.787981644818,-406.05440623544166,680.1365437386429
13,567.3280695650553,0.5287945654266611,1050.8313565859128,-1042.2206227963816,-378.94236248193295,671.8889941039798
13,567.3280695650553,0.5287945654266611,1056.3155066924262,-1100.3693803030314,-400.08474545055697,656.2307612418692
13,567.3280695650553,0.5287945654266611,1104.2154048915531,-1117.969479757664,-406.4839886831085,697.7314162084447
13,567.3280695650553,0.5287945654266611,1129.2142575626433,-1054.6998126154979,-383.4796874671442,745.7345700954991
13,567.3280695650553,0.5287945654266611,1112.8457436664294,-1145.9828163421746,-416.66939445434895,696.1763492120804
13,567.3280695650553,0.5287945654266611,1080.4956067205585,-1090.6575616295333,-396.5536125679077,683.9419941526508
13,567.3280695650553,0.5287945654266611,1058.9358000175823,-1056.681662139391,-384.2002707335285,674.7355292840539
13,567.3280695650553,0.5287945654266611,1082.9380498671032,-1090.8675367125945,-396.6299576836127,686.3080921834905
13,567.3280695650553,0.5287945654266611,1057.1237573604071,-1081.3294018855238,-393.16197473836684,663.9617826220403
13,567.3280695650553,0.5287945654266611,1107.153532982455,-1115.4901330286186,-405.58251975573745,701.5710132267177
13,567.3280695650553,0.5287945654266611,1098.873007290224,-1115.8830411202289,-405.72537772382634,693.1476295663977
13,567.3280695650553,0.5287945654266611,1101.4063289535852,-1090.1908583151908,-396.38392329804793,705.0224056555373
13,567.3280695650553,0.5287945654266611,1080.8759672693425,-1113.561437342839,-404.88126276303177,675.9947045063107
13,567.3280695650553,0.5287945654266611,1087.417383034598,-1040.7470035161568,-378.4065673160793,709.0108157185188
13,567.3280695650553,0.5287945654266611,1104.4940422811442,-1112.3736730066132,-404.44940197099186,700.0446403101523
13,567.3280695650553,0.5287945654266611,1100.931242538731,-1079.1597903654965,-392.3731228416722,708.5581196970588
13,567.3280695650553,0.5287945654266611,1120.4466625763876,-1123.4997054869843,-408.4947307055646,711.9519318708229
13,567.3280695650553,0.5287945654266611,1100.7979416183184,-1103.512071881883,-401.227400801443,699.5705408168753
13,567.3280695650553,0.5287945654266611,1075.308410199811,-1080.1409847724171,-392.7298766023251,682.5785335974861
13,567.3280695650553,0.5287945654266611,1128.1356305747158,-1090.4075385719188,-396.46270635663626,731.6729242180795
13,567.3280695650553,0.5287945654266611,1150.0841881246445,-1075.4796298862568,-391.03504846873,759.0491396559145
13,567.3280695650553,0.5287945654266611,1092.9658535891347,-1082.9870281831868,-393.7646732569043,699.2011803322304
13,567.3280695650553,0.5287945654266611,1070.7149568747077,-1048.8019839011006,-381.3352881934559,689.3796686812518
13,567.3280695650553,0.5287945654266611,1070.1222978940868,-1096.4706526116743,-398.66720193844276,671.4550959556441
13,567.3280695650553,0.5287945654266611,1067.8649177291347,-1086.4685146002373,-395.03051146713483,672.8344062619999
13,567.3280695650553,0.5287945654266611,1081.9376976530252,-1092.162982224442,-397.1009704154554,684.8367272375699
13,567.3280695650553,0.5287945654266611,1054.7450284979816,-1094.962366192839,-398.1188021022168,656.6262263957648
13,567.3280695650553,0.5287945654266611,1098.8287410406292,-1055.4150400749254,-383.7397379567039,715.0890030839253
13,567.3280695650553,0.5287945654266611,1102.6572718162256,-1138.2227313475407,-413.8478949785113,688.8093768377144
13,567.3280695650553,0.5287945654266611,1091.0507339261148,-1115.744317862453,-405.67493915268034,685.3757947734346
13,567.3280695650553,0.5287945654266611,1044.367375473982,-1036.5736193669024,-376.88916110239313,667.4782143715889
13,567.3280695650553,0.5287945654266611,1026.5756589675022,-1049.9992205037088,-381.7705930192469,644.8050659482553
13,567.3280695650553,0.5287945654266611,1046.8407257361825,-1066.1954559909366,-387.6594035115748,659.1813222246078
13,567.3280695650553,0.5287945654266611,1066.075157286388,-1048.6606921448397,-381.2839157385787,684.7912415478094
13,567.3280695650553,0.5287945654266611,1091.975722466718,-1107.7462041693204,-402.76689451032547,689.2088279563925
13,567.3280695650553,0.5287945654266611,1080.2984725934969,-1029.7979594356016,-374.42559002580833,705.8728825676885
13,567.3280695650553,0.5287945654266611,1103.066748140678,-1097.245739659408,-398.9490168541842,704.1177312864938
13,567.3280695650553,0.5287945654266611,995.452734590388,-993.6195677168713,-361.2714411548059,634.1812934355821
13,567.3280695650553,0.5287945654266611,1195.503178235979,-1148.4444337806935,-417.56441716573636,777.9387610702427
13,567.3280695650553,0.5287945654266611,1050.8471201215846,-1037.0590526997755,-377.06566044424346,673.7814596773411
13,567.3280695650553,0.5287945654266611,1091.524006461355,-1103.2790943493603,-401.1426921949846,690.3813142663703
13,567.3280695650553,0.5287945654266611,1110.7207181198505,-1160.3435560973455,-421.89083464732033,688.8298834725301
13,567.3280695650553,0.5287945654266611,1065.2428289500965,-1119.733254648125,-407.1252819076509,658.1175470424456
13,567.3280695650553,0.5287945654266611,1068.3607023512716,-1083.9782362455405,-394.12506789566294,674.2356344556086
13,567.3280695650553,0.5287945654266611,1096.6355113035431,-1091.3416871887662,-396.8023546768043,699.8331566267389
13,567.3280695650553,0.5287945654266611,1112.6888810986347,-1088.1530954462455,-395.64301042523965,717.045870673395
13,567.3280695650553,0.5287945654266611,1034.1899104625957,-1027.2818584084753,-373.51075755501705,660.6791529075786
13,567.3280695650553,0.5287945654266611,1081.304935022843,-1064.2588245820007,-386.95526115888384,694.3496738639592
13,567.3280695650553,0.5287945654266611,1044.8304109096096,-1071.659602990917,-389.64611988220804,655.1842910274015
13,567.3280695650553,0.5287945654266611,1102.6900141465596,-1094.924241115793,-398.1049401554758,704.5850739910838
13,567.3280695650553,0.5287945654266611,1064.135305460506,-1045.4989197073621,-380.1343227532918,684.0009827072142
13,567.3280695650553,0.5287945654266611,1058.6185603498348,-1119.6743681652547,-407.1038712941502,651.5146890556846
13,567.3280695650553,0.5287945654266611,1080.2028810978163,-1092.04852929722,-397.05935632561125,683.1435247722051
13,567.3280695650553,0.5287945654266611,1057.483730650005,-1060.860260990255,-385.71957296740885,671.7641576825963
13,567.3280695650553,0.5287945654266611,1121.2727153519666,-1081.9821555570493,-393.3993103014868,727.8734050504797
13,567.3280695650553,0.5287945654266611,1127.9884396745645,-1136.9065569101751,-413.3693453894661,714.6190942850983
13,567.3280695650553,0.5287945654266611,1093.2978351844936,-1105.8580619936604,-402.0803824215255,691.2174527629682
13,567.3280695650553,0.5287945654266611,1054.0132595344526,-1093.0604606505376,-397.4272857728974,656.5859737615551
13,567.3280695650553,0.5287945654266611,1099.087350441826,-1077.3939030002127,-391.7310615396399,707.3562889021861
13,567.3280695650553,0.5287945654266611,1062.7427738235997,-1036.6163115709737,-376.9046836168363,685.8380902067634
13,567.3280695650553,0.5287945654266611,1029.0298662483615,-1056.7414429912212,-384.22200653181176,644.8078597165497
13,567.3280695650553,0.5287945654266611,1081.7566276113032,-1034.5390215912303,-376.14939902999714,705.6072285813061
13,567.3280695650553,0.5287945654266611,1120.9727964879914,-1107.760572450202,-402.7721186924065,718.200677795585
13,567.3280695650553,0.5287945654266611,1118.0658524773398,-1126.6698513440338,-409.64736819345023,708.4184842838896
13,567.3280695650553,0.5287945654266611,1100.9815149023398,-1055.7372872017488,-383.856904211977,717.1246106903627
13,567.3280695650553,0.5287945654266611,1069.567192851185,-1130.1237749006407,-410.9031847871201,658.6640080640648
13,567.3280695650553,0.5287945654266611,1182.337092321652,-1129.2882983329155,-410.5994127666408,771.7376795550113
13,567.3280695650553,0.5287945654266611,1056.7019887225783,-1051.511851422823,-382.3205724780245,674.3814162445539
13,567.3280695650553,0.5287945654266611,1084.4671044719694,-1070.6219382651539,-389.26883400430074,695.1982704676686
13,567.3280695650553,0.5287945654266611,1210.6679247139562,-1166.1386101920225,-423.99786596229796,786.6700587516582
13,567.3280695650553,0.5287945654266611,1103.9918040952534,-1140.8127735889743,-414.7896118323416,689.2021922629118
13,567.3280695650553,0.5287945654266611,1036.38641247172,-1091.5173426180809,-396.8662214646143,639.5201910071057
13,567.3280695650553,0.5287945654266611,1068.0931352033317,-1085.6935188398536,-394.7487297426806,673.3444054606512
13,567.3280695650553,0.5287945654266611,1079.4831309381846,-1078.2777118122308,-392.05240674418,687.4307241940046
13,567.3280695650553,0.5287945654266611,1048.2151031560422,-1085.0905683536425,-394.52950218499575,653.6856009710465
13,567.3280695650553,0.5287945654266611,1059.8263731492525,-1078.5999313306907,-392.16956296129206,667.6568101879604
13,567.3280695650553,0.5287945654266611,1102.3209997272306,-1087.0167859734943,-395.22985817446227,707.0911415527684
13,567.3280695650553,0.5287945654266611,1071.7594947480409,-1075.2359287173829,-390.94644084127304,680.8130539067679
13,567.3280695650553,0.5287945654266611,1027.6725539211961,-1042.3251397619588,-378.9803639424577,648.6921899787385
13,567.3280695650553,0.5287945654266611,1050.102904158342,-1070.2999692597791,-389.1517688715697,660.9511352867723
13,567.3280695650553,0.5287945654266611,1051.1448129836424,-1082.967407058136,-393.75753918632586,657.3872737973165
13,567.3280695650553,0.5287945654266611,1147.2929768745782,-1144.230898644546,-416.03241240209206,731.2605644724862
13,567.3280695650553,0.5287945654266611,1061.5843041830485,-1061.982108729252,-386.1274670574528,675.4568371255957
13,567.3280695650553,0.5287945654266611,1077.5742569886618,-1071.5190893218626,-389.5950303330782,687.9792266555835
13,567.3280695650553,0.5287945654266611,1038.6729004970407,-1077.7595775531156,-391.8640176296899,646.8088828673508
13,567.3280695650553,0.5287945654266611,1151.7317694847977,-1208.9830986538245,-439.5757496866513,712.1560197981464
13,567.3280695650553,0.5287945654266611,1044.1617670348478,-1086.9219048526982,-395.19536022337303,648.9664068114748
13,567.3280695650553,0.5287945654266611,1057.684085209401,-1036.5946819800934,-376.89681928553404,680.7872659238669
13,567.3280695650553,0.5287945654266611,1083.0097100491516,-1052.207323304417,-382.5734400111423,700.4362700380093
13,567.3280695650553,0.5287945654266611,1059.6164053744155,-1097.7822970816658,-399.14410447071214,660.4723009037034
13,567.3280695650553,0.5287945654266611,1048.1315652423812,-1083.5196448894694,-393.95832806334494,654.1732371790363
13,567.3280695650553,0.5287945654266611,1101.9742756909977,-1067.2410806148582,-388.0395835392882,713.9346921517096
13,567.3280695650553,0.5287945654266611,1116.046448879406,-1075.4385659860884,-391.0201179914374,725.0263308879685
13,567.3280695650553,0.5287945654266611,1108.3857025243697,-1147.6963822686118,-417.2924321358433,691.0932703885264
13,567.3280695650553,0.5287945654266611,1120.1090430865647,-1075.7945161814762,-391.14953838959093,728.9595046969738
13,567.3280695650553,0.5287945654266611,1070.8177684383033,-1037.8611124378078,-377.35728239580885,693.4604860424945
13,567.3280695650553,0.5287945654266611,1079.4828500684957,-1073.7511895522523,-390.4066025818895,689.0762474866062
13,567.3280695650553,0.5287945654266611,1075.9811727895483,-1063.5117967482408,-386.68364832953375,689.2975244600145
13,567.3280695650553,0.5287945654266611,1127.9411832796845,-1139.367614928332,-414.2641647004707,713.6770185792138
13,567.3280695650553,0.5287945654266611,1057.6760255415218,-1021.6832068605145,-371.4751364994626,686.2008890420591
13,567.3280695650553,0.5287945654266611,1086.2678473641638,-1110.1154289664107,-403.628324060099,682.6395233040648
13,567.3280695650553,0.5287945654266611,1123.5500432288143,-1151.630447622272,-418.7228241149181,704.8272191138961
13,567.3280695650553,0.5287945654266611,1096.002841663955,-1077.5550095329031,-391.7896384750541,704.2132031889009
13,567.3280695650553,0.5287945654266611,1040.3573491232466,-1038.820674394091,-377.70617078537657,662.6511783378701
13,567.3280695650553,0.5287945654266611,1089.5826150890894,-1108.2086730751753,-402.9350441860523,686.647570903037
13,567.3280695650553,0.5287945654266611,1071.841032616559,-1094.0413245718191,-397.78391937184347,674.0571132447155
13,567.3280695650553,0.5287945654266611,1119.5853695597928,-1137.3948105372872,-413.5468701657959,706.0384993939969
13,567.3280695650553,0.5287945654266611,1069.5089468704273,-1032.2051015338059,-375.30080597679944,694.2081408936278
13,567.3280695650553,0.5287945654266611,1089.5668967482302,-1045.1252781121727,-379.9984699158929,709.5684268323373
13,567.3280695650553,0.5287945654266611,1033.2423328020598,-1004.1421923761249,-365.0973760486957,668.1449567533641
13,567.3280695650553,0.5287945654266611,1121.1560271701903,-1079.2280975019298,-392.39795872295133,728.758068447239
13,567.3280695650553,0.5287945654266611,1107.605108321147,-1079.361120310519,-392.4463246603049,715.1587836608421
13,567.3280695650553,0.5287945654266611,1074.289218599141,-1071.5571406976735,-389.6088654826906,684.6803531164503
13,567.3280695650553,0.5287945654266611,1081.5595083961357,-1103.2099737888982,-401.1175605597965,680.4419478363392
13,567.3280695650553,0.5287945654266611,999.9312454245679,-1034.6905767858257,-376.20450318187267,623.7267422426953
13,567.3280695650553,0.5287945654266611,1115.038742553847,-1106.018164186648,-402.1385941877506,712.9001483660963
13,567.3280695650553,0.5287945654266611,1053.831909336628,-1026.1742514926525,-373.10804130453926,680.7238680320888
13,567.3280695650553,0.5287945654266611,1047.6522543336412,-1072.6664170277559,-390.0121887176875,657.6400656159537
13,567.3280695650553,0.5287945654266611,1101.886918516868,-1066.2693574735624,-387.68627344851967,714.2006450683484
13,567.3280695650553,0.5287945654266611,1049.3187668482597,-1027.818603804889,-373.7059135173148,675.6128533309449
13,567.3280695650553,0.5287945654266611,1099.971436078076,-1122.0949010795903,-407.9839560295324,691.9874800485436
13,567.3280695650553,0.5287945654266611,1111.4460896722692,-1115.5470177556506,-405.60320254820874,705.8428871240604
13,567.3280695650553,0.5287945654266611,1050.5930890498348,-1050.1503864445606,-381.82555564184355,668.7675334079913
13,567.3280695650553,0.5287945654266611,1066.299666987281,-1105.7888510005855,-402.0552179058252,664.2444490814557
13,567.3280695650553,0.5287945654266611,1107.7185358075253,-1040.4995295184926,-378.3165879208567,729.4019478866686
13,567.3280695650553,0.5287945654266611,1042.1147329407988,-1039.4748715263759,-377.9440311782863,664.1707017625125
13,567.3280695650553,0.5287945654266611,1096.4801183148584,-1118.001393913644,-406.4955923929174,689.984525921941
13,567.3280695650553,0.5287945654266611,1058.6953989016677,-1043.9918135077553,-379.5863520345223,679.1090468671454
13,567.3280695650553,0.5287945654266611,1095.6122758746365,-1089.9184969995263,-396.284895090249,699.3273807843875
13,567.3280695650553,0.5287945654266611,1028.5493687234737,-1083.050603261146,-393.7877886028396,634.7615801206341
13,567.3280695650553,0.5287945654266611,1062.815385255091,-1067.8546587916908,-388.26267523293785,674.5527100221532
13,567.3280695650553,0.5287945654266611,1043.1573050474162,-1038.345265752971,-377.5333163343421,665.6239887130741
13,567.3280695650553,0.5287945654266611,1093.0325951332775,-1158.5730950514717,-421.2471103947666,671.7854847385108
13,567.3280695650553,0.5287945654266611,1067.8991596472079,-1130.1031964967808,-410.8957026582846,657.0034569889233
13,567.3280695650553,0.5287945654266611,1085.7950528419008,-1068.3546167540608,-388.4444556038672,697.3505972380335
13,567.3280695650553,0.5287945654266611,1090.728712942781,-1057.2166291121468,-384.39478007643714,706.3339328663437
13,567.3280695650553,0.5287945654266611,1157.2109356434687,-1147.7652668323315,-417.3174779646664,739.8934576788023
13,567.3280695650553,0.5287945654266611,1130.6419671463345,-1130.449230720682,-411.0215176953666,719.620449450968
13,567.3280695650553,0.5287945654266611,1136.7915565526416,-1173.3010341284075,-426.60206107049737,710.1894954821443
13,567.3280695650553,0.5287945654266611,1105.3531190104718,-1139.3393264269944,-414.2538792471862,691.0992397632856
13,567.3280695650553,0.5287945654266611,1065.2506953367727,-1057.3436241657816,-384.4409543744651,680.8097409623076
13,567.3280695650553,0.5287945654266611,1072.9813965738788,-1067.1035930711384,-387.98959426303566,684.9918023108431
13,567.3280695650553,0.5287945654266611,1050.249765881598,-1035.2356890131884,-376.4027012512031,673.8470646303949
13,567.3280695650553,0.5287945654266611,1100.0845204572056,-1108.7895578906052,-403.1462488575722,696.9382715996335
13,567.3280695650553,0.5287945654266611,1068.2076267684495,-1071.7114306541482,-389.6649639702228,678.5426627982267
13,567.3280695650553,0.5287945654266611,1079.0182700403757,-1130.8662463410408,-411.1731409514356,667.8451290889401
13,567.3280695650553,0.5287945654266611,1072.2202368062417,-1044.805406609091,-379.8821674167702,692.3380693894715
13,567.3280695650553,0.5287945654266611,1060.6769209370364,-1101.1073587157327,-400.35306798904156,660.3238529479947
13,567.3280695650553,0.5287945654266611,1110.3359856628892,-1025.225044134217,-372.76291775677663,737.5730679061126
13,567.3280695650553,0.5287945654266611,1087.7719929840428,-1057.5230513625982,-384.5061925441654,703.2658004398774
13,567.3280695650553,0.5287945654266611,1111.9906131784908,-1103.9481037345324,-401.3859381943388,710.604674984152
13,567.3280695650553,0.5287945654266611,1130.9025972372929,-1141.9414280245912,-415.1999807781324,715.7026164591605
13,567.3280695650553,0.5287945654266611,1040.5826379281038,-1091.0822639555975,-396.70803064338054,643.8746072847233
13,567.3280695650553,0.5287945654266611,1132.64372178225,-1131.3315162236343,-411.34230903796663,721.3014127442833
13,567.3280695650553,0.5287945654266611,1105.5523067462311,-1152.0131555554833,-418.86197339404345,686.6903333521877
13,567.3280695650553,0.5287945654266611,1089.1827967856022,-1083.5415563206475,-393.9662948693305,695.2165019162717
13,567.3280695650553,0.5287945654266611,1043.904048962698,-1062.8008415772717,-386.4251512069352,657.4788977557628
13,567.3280695650553,0.5287945654266611,1076.2380015048664,-1084.5885761549753,-394.3469821834244,681.891019321442
13,567.3280695650553,0.5287945654266611,1071.5201019052656,-1068.2296251584767,-388.3990097457782,683.1210921594875
13,567.3280695650553,0.5287945654266611,1075.1518217039013,-1048.5938894129622,-381.25962684572414,693.8921948581772
13,567.3280695650553,0.5287945654266611,1052.8284954484398,-1108.3400817004226,-402.98282322036863,649.8456722280712
13,567.3280695650553,0.5287945654266611,1117.0732717694489,-1123.035476562931,-408.3259411025138,708.7473306669351
13,567.3280695650553,0.5287945654266611,1191.2211293924104,-1113.3738264095805,-404.8130490578705,786.4080803345398
13,567.3280695650553,0.5287945654266611,1068.3836919345263,-1057.9182848900223,-384.64989602051025,683.733795914016
13,567.3280695650553,0.5287945654266611,1043.0645124079574,-1013.318111215824,-368.43366040826686,674.6308519996905
13,567.3280695650553,0.5287945654266611,1049.6132138898868,-1012.0455162929062,-367.9709559520078,681.642257937879
13,567.3280695650553,0.5287945654266611,1117.229214187922,-1125.9175579156915,-409.37384083966333,707.8553733482587
13,567.3280695650553,0.5287945654266611,1111.202160648356,-1132.7354638852942,-411.85277220869426,699.3493884396619
13,567.3280695650553,0.5287945654266611,1022.5086299772059,-1080.6475938844408,-392.91407527347593,629.59455470373
13,567.3280695650553,0.5287945654266611,1078.112248268426,-1143.428408119225,-415.7406338200116,662.3716144484142
13,567.3280695650553,0.5287945654266611,1114.971272449366,-1107.0873826910172,-402.5273527453849,712.4439197039812
13,567.3280695650553,0.5287945654266611,1105.2189613054406,-1126.5786045144002,-409.614191639049,695.6047696663916
13,567.3280695650553,0.5287945654266611,1079.2845559784262,-1077.831482144653,-391.89016151438614,687.39439446404
13,567.3280695650553,0.5287945654266611,1084.7116778117227,-1102.0393206868262,-400.6919212638135,684.0197565479091
13,567.3280695650553,0.5287945654266611,1063.3733051186666,-1085.2536524170862,-394.58879813340894,668.7845069852576
13,567.3280695650553,0.5287945654266611,1046.9035786418494,-1103.2574157808374,-401.134810055837,645.7687685860124
13,567.3280695650553,0.5287945654266611,1128.4752158396896,-1136.7542965742862,-413.3139848543433,715.1612309853463
13,567.3280695650553,0.5287945654266611,1035.941926864404,-1068.0228904656399,-388.3238428078027,647.6180840566012
13,567.3280695650553,0.5287945654266611,1083.1274521012706,-1072.1984951161935,-389.8420563764671,693.2853957248035
13,567.3280695650553,0.5287945654266611,1045.2595977082326,-1112.4522395784218,-404.47796809382805,640.7816296144046
13,567.3280695650553,0.5287945654266611,1071.0154796008649,-1087.2523100234305,-395.3154926725253,675.6999869283395
13,567.3280695650553,0.5287945654266611,1108.1482197465127,-1106.0268979336495,-402.1417697022719,706.0064500442409
13,567.3280695650553,0.5287945654266611,1099.483899557101,-1107.5336213260114,-402.6896012356534,696.7942983214476
13,567.3280695650553,0.5287945654266611,1062.676884981693,-992.842830386904,-360.98902621078383,701.6878587709093
13,567.3280695650553,0.5287945654266611,1085.0568557196775,-1129.678024428146,-410.7411137884948,674.3157419311827
13,567.3280695650553,0.5287945654266611,1036.8476488336353,-1064.8228277636456,-387.1603278150458,649.6873210185895
13,567.3280695650553,0.5287945654266611,1122.019565137581,-1077.0593923030208,-391.6094363567402,730.4101287808408
13,567.3280695650553,0.5287945654266611,1069.1402134433943,-1049.3395998186677,-381.5307606696809,687.6094527737134
13,567.3280695650553,0.5287945654266611,1052.8086479512754,-1018.1638918229596,-370.19554413151366,682.6131038197617
13,567.3280695650553,0.5287945654266611,1093.5097775872457,-1074.8841886736504,-390.81855121767893,702.6912263695667
13,567.3280695650553,0.5287945654266611,1109.2850747212099,-1069.3360726186925,-388.801304428272,720.4837702929378
13,567.3280695650553,0.5287945654266611,1058.5309117806821,-1064.5351306312907,-387.0557236375528,671.4751881431293
13,567.3280695650553,0.5287945654266611,1087.5450712111654,-1086.6097434895116,-395.081861064122,692.4632101470434
13,567.3280695650553,0.5287945654266611,1117.427502495711,-1078.4770182051222,-392.1248728168407,725.3026296788703
13,567.3280695650553,0.5287945654266611,1073.8172694667014,-1098.4837485455598,-399.39914612799697,674.4181233387044
13,567.3280695650553,0.5287945654266611,1073.7807052185287,-1147.3104220358246,-417.1521003488517,656.628604869677
13,567.3280695650553,0.5287945654266611,1088.2878164028384,-1051.0670280418708,-382.15883856182836,706.12897784101
13,567.3280695650553,0.5287945654266611,1095.953801594918,-1124.4646495684044,-408.8455759890663,687.1082256058519
13,567.3280695650553,0.5287945654266611,1089.1713962886263,-1131.9220810954994,-411.55703329389524,677.614362994731
13,567.3280695650553,0.5287945654266611,1111.027073944144,-1046.1423338910247,-380.36826255977667,730.6588113843673
13,567.3280695650553,0.5287945654266611,1037.2050503209982,-1068.9840792125517,-388.67332268430766,648.5317276366906
13,567.3280695650553,0.5287945654266611,1084.7386949313038,-1096.2759344083695,-398.59640409164854,686.1422908396553
13,567.3280695650553,0.5287945654266611,1036.5619565694321,-1031.2989945732259,-374.97135335919313,661.590603210239
13,567.3280695650553,0.5287945654266611,1004.1124995468498,-982.8853583925833,-357.3685759151915,646.7439236316583
13,567.3280695650553,0.5287945654266611,1118.2505326118603,-1118.5652640533606,-406.70061067619014,711.5499219356702
13,567.3280695650553,0.5287945654266611,1062.4032300673769,-1070.0724466633742,-389.06904363248515,673.3341864348918
13,567.3280695650553,0.5287945654266611,1121.6885209789018,-1137.1296679115796,-413.45046661094136,708.2380543679604
13,567.3280695650553,0.5287945654266611,1055.4325129331867,-1091.1947422366566,-396.7489267690377,658.6835861641489
13,567.3280695650553,0.5287945654266611,1107.4999175813418,-1102.2494935807488,-400.768338301829,706.7315792795129
13,567.3280695650553,0.5287945654266611,1098.1689287120716,-1124.687472487115,-408.9265924661772,689.2423362458944
13,567.3280695650553,0.5287945654266611,1110.3672714786262,-1132.7129277168146,-411.84457825365433,698.5226932249718
13,567.3280695650553,0.5287945654266611,1095.3968551475612,-1074.565341162341,-390.70262103306703,704.6942341144941
13,567.3280695650553,0.5287945654266611,1055.3539318838841,-1011.9998762904503,-367.9543616436857,687.3995702401985
13,567.3280695650553,0.5287945654266611,1091.0804659929142,-1034.9806878064755,-376.30998502817516,714.7704809647391
13,567.3280695650553,0.5287945654266611,1092.0106601518416,-1113.7310960662426,-404.9429492006784,687.0677109511632
13,567.3280695650553,0.5287945654266611,1087.6504602106424,-1070.4852136009295,-389.219122104404,698.4313381062384
13,567.3280695650553,0.5287945654266611,1056.2135745900166,-1044.845386011528,-379.89670358011097,676.3168710099056
13,567.3280695650553,0.5287945654266611,1098.393869728265,-1094.1657081327787,-397.8291441538263,700.5647255744386
13,567.3280695650553,0.5287945654266611,1070.4046151455595,-1052.8857382713886,-382.8201057983127,687.5845093472469
13,567.3280695650553,0.5287945654266611,1123.4470006457748,-1106.3224153409294,-402.2492172637764,721.1977833819983
13,567.3280695650553,0.5287945654266611,1047.0404050552702,-1052.8730028499383,-382.8154753097328,664.2249297455373
13,567.3280695650553,0.5287945654266611,1032.4731991269773,-1057.7174058263408,-384.57685813841545,647.8963409885619
13,567.3280695650553,0.5287945654266611,1095.4328503542802,-1141.5205553113112,-415.04695511659196,680.3858952376881
13,567.3280695650553,0.5287945654266611,1097.3524991398367,-1106.63765800664,-402.36383675785146,694.9886623819853
13,567.3280695650553,0.5287945654266611,1092.0069349042578,-1083.5545906411774,-393.9710340350186,698.0359008692392
13,567.3280695650553,0.5287945654266611,1138.6329040361109,-1089.358206642809,-396.0811783849696,742.5517256511413
13,567.3280695650553,0.5287945654266611,1080.6510773878902,-1057.3160491965723,-384.43092835526244,696.2201490326277
13,567.3280695650553,0.5287945654266611,1091.293811176725,-1097.534808040549,-399.0541196058209,692.2396915709041
13,567.3280695650553,0.5287945654266611,1095.3335830096116,-1072.6388128545223,-390.0021520801553,705.3314309294562
13,567.3280695650553,0.5287945654266611,1133.2123790526953,-1087.876779239677,-395.5425442534725,737.6698347992228
13,567.3280695650553,0.5287945654266611,1074.513774459121,-1039.2387306025284,-377.85817239022924,696.6556020688917
13,567.3280695650553,0.5287945654266611,1032.8916336210784,-1060.1412390200317,-385.4581428266947,647.4334907943837
13,567.3280695650553,0.5287945654266611,1066.780250649323,-1035.2462809537888,-376.4065523887709,690.3736982605521
13,567.3280695650553,0.5287945654266611,1123.8291742353954,-1083.0210021186804,-393.7770258846466,730.0521483507488
13,567.3280695650553,0.5287945654266611,1047.250092655928,-1073.364107515645,-390.2658629167764,656.9842297391516
13,567.3280695650553,0.5287945654266611,1100.4410354537224,-1116.8293120097944,-406.0694335970231,694.3716018566993
13,567.3280695650553,0.5287945654266611,1066.6633704621536,-1046.0679597310157,-380.34122076144246,686.3221497007112
13,567.3280695650553,0.5287945654266611,1138.2573774238685,-1121.2750263693129,-407.6858567088548,730.5715207150138
13,567.3280695650553,0.5287945654266611,1092.363171344869,-1089.835977310297,-396.2548916482677,696.1082796966014
13,567.3280695650553,0.5287945654266611,1085.481494192041,-1093.8867794223163,-397.7277280983436,687.7537660936974
13,567.3280695650553,0.5287945654266611,1092.3300220960286,-1045.6828396472806,-380.2011944453461,712.1288276506825
13,567.3280695650553,0.5287945654266611,1026.9172161812091,-1061.2445149260493,-385.85928435964,641.0579318215691
13,567.3280695650553,0.5287945654266611,1027.945788608363,-1078.1682603328782,-392.01261113732306,635.9331774710399
13,567.3280695650553,0.5287945654266611,1104.1086633647988,-1037.0319812860703,-377.05581751344664,727.0528458513521
13,567.3280695650553,0.5287945654266611,1035.2373394697693,-1017.2046404550061,-369.84676866916385,665.3905708006055
13,567.3280695650553,0.5287945654266611,1045.7482931782956,-1062.7440618851153,-386.404506604232,659.3437865740636
14,597.6292953503657,0.5019834240624402,1065.2745978235755,-1083.1439070387075,-383.707999728411,681.5665980951645
14,597.6292953503657,0.5019834240624402,1051.2585295250212,-1048.4414216075936,-371.4145074381929,679.8440220868283
14,597.6292953503657,0.5019834240624402,1077.5461903990783,-1098.1226471251152,-389.0142774627526,688.5319129363257
14,597.6292953503657,0.5019834240624402,1112.3892821788013,-1038.3107377536808,-367.8256727393084,744.5636094394929
14,597.6292953503657,0.5019834240624402,1117.5343089867,-1093.3392994201474,-387.3197576783071,730.2145513083929
14,597.6292953503657,0.5019834240624402,1145.5063706179876,-1166.9609420837949,-413.40051487004604,732.1058557479416
14,597.6292953503657,0.5019834240624402,1040.040795632587,-1048.7061403872763,-371.5082851096385,668.5325105229485
14,597.6292953503657,0.5019834240624402,1090.5781806207303,-1066.3986126387958,-377.77591316327477,712.8022674574556
14,597.6292953503657,0.5019834240624402,1021.0621811157391,-1038.4285319742326,-367.8674018063823,653.1947793093568
14,597.6292953503657,0.5019834240624402,1058.8479521148429,-1063.595298624734,-376.7828281207829,682.0651239940601
14,597.6292953503657,0.5019834240624402,1148.8438054922508,-1068.2031972617092,-378.41519438112493,770.4286111111259
14,597.6292953503657,0.5019834240624402,1096.3796780301325,-1085.362278491746,-384.49386656232707,711.8858114678054
14,597.6292953503657,0.5019834240624402,1098.4155343822786,-1130.7615134158177,-400.57672453596587,697.8388098463126
14,597.6292953503657,0.5019834240624402,1149.6421058683043,-1056.9301784562413,-374.4216830216115,775.2204228466928
14,597.6292953503657,0.5019834240624402,1095.3438214183316,-1059.2274003725245,-375.23548294302657,720.108338475305
14,597.6292953503657,0.5019834240624402,1064.122680846781,-1094.2188295757971,-387.6313347037901,676.4913461429908
14,597.6292953503657,0.5019834240624402,1135.918040135727,-1076.6872756904788,-381.4207126158555,754.4973275198715
14,597.6292953503657,0.5019834240624402,1116.7344199183237,-1138.217123880863,-403.2179039394655,713.5165159788583
14,597.6292953503657,0.5019834240624402,1099.4518875510612,-1082.6215849120945,-383.52296505562725,715.9289224954339
14,597.6292953503657,0.5019834240624402,1170.3654001750785,-1095.9772774721514,-388.2542718043471,782.1111283707314
14,597.6292953503657,0.5019834240624402,1075.5760015980563,-1110.8039737599543,-393.50668742354907,682.0693141745073
14,597.6292953503657,0.5019834240624402,1131.4515227641507,-1105.1597160258098,-391.50718686683973,739.944335897311
14,597.6292953503657,0.5019834240624402,1178.5349346163014,-1169.5967611342599,-414.3342641612783,764.2006704550231
14,597.6292953503657,0.5019834240624402,1139.2586584066948,-1157.2778785200483,-409.97025142384683,729.2884069828481
14,597.6292953503657,0.5019834240624402,1104.2997426466916,-1112.3757127561666,-394.0634821600681,710.2362604866235
14,597.6292953503657,0.5019834240624402,1152.9016573988306,-1085.777009461762,-384.64078664367185,768.2608707551587
14,597.6292953503657,0.5019834240624402,1070.3551559854238,-1048.0389424761947,-371.2719276189852,699.0832283664386
14,597.6292953503657,0.5019834240624402,1087.728976878397,-1061.0491587369957,-375.8808480265369,711.84812885186
14,597.6292953503657,0.5019834240624402,1113.977865103277,-1058.3584506182792,-374.9276540664579,739.0502110368192
14,597.6292953503657,0.5019834240624402,1115.434195811408,-1063.0805736825998,-376.6004847805553,738.8337110308528
14,597.6292953503657,0.5019834240624402,1104.510993818707,-1126.1032854476223,-398.9265289115987,705.5844649071082
14,597.6292953503657,0.5019834240624402,1091.6917166832845,-1103.842731255946,-391.04063981945916,700.6510768638254
14,597.6292953503657,0.5019834240624402,1153.01851154733,-1121.0450380010532,-397.1346248098061,755.8838867375239
14,597.6292953503657,0.5019834240624402,1128.3828743989488,-1066.7584761089333,-377.903396216454,750.4794781824949
14,597.6292953503657,0.5019834240624402,1086.0340788738397,-1053.7988960740001,-373.31241389156634,712.7216649822733
14,597.6292953503657,0.5019834240624402,1122.6341717470427,-1110.924946037769,-393.5495423299389,729.0846294171038
14,597.6292953503657,0.5019834240624402,1089.3274654973907,-1058.550367203309,-374.9956412734005,714.3318242239902
14,597.6292953503657,0.5019834240624402,1119.0873697422433,-1094.8274370827987,-387.84693631278566,731.2404334294577
14,597.6292953503657,0.5019834240624402,1186.0185399283068,-1117.6461957321594,-395.93057153496915,790.0879683933376
14,597.6292953503657,0.5019834240624402,1070.8503918764545,-1064.9449943284671,-377.26096314546066,693.5894287309939
14,597.6292953503657,0.5019834240624402,1116.3797826780767,-1015.9996685969822,-359.9218885216374,756.4578941564394
14,597.6292953503657,0.5019834240624402,1119.4789134531732,-1085.1163531463797,-384.40674653908746,735.0721669140858
14,597.6292953503657,0.5019834240624402,1100.4491692624733,-1077.5886831440644,-381.7400397603909,718.7091295020824
14,597.6292953503657,0.5019834240624402,1048.7645113079934,-1042.663634062458,-369.3677034194537,679.3968078885398
14,597.6292953503657,0.5019834240624402,1103.8328656289652,-1058.310684853391,-374.9107328559136,728.9221327730517
14,597.6292953503657,0.5019834240624402,1165.9902378892734,-1136.8643109641237,-402.73866462978964,763.2515732594838
14,597.6292953503657,0.5019834240624402,1174.2684938397197,-1100.2138379366265,-389.7550900529551,784.5134037867646
14,597.6292953503657,0.5019834240624402,1106.2376022249275,-1119.7711627321448,-396.6833494731127,709.5542527518148
14,597.6292953503657,0.5019834240624402,1131.29165575094,-1067.1287147478452,-378.03455471407915,753.2571010368608
14,597.6292953503657,0.5019834240624402,1131.6995295132433,-1096.6397780987027,-388.488965263435,743.2105642498084
14,597.6292953503657,0.5019834240624402,1020.5847402814825,-1051.2266594521593,-372.4011889263693,648.1835513551132
14,597.6292953503657,0.5019834240624402,1054.3653624843994,-1015.5634984883112,-359.76737354089306,694.5979889435064
14,597.6292953503657,0.5019834240624402,1089.26337150961,-1105.4414901173177,-391.60700644974577,697.6563650598641
14,597.6292953503657,0.5019834240624402,1119.5897677929888,-1113.0623034029804,-394.3067096038169,725.2830581891719
14,597.6292953503657,0.5019834240624402,1168.335651177663,-1167.4782077733691,-413.58375828007206,754.751892897591
14,597.6292953503657,0.5019834240624402,1101.1813190182045,-1074.209267231072,-380.5428683487271,720.6384506694774
14,597.6292953503657,0.5019834240624402,1068.8297375815139,-1048.2685623328246,-371.35327135855,697.4764662229638
14,597.6292953503657,0.5019834240624402,1031.0632902624172,-1000.3613745387887,-354.38196119227683,676.6813290701405
14,597.6292953503657,0.5019834240624402,1130.2469711361218,-1070.91671218139,-379.3764677403691,750.8705033957527
14,597.6292953503657,0.5019834240624402,1115.8827634338468,-1024.522991580746,-362.9413092947096,752.9414541391372
14,597.6292953503657,0.5019834240624402,1121.8586825456712,-1062.5925909830314,-376.42761498519695,745.4310675604743
14,597.6292953503657,0.5019834240624402,1072.5530960831704,-1055.0721917504475,-373.7634839053452,698.7896121778252
14,597.6292953503657,0.5019834240624402,1139.6230400557586,-1085.0332501824428,-384.37730698645134,755.2457330693072
14,597.6292953503657,0.5019834240624402,1173.451058669258,-1126.1542974929775,-398.944600129798,774.5064585394599
14,597.6292953503657,0.5019834240624402,1132.2894073678776,-1037.7432183825338,-367.6246267644432,764.6647806034345
14,597.6292953503657,0.5019834240624402,1163.6308538091623,-1098.9833086498027,-389.31917020132124,774.3116836078411
14,597.6292953503657,0.5019834240624402,1082.0400681316235,-1047.5700112387005,-371.10580687918343,710.93426125244
14,597.6292953503657,0.5019834240624402,1086.8742141224066,-1070.2063390956416,-379.1248152738574,707.7493988485492
14,597.6292953503657,0.5019834240624402,1158.446100994281,-1103.6794697175114,-390.98280377575503,767.4632972185261
14,597.6292953503657,0.5019834240624402,1046.7201475765821,-1037.8057094504038,-367.6467644716282,679.0733831049539
14,597.6292953503657,0.5019834240624402,1071.823172739067,-1091.3503687534346,-386.6151711475945,685.2080015914726
14,597.6292953503657,0.5019834240624402,1119.9732336442703,-1051.347665051119,-372.44405563690617,747.5291780073642
14,597.6292953503657,0.5019834240624402,1066.4425691319016,-1086.9220619273233,-385.04642599435226,681.3961431375493
14,597.6292953503657,0.5019834240624402,1138.999889744257,-1067.8281121237633,-378.282318992108,760.717570752149
14,597.6292953503657,0.5019834240624402,1175.2675211154417,-1162.1955125124232,-411.71234265507525,763.5551784603665
14,597.6292953503657,0.5019834240624402,1064.0430790064233,-1016.9207515667684,-360.24818579536424,703.7948932110592
14,597.6292953503657,0.5019834240624402,1108.1783761091065,-1035.3409672555333,-366.7736198310185,741.4047562780879
14,597.6292953503657,0.5019834240624402,1127.6868362488594,-1073.6179443232038,-380.33338987712483,747.3534463717347
14,597.6292953503657,0.5019834240624402,1071.9579600711224,-1034.4294654476028,-366.45071672165597,705.5072433494665
14,597.6292953503657,0.5019834240624402,1065.4391641468478,-1040.935730027645,-368.75558660227705,696.6835775445708
14,597.6292953503657,0.5019834240624402,1096.6542106223058,-1062.6555627917571,-376.4499229967256,720.2042876255802
14,597.6292953503657,0.5019834240624402,1041.6506889700627,-1055.905100973574,-374.0585452816631,667.5921436883996
14,597.6292953503657,0.5019834240624402,1100.0406223210277,-1068.5360125496481,-378.53309550911376,721.507526811914
14,597.6292953503657,0.5019834240624402,1069.0744467888314,-1032.9779935951178,-365.93652709499617,703.1379196938353
14,597.6292953503657,0.5019834240624402,1175.0100521867041,-1128.1740727800625,-399.6601134888927,775.3499386978115
14,597.6292953503657,0.5019834240624402,1092.1619205821514,-1014.7736960023752,-359.4875828961877,732.6743376859638
14,597.6292953503657,0.5019834240624402,1076.6441943575494,-1026.686391638546,-363.70770229511913,712.9364920624303
14,597.6292953503657,0.5019834240624402,1090.4152679364663,-1045.035729049578,-370.208027421425,720.2072405150413
14,597.6292953503657,0.5019834240624402,1087.0515827201052,-1068.817641504555,-378.6328636768066,708.4187190432986
14,597.6292953503657,0.5019834240624402,1129.4632526664207,-1095.9297256018303,-388.2374263667966,741.225826299624
14,597.6292953503657,0.5019834240624402,1105.845636051487,-1060.5142144258011,-375.69134189509793,730.154294156389
14,597.6292953503657,0.5019834240624402,1087.3555750986889,-1071.0356575521334,-379.41860460693715,707.9369704917517
14,597.6292953503657,0.5019834240624402,1220.1733241434645,-1156.7786079488492,-409.793382855457,810.3799412880074
14,597.6292953503657,0.5019834240624402,1069.5890533529255,-1035.5781871316221,-366.8576559074423,702.7313974454833
14,597.6292953503657,0.5019834240624402,1084.7385951545195,-1033.1733302104542,-366.0057258611595,718.7328692933601
14,597.6292953503657,0.5019834240624402,1141.9623836025555,-1093.0177299113254,-387.2058404119107,754.7565431906448
14,597.6292953503657,0.5019834240624402,1068.4628206053048,-1065.6434105423498,-377.50837984296993,690.9544407623349
14,597.6292953503657,0.5019834240624402,1055.638634701181,-1044.0018816212826,-369.84178289365934,685.7968518075216
14,597.6292953503657,0.5019834240624402,1102.8135949931677,-1035.0582566984615,-366.67346850149414,736.1401264916735
14,597.6292953503657,0.5019834240624402,1091.4047591627764,-1051.2175300834626,-372.3979548115129,719.0068043512636
14,597.6292953503657,0.5019834240624402,1196.8069637711792,-1097.0365906363488,-388.6295376694633,808.1774261017159
14,597.6292953503657,0.5019834240624402,1100.5412614287766,-1055.6956007190754,-373.98432899048163,726.556932438295
14,597.6292953503657,0.5019834240624402,1100.7156632800131,-1041.2351932793092,-368.86167263991393,731.8539906400993
14,597.6292953503657,0.5019834240624402,1069.0213562844326,-1069.264679360491,-378.7912285998694,690.2301276845633
14,597.6292953503657,0.5019834240624402,1083.6649053590677,-1081.0017385140522,-382.9491280823304,700.7157772767373
14,597.6292953503657,0.5019834240624402,1213.8861822768547,-1168.4865395632803,-413.94096379233605,799.9452184845186
14,597.6292953503657,0.5019834240624402,1082.51071994241,-1063.8470254221277,-376.87200333127737,705.6387166111327
14,597.6292953503657,0.5019834240624402,1121.9043127855705,-1125.820950254491,-398.8265105562303,723.0778022293403
14,597.6292953503657,0.5019834240624402,1079.7950501909954,-1031.332936597691,-365.353759167466,714.4412910235294
14,597.6292953503657,0.5019834240624402,1097.2153215297826,-1053.3315690263269,-373.14686144233366,724.068460087449
14,597.6292953503657,0.5019834240624402,1193.3708215096892,-1148.784423375526,-406.96141145059005,786.4094100590992
14,597.6292953503657,0.5019834240624402,1134.871075875517,-1101.5763880356121,-390.2377787978338,744.6332970776831
14,597.6292953503657,0.5019834240624402,1143.254300533598,-1111.540550038765,-393.7676224745181,749.4866780590801
14,597.6292953503657,0.5019834240624402,1092.3046869245118,-1029.7071153753386,-364.77780558909944,727.5268813354123
14,597.6292953503657,0.5019834240624402,1096.6748104752664,-1082.5762701283747,-383.50691211482575,713.1678983604406
14,597.6292953503657,0.5019834240624402,1082.3628143137378,-1058.3551681815895,-374.92649125031846,707.4363230634193
14,597.6292953503657,0.5019834240624402,1081.1950243588185,-1078.0901370776824,-381.91768179352624,699.2773425652922
14,597.6292953503657,0.5019834240624402,1138.0496283587393,-1137.3086442878503,-402.8960714616537,735.1535568970855
14,597.6292953503657,0.5019834240624402,1108.9066368345177,-1089.659088325507,-386.0160283875579,722.8906084469597
14,597.6292953503657,0.5019834240624402,1087.8601141852205,-1057.800468602576,-374.7299867373629,713.1301274478576
14,597.6292953503657,0.5019834240624402,1046.7329163998002,-1032.0435839586194,-365.60550879704164,681.1274076027585
14,597.6292953503657,0.5019834240624402,1137.5853262438463,-1136.344286793354,-402.5544440169239,735.0308822269224
14,597.6292953503657,0.5019834240624402,1131.8313981267083,-1070.5465839831538,-379.24534836678873,752.5860497599197
14,597.6292953503657,0.5019834240624402,1104.9900763831386,-1102.8771948457031,-390.69859473917785,714.2914816439607
14,597.6292953503657,0.5019834240624402,1122.4608217644604,-1095.387943299524,-388.0454978500453,734.4153239144151
14,597.6292953503657,0.5019834240624402,1151.5013183003991,-1134.9848776339802,-402.0728679622869,749.4284503381123
14,597.6292953503657,0.5019834240624402,1108.8343235400766,-1052.396015255524,-372.81543783029065,736.018885709786
14,597.6292953503657,0.5019834240624402,1132.578527559513,-1049.8259691614317,-371.90498886818546,760.6735386913276
14,597.6292953503657,0.5019834240624402,1145.3567251646607,-1089.833553877281,-386.07783349716317,759.2788916674975
14,597.6292953503657,0.5019834240624402,1113.6966624788136,-1035.1844549459931,-366.7181747282613,746.9784877505522
14,597.6292953503657,0.5019834240624402,1155.9684442208452,-1098.4298103736837,-389.1230912546526,766.8453529661926
14,597.6292953503657,0.5019834240624402,1155.2017388006836,-1151.2668119502316,-407.84080739083316,747.3609314098505
14,597.6292953503657,0.5019834240624402,1086.4892934772663,-1119.0521776087062,-396.4286461582933,690.060647318973
14,597.6292953503657,0.5019834240624402,1149.333381361165,-1097.5993366143205,-388.82889265097543,760.5044887101897
14,597.6292953503657,0.5019834240624402,1134.7199486748189,-1091.099352254013,-386.5262475629572,748.1937011118616
14,597.6292953503657,0.5019834240624402,1090.0430844924574,-1046.264131295738,-370.6431937605171,719.3998907319403
14,597.6292953503657,0.5019834240624402,1169.201192917989,-1108.380198689284,-392.64805554821396,776.553137369775
14,597.6292953503657,0.5019834240624402,1148.4327828548126,-1070.8733424654656,-379.36110384750316,769.0716790073094
14,597.6292953503657,0.5019834240624402,1058.2862726198537,-1026.530173819481,-363.65236151677396,694.6339111030798
14,597.6292953503657,0.5019834240624402,1106.0129087086723,-1105.1336653200967,-391.4979583016272,714.514950407045
14,597.6292953503657,0.5019834240624402,1033.317982607977,-1114.3804399646554,-394.77366467798794,638.5443179299891
14,597.6292953503657,0.5019834240624402,1138.0167193378943,-1071.0660213320125,-379.42936109567876,758.5873582422155
14,597.6292953503657,0.5019834240624402,1212.8861173534035,-1146.9016738245994,-406.29443999879953,806.5916773546039
14,597.6292953503657,0.5019834240624402,1035.2371742603098,-1077.4602276698026,-381.6945339021547,653.542640358155
14,597.6292953503657,0.5019834240624402,1110.2836307373564,-1066.5726593841266,-377.8375699090461,732.4460608283102
14,597.6292953503657,0.5019834240624402,1111.2030694730597,-1040.8718309710061,-368.7329501095192,742.4701193635406
14,597.6292953503657,0.5019834240624402,1069.7399202634194,-1016.8595254018427,-360.22649618503453,709.5134240783849
14,597.6292953503657,0.5019834240624402,1053.262723420382,-1098.9994527616116,-389.32488931658315,663.9378341037988
14,597.6292953503657,0.5019834240624402,1193.4652845078724,-1189.4282402285567,-421.3596438227239,772.1056406851485
14,597.6292953503657,0.5019834240624402,1130.1505224532293,-1100.4295627026643,-389.8315114018916,740.3190110513377
14,597.6292953503657,0.5019834240624402,1078.883919215826,-1024.8835511173609,-363.0690389321829,715.8148802836431
14,597.6292953503657,0.5019834240624402,1096.9308108957052,-1095.5981415581027,-388.11996141192424,708.810849483781
14,597.6292953503657,0.5019834240624402,1185.147318149484,-1053.7936604100084,-373.3105591369539,811.83675901253
14,597.6292953503657,0.5019834240624402,1119.3646752452926,-1049.6490913808789,-371.8423292170243,747.5223460282682
14,597.6292953503657,0.5019834240624402,1103.180723226674,-1024.19648002891,-362.8256412900898,740.3550819365842
14,597.6292953503657,0.5019834240624402,1130.8130155086033,-1058.8840041456087,-375.1138334756863,755.699182032917
14,597.6292953503657,0.5019834240624402,1136.5736783548464,-1100.1422927321119,-389.7297448821647,746.8439334726817
14,597.6292953503657,0.5019834240624402,1097.496495426358,-1041.8169038129101,-369.0677458900319,728.4287495363261
14,597.6292953503657,0.5019834240624402,1150.2404111911562,-1057.7584021118978,-374.71508451717875,775.5253266739775
14,597.6292953503657,0.5019834240624402,1138.0140937839524,-1105.5914973078575,-391.6601470884484,746.353946695504
14,597.6292953503657,0.5019834240624402,1187.5833093556078,-1117.2874718018163,-395.8034921682551,791.7798171873526
14,597.6292953503657,0.5019834240624402,1115.6015308674043,-1088.2888257216894,-385.5306074574334,730.0709234099709
14,597.6292953503657,0.5019834240624402,1129.582214444915,-1099.966344123024,-389.66741439365865,739.9148000512564
14,597.6292953503657,0.5019834240624402,1111.1368872783696,-1092.0610049596937,-386.86691682558455,724.2699704527851
14,597.6292953503657,0.5019834240624402,1130.8894173168337,-1113.9961506706009,-394.6375286803791,736.2518886364546
14,597.6292953503657,0.5019834240624402,1106.2509279120377,-1121.3895294848385,-397.2566622762108,708.9942656358269
14,597.6292953503657,0.5019834240624402,1096.4213995903594,-1086.1342567383297,-384.76734289996375,711.6540566903957
14,597.6292953503657,0.5019834240624402,1132.8368785523908,-1054.194483155007,-373.4525521747484,759.3843263776423
14,597.6292953503657,0.5019834240624402,1145.674335452463,-1099.1178468608846,-389.3668308930593,756.3075045594038
14,597.6292953503657,0.5019834240624402,1088.2877529458983,-1013.1579597393812,-358.91520195443724,729.3725509914611
14,597.6292953503657,0.5019834240624402,1100.4556558342615,-1093.1622096329504,-387.25702292295637,713.1986329113051
14,597.6292953503657,0.5019834240624402,1138.572939592711,-1059.0801131497417,-375.18330586362623,763.3896337290848
14,597.6292953503657,0.5019834240624402,1113.276100687007,-1107.2401395230897,-392.24418509352205,721.0319155934851
14,597.6292953503657,0.5019834240624402,1117.7674055278135,-1012.2971527004385,-358.61025766686987,759.1571478609436
14,597.6292953503657,0.5019834240624402,1066.0136550773827,-1117.8785336688177,-396.012878165101,670.0007769122817
14,597.6292953503657,0.5019834240624402,1147.005710767601,-1137.8116890698122,-403.07427705908736,743.9314337085136
14,597.6292953503657,0.5019834240624402,1189.9788493477242,-1113.468054016315,-394.4504483583992,795.5284009893251
14,597.6292953503657,0.5019834240624402,1025.1828364752664,-1067.9191917179317,-378.3145842974542,646.8682521778122
14,597.6292953503657,0.5019834240624402,1175.6843986626943,-1132.0779103304872,-401.0430633333261,774.6413353293683
14,597.6292953503657,0.5019834240624402,1100.1217050815915,-1087.017780162972,-385.0803345567322,715.0413705248593
14,597.6292953503657,0.5019834240624402,1060.3208622406846,-1058.9540711719444,-375.13865499602855,685.1822072446561
14,597.6292953503657,0.5019834240624402,1183.7989150569847,-1167.2175850252438,-413.49143164395565,770.3074834130291
14,597.6292953503657,0.5019834240624402,1046.231716462945,-1064.0134175008552,-376.93094838122346,669.3007680817216
14,597.6292953503657,0.5019834240624402,1160.1499556072183,-1040.5929051237372,-368.634139528365,791.5158160788533
14,597.6292953503657,0.5019834240624402,1132.3970786322668,-1086.7070223299781,-384.97024736912664,747.4268312631402
14,597.6292953503657,0.5019834240624402,1167.2812992413824,-1114.7912854071965,-394.9192082959048,772.3620909454776
14,597.6292953503657,0.5019834240624402,1064.7617110978929,-1003.9061880701372,-355.63772536237923,709.1239857355137
14,597.6292953503657,0.5019834240624402,1110.2566238273375,-1067.1967203426352,-378.0586459641685,732.1979778631691
14,597.6292953503657,0.5019834240624402,1083.5493739428864,-1072.7917788157856,-380.04071748868597,703.5086564542005
14,597.6292953503657,0.5019834240624402,1076.6463686446166,-1086.9227501301737,-385.04666979292546,691.5996988516911
14,597.6292953503657,0.5019834240624402,1127.7804430193823,-1089.3845520453392,-385.91877282785674,741.8616701915256
14,597.6292953503657,0.5019834240624402,1072.192592925052,-1018.6629308564513,-360.8653596778635,711.3272332471884
14,597.6292953503657,0.5019834240624402,1118.8380508552402,-1082.262808785061,-383.3958671980298,735.4421836572104
14,597.6292953503657,0.5019834240624402,1134.7811566557282,-1099.124450568067,-389.369170282366,745.4119863733622
14,597.6292953503657,0.5019834240624402,1079.2662847955055,-1069.1881813575528,-378.76412888070934,700.5021559147962
14,597.6292953503657,0.5019834240624402,1111.621716629531,-1078.7103258852371,-382.13738612390597,729.4843305056249
14,597.6292953503657,0.5019834240624402,1132.6089932035147,-1087.4889331267282,-385.2472423518222,747.3617508516925
14,597.6292953503657,0.5019834240624402,1066.715034637152,-1021.3611332621359,-361.82120851864977,704.8938261185023
14,597.6292953503657,0.5019834240624402,1057.9173505069546,-1049.2837855962816,-371.71291820248956,686.204432304465
14,597.6292953503657,0.5019834240624402,1155.4538542283076,-1077.6541339448233,-381.76322596462165,773.690628263686
14,597.6292953503657,0.5019834240624402,1166.8563691877948,-1104.1839611798928,-391.16152186543127,775.6948473223636
14,597.6292953503657,0.5019834240624402,1210.2198998489075,-1125.9252466159132,-398.8634579534877,811.3564418954198
14,597.6292953503657,0.5019834240624402,1136.8954133711632,-1125.6442204314128,-398.76390331958794,738.1315100515752
14,597.6292953503657,0.5019834240624402,1146.4461455580808,-1066.5412061526324,-377.82642747777436,768.6197180803065
14,597.6292953503657,0.5019834240624402,1135.8566313073115,-1115.6638381013236,-395.2283135281324,740.6283177791792
14,597.6292953503657,0.5019834240624402,1118.341460898742,-1098.964595868489,-389.31254112475943,729.0289197739826
14,597.6292953503657,0.5019834240624402,1104.5226305740957,-1075.519343332674,-381.00696797313617,723.5156626009596
14,597.6292953503657,0.5019834240624402,1132.7980423428753,-1127.9962358975235,-399.59711407207146,733.2009282708038
14,597.6292953503657,0.5019834240624402,1041.035843196428,-1006.2933763311944,-356.4833962161531,684.5524469802749
14,597.6292953503657,0.5019834240624402,1088.673007286054,-1044.9572439854394,-370.1802237780001,718.4927835080539
14,597.6292953503657,0.5019834240624402,1108.9957266490037,-1058.2956886938582,-374.90542040727166,734.090306241732
14,597.6292953503657,0.5019834240624402,1086.4210867191225,-1046.4915774062329,-370.72376744194287,715.6973192771796
14,597.6292953503657,0.5019834240624402,1103.6668829651553,-1152.7025267221038,-408.34941500955836,695.317467955597
14,597.6292953503657,0.5019834240624402,1117.0955762080057,-1046.839059407331,-370.84686431089676,746.2487118971089
14,597.6292953503657,0.5019834240624402,1124.8127043024979,-1058.0620872569573,-374.8226661771971,749.9900381253008
14,597.6292953503657,0.5019834240624402,1056.1298831227095,-1043.5680953423398,-369.68811239399525,686.4417707287143
14,597.6292953503657,0.5019834240624402,1047.4916442695678,-1097.0922892677804,-388.6492691292586,658.8423751403093
14,597.6292953503657,0.5019834240624402,1090.4858163025697,-1064.5357173895263,-377.1159751761286,713.3698411264411
14,597.6292953503657,0.5019834240624402,1099.628740315926,-1041.903115492564,-369.09828671746794,730.530453598458
14,597.6292953503657,0.5019834240624402,1056.0518553799882,-1020.5996945240303,-361.5514658434469,694.5003895365412
14,597.6292953503657,0.5019834240624402,1122.8596377251033,-1128.6651159446471,-399.83406746605004,723.0255702590532
14,597.6292953503657,0.5019834240624402,1121.5605991682335,-1052.7392972092266,-372.93704681589463,748.6235523523388
14,597.6292953503657,0.5019834240624402,1045.1075372727694,-1013.8745165004748,-359.1690450123212,685.9384922604481
14,597.6292953503657,0.5019834240624402,1089.191216989858,-1067.404117759616,-378.1321173168681,711.05909967299
14,597.6292953503657,0.5019834240624402,1093.7346747465604,-1019.5206674228475,-361.1692162384249,732.5654585081354
14,597.6292953503657,0.5019834240624402,1210.9528227984417,-1161.7542106917983,-411.5560097451377,799.396813053304
14,597.6292953503657,0.5019834240624402,1194.8964593376893,-1086.9801790486688,-385.06701421373526,809.829445123954
14,597.6292953503657,0.5019834240624402,1157.4711099044277,-1152.5926657388209,-408.3104963230664,749.1606135813613
14,597.6292953503657,0.5019834240624402,1116.9017786672518,-1062.8814605919943,-376.52994818313783,740.3718304841141
14,597.6292953503657,0.5019834240624402,1122.285702140883,-1119.8970454624628,-396.7279439266629,725.55775821422
14,597.6292953503657,0.5019834240624402,1209.328107408455,-1150.4023078135176,-407.5345533918033,801.7935540166518
14,597.6292953503657,0.5019834240624402,1109.7968713548373,-1040.7806776902935,-368.70065870042424,741.0962126544131
14,597.6292953503657,0.5019834240624402,1162.5095754518395,-1121.1862167735453,-397.1846379466063,765.3249375052333
14,597.6292953503657,0.5019834240624402,1112.892921842839,-1094.5490121409853,-387.74830317936403,725.1446186634751
14,597.6292953503657,0.5019834240624402,1172.8953461442732,-1129.7471094026366,-400.21736791466674,772.6779782296064
14,597.6292953503657,0.5019834240624402,1154.3556221272054,-1071.0023964222714,-379.40682172054034,774.948800406665
14,597.6292953503657,0.5019834240624402,1113.0989738972225,-1037.773488538451,-367.6353500865271,745.4636238106955
14,597.6292953503657,0.5019834240624402,1078.4920752286992,-1018.077727824409,-360.6580491964023,717.8340260322968
14,597.6292953503657,0.5019834240624402,1174.7483035022976,-1145.6652118670668,-405.8564184751756,768.891885027122
14,597.6292953503657,0.5019834240624402,1071.9162792227523,-1037.886972818966,-367.67555234034955,704.2407268824028
14,597.6292953503657,0.5019834240624402,1064.4596722238675,-1042.2213728405034,-369.2110306378123,695.2486415860552
14,597.6292953503657,0.5019834240624402,1154.7773764883677,-1098.0831835223114,-389.00029732586074,765.777079162507
14,597.6292953503657,0.5019834240624402,1163.6597999449048,-1115.91687976256,-395.3179545343275,768.3418454105772
14,597.6292953503657,0.5019834240624402,1186.515130081787,-1128.3060834064122,-399.7068787737735,786.8082513080135
14,597.6292953503657,0.5019834240624402,1158.3756940133942,-1103.591074861066,-390.95148954933273,767.4242044640614
14,597.6292953503657,0.5019834240624402,1162.4177035510402,-1119.0276832409834,-396.4199689319502,765.9977346190899
14,597.6292953503657,0.5019834240624402,1153.4519676373786,-1128.8525827239066,-399.90047831175366,753.551489325625
14,597.6292953503657,0.5019834240624402,1209.2499227484877,-1205.617068955484,-427.0946002291519,782.1553225193359
14,597.6292953503657,0.5019834240624402,1071.380356251393,-1013.2208274678286,-358.93747309511696,712.4428831562761
14,597.6292953503657,0.5019834240624402,1084.1238860315334,-1036.7552922511422,-367.27465003716594,716.8492359943675
14,597.6292953503657,0.5019834240624402,1146.2933866429867,-1100.944143034793,-390.01380351345455,756.279583129532
14,597.6292953503657,0.5019834240624402,1098.2385339716004,-1074.3380717219188,-380.5884978474647,717.6500361241358
14,597.6292953503657,0.5019834240624402,1154.1935700297813,-1125.9339909336015,-398.8665556625062,755.3270143672751
14,597.6292953503657,0.5019834240624402,1129.356625291433,-1112.1977839023377,-394.0004501620547,735.3561751293782
14,597.6292953503657,0.5019834240624402,1118.4562509632997,-1003.5638270536857,-355.5164426224276,762.9398083408721
14,597.6292953503657,0.5019834240624402,1130.7456594473356,-1066.6306921843436,-377.8581282573369,752.8875311899988
14,597.6292953503657,0.5019834240624402,1160.4414813019123,-1096.6092831145406,-388.4781622950588,771.9633190068535
14,597.6292953503657,0.5019834240624402,1082.833528914271,-1073.492200497177,-380.28884463096745,702.5446842833036
14,597.6292953503657,0.5019834240624402,1061.6596874841337,-1022.5128512334554,-362.229209151026,699.4304783331077
14,597.6292953503657,0.5019834240624402,1084.5499295282477,-1056.2127923871192,-374.1675461780886,710.3823833501591
14,597.6292953503657,0.5019834240624402,1108.9942975240588,-1081.5074450765192,-383.12827662600284,725.8660208980559
14,597.6292953503657,0.5019834240624402,1137.3227104524453,-1059.84654171828,-375.45481620593387,761.8678942465115
14,597.6292953503657,0.5019834240624402,1088.0201479740629,-995.7117209353645,-352.73480307043724,735.2853449036256
14,597.6292953503657,0.5019834240624402,1196.539796871508,-1122.5352316180813,-397.6625317742289,798.8772650972792
14,597.6292953503657,0.5019834240624402,1061.4185164163416,-1046.8771524882352,-370.8603589350019,690.5581574813398
14,597.6292953503657,0.5019834240624402,1086.176330988824,-1058.8070868018406,-375.08658520338383,711.0897457854402
14,597.6292953503657,0.5019834240624402,1053.5316357214717,-1047.8074004694502,-371.1899029501635,682.3417327713082
14,597.6292953503657,0.5019834240624402,1066.677615031926,-1062.9378268837017,-376.5499161642183,690.1276988677077
14,597.6292953503657,0.5019834240624402,1098.8226483579203,-1049.8517650392084,-371.9141271595968,726.9085211983236
14,597.6292953503657,0.5019834240624402,1149.6486371202182,-1090.146241873765,-386.1886044527954,763.4600326674228
14,597.6292953503657,0.5019834240624402,1122.0129699508498,-1043.1274430757358,-369.5320095911307,752.4809603597191
14,597.6292953503657,0.5019834240624402,1088.7176009530442,-1033.7662771738867,-366.21577966084874,722.5018212921955
14,597.6292953503657,0.5019834240624402,1110.5531679726228,-1046.5239222997802,-370.7352257480126,739.8179422246101
14,597.6292953503657,0.5019834240624402,1071.1932251595692,-1075.8724375444854,-381.13205298986327,690.061172169706
14,597.6292953503657,0.5019834240624402,1170.409838452307,-1122.1884733912534,-397.53969130516396,772.870147147143
14,597.6292953503657,0.5019834240624402,1046.1602309598925,-1051.2365048246536,-372.4046766883941,673.7555542714983
14,597.6292953503657,0.5019834240624402,1102.5339113091397,-1025.426803976357,-363.26148839943977,739.2724229097
14,597.6292953503657,0.5019834240624402,1059.1448507682012,-1072.3274799589979,-379.8762377880142,679.2686129801871
14,597.6292953503657,0.5019834240624402,1081.8250344759103,-1017.0241614369229,-360.28481914959474,721.5402153263155
14,597.6292953503657,0.5019834240624402,1077.0421800207712,-1100.3453705151571,-389.8016859875111,687.2404940332601
14,597.6292953503657,0.5019834240624402,1091.2255608519633,-1063.7386092601248,-376.8335964784206,714.3919643735428
14,597.6292953503657,0.5019834240624402,1186.727271330879,-1111.0022371571067,-393.5769230137106,793.1503483171683
14,597.6292953503657,0.5019834240624402,1107.826311797982,-1128.7770166847454,-399.8737087444362,707.9526030535458
14,597.6292953503657,0.5019834240624402,1116.2766832010782,-1053.9166898031535,-373.3541427845604,742.9225404165178
14,597.6292953503657,0.5019834240624402,1181.3368827168786,-1144.315206551095,-405.37817376914154,775.958708947737
14,597.6292953503657,0.5019834240624402,1137.3831771283492,-1034.0376221339034,-366.31190468280363,771.0712724455456
14,597.6292953503657,0.5019834240624402,1189.3329577515415,-1134.52699973885,-401.9106629125991,787.4222948389424
14,597.6292953503657,0.5019834240624402,1101.13618559754,-1049.9689050030918,-371.95562445366625,729.1805611438737
14,597.6292953503657,0.5019834240624402,1093.5694690027115,-1050.9432809071707,-372.30080095949165,721.2686680432198
14,597.6292953503657,0.5019834240624402,1092.9366868588072,-1050.35218665964,-372.0914034917156,720.8452833670916
14,597.6292953503657,0.5019834240624402,1138.3657300478055,-1144.6025303567358,-405.47995936016076,732.8857706876447
14,597.6292953503657,0.5019834240624402,1067.3234451125181,-1099.5602100401377,-389.5235397934756,677.7999053190425
14,597.6292953503657,0.5019834240624402,1127.642407426287,-1115.6152996627359,-395.21111859488354,732.4312888314034
14,597.6292953503657,0.5019834240624402,1069.8073194770839,-1073.439312799987,-380.2701089557103,689.5372105213735
14,597.6292953503657,0.5019834240624402,1119.3466511217675,-1117.8514061829937,-396.0032681462886,723.343382975479
14,597.6292953503657,0.5019834240624402,1057.2470990543172,-1023.061171227986,-362.42345367102484,694.8236453832924
14,597.6292953503657,0.5019834240624402,1093.2155682224766,-1064.389105081692,-377.0640371880098,716.1515310344668
14,597.6292953503657,0.5019834240624402,1123.9814108238068,-1027.4964334342155,-363.9946627950979,759.9867480287089
14,597.6292953503657,0.5019834240624402,1120.4396486255669,-1125.987112148589,-398.8853740623638,721.5542745632031
14,597.6292953503657,0.5019834240624402,1177.9431145336127,-1167.4602331836425,-413.5773907107905,764.3657238228222
14,597.6292953503657,0.5019834240624402,1114.2395859187225,-1071.181606676423,-379.4703076596703,734.7692782590522
14,597.6292953503657,0.5019834240624402,1156.9415097387978,-1122.8377220846235,-397.7696902146721,759.1718195241257
14,597.6292953503657,0.5019834240624402,1057.5149742338017,-1016.8026011854759,-360.20633055694367,697.3086436768581
14,597.6292953503657,0.5019834240624402,1124.989670464692,-1034.4774849097048,-366.4677278054385,758.5219426592535
14,597.6292953503657,0.5019834240624402,1115.4263867768702,-1115.4908104045103,-395.1670177843163,720.259368992554
14,597.6292953503657,0.5019834240624402,1059.7876773631458,-1029.6539537021454,-364.75897285676297,695.0287045063828
14,597.6292953503657,0.5019834240624402,1066.4605386149794,-1027.6471314133669,-364.04804814838985,702.4124904665896
14,597.6292953503657,0.5019834240624402,1088.0206688528283,-993.3326023653724,-351.89199093654065,736.1286779162876
14,597.6292953503657,0.5019834240624402,1097.8809749877717,-1040.6169384456896,-368.6426534274261,729.2383215603455
14,597.6292953503657,0.5019834240624402,1088.835167913108,-999.7638990042707,-354.17030312842513,734.664864784683
14,597.6292953503657,0.5019834240624402,1092.8902040351932,-1058.1295158162363,-374.84655301018154,718.0436510250116
14,597.6292953503657,0.5019834240624402,1110.272623917489,-1027.5378947899403,-364.0093506438388,746.2632732736502
14,597.6292953503657,0.5019834240624402,1098.971478346453,-1004.3550299210636,-355.79672935778024,743.1747489886728
14,597.6292953503657,0.5019834240624402,1080.705286638207,-1031.7807425615033,-365.51239619577245,715.1928904424346
14,597.6292953503657,0.5019834240624402,1133.135161818762,-1124.661251514812,-398.4156827051958,734.7194791135662
14,597.6292953503657,0.5019834240624402,1113.0996581468914,-1122.8024592560175,-397.75719821860287,715.3424599282886
14,597.6292953503657,0.5019834240624402,1072.6510359947283,-1079.6417156150076,-382.4673346079951,690.1837013867332
14,597.6292953503657,0.5019834240624402,1099.4674535143506,-1049.8678240729525,-371.9198161356188,727.5476373787318
14,597.6292953503657,0.5019834240624402,1097.7346508298729,-1055.44317071052,-373.8949046646605,723.8397461652123
14,597.6292953503657,0.5019834240624402,1115.8863730038547,-1037.4064865432158,-367.505338182686,748.3810348211687
14,597.6292953503657,0.5019834240624402,1081.527975026515,-1042.9187471559394,-369.4580782386888,712.0698967878261
14,597.6292953503657,0.5019834240624402,1171.5447466816554,-1062.551945088534,-376.4132160168111,795.1315306648444
14,597.6292953503657,0.5019834240624402,1126.3068798487282,-1107.7500107037406,-392.4248089696066,733.8820708791216
14,597.6292953503657,0.5019834240624402,1069.7090917829194,-1047.5034507433043,-371.08222756125207,698.6268642216673
14,597.6292953503657,0.5019834240624402,1074.5107147068104,-1114.116746067222,-394.6802500751201,679.8304646316903
14,597.6292953503657,0.5019834240624402,1166.569857547896,-1119.845126041824,-396.7095512671918,769.8603062807042
14,597.6292953503657,0.5019834240624402,1211.0778029928344,-1115.312531231213,-395.10386168425,815.9739413085845
14,597.6292953503657,0.5019834240624402,1147.1285542679736,-1115.5442392447178,-395.185945161621,751.9426091063526
14,597.6292953503657,0.5019834240624402,1140.748576729146,-1085.5623355554794,-384.56473756594704,756.1838391631989
14,597.6292953503657,0.5019834240624402,1126.9989293642436,-1038.494845517826,-367.89089364066376,759.1080357235799
14,597.6292953503657,0.5019834240624402,1140.9110831695577,-1014.3746491312221,-359.34621896870493,781.5648642008528
14,597.6292953503657,0.5019834240624402,1153.4623991363812,-1080.1493328167182,-382.64716000315303,770.8152391332283
14,597.6292953503657,0.5019834240624402,1160.7913168650944,-1103.4879478847904,-390.91495641137425,769.87636045372
14,597.6292953503657,0.5019834240624402,1133.5119675117035,-1047.4377863549591,-371.05896569277684,762.4530018189266
14,597.6292953503657,0.5019834240624402,1130.2453817704832,-1062.4760013634,-376.38631265274864,753.8590691177345
14,597.6292953503657,0.5019834240624402,1105.378134512526,-1002.0628715433347,-354.98472321486275,750.3934112976633
14,597.6292953503657,0.5019834240624402,1095.3030222283985,-1126.3628951161588,-399.0184966602764,696.284525568122
14,597.6292953503657,0.5019834240624402,1081.4807031793312,-995.4152140685219,-352.62976434378,728.8509388355512
14,597.6292953503657,0.5019834240624402,1091.338733954579,-1081.0605357324835,-382.9699572287875,708.3687767257916
14,597.6292953503657,0.5019834240624402,1105.1929600489013,-1066.9108131943917,-377.9573622296179,727.2355978192834
14,597.6292953503657,0.5019834240624402,1104.8381941569692,-1059.2144626671402,-375.2308997098829,729.6072944470862
14,597.6292953503657,0.5019834240624402,1110.824801370684,-1092.6250913512072,-387.06674665387897,723.7580547168052
14,597.6292953503657,0.5019834240624402,1123.8545598731641,-1104.0814457780573,-391.1252053801295,732.7293544930346
14,597.6292953503657,0.5019834240624402,1096.1374547024197,-1051.601573650816,-372.534003759469,723.6034509429508
14,597.6292953503657,0.5019834240624402,1115.5632947137392,-1060.9578601484395,-375.8485051415654,739.7147895721738
14,597.6292953503657,0.5019834240624402,1156.0302812428708,-1080.82105788888,-382.8851212584688,773.145159984402
14,597.6292953503657,0.5019834240624402,1111.0048153548025,-1084.7579440637785,-384.2797787084274,726.7250366463752
14,597.6292953503657,0.5019834240624402,1124.2161950588109,-1090.9993649637001,-386.4908266711303,737.7253683876805
14,597.6292953503657,0.5019834240624402,1097.2507159345096,-1075.50492268411,-381.0018594015241,716.2488565329854
14,597.6292953503657,0.5019834240624402,1118.374711351868,-1037.1892829011333,-367.4283929360797,750.9463184157883
14,597.6292953503657,0.5019834240624402,1145.4780247442159,-1095.285573618634,-388.009232986963,757.4687917572528
14,597.6292953503657,0.5019834240624402,1101.647676249356,-1059.6366673960047,-375.3804673997676,726.2672088495883
14,597.6292953503657,0.5019834240624402,1085.4508664410373,-1101.3812320863235,-390.16864403333017,695.2822224077072
14,597.6292953503657,0.5019834240624402,1085.1458595940735,-1066.3130609483053,-377.7456061396021,707.4002534544713
14,597.6292953503657,0.5019834240624402,1104.2480147377414,-1056.50345717225,-374.2705153242651,729.9774994134764
14,597.6292953503657,0.5019834240624402,1147.209981930094,-1121.257291936145,-397.20981660319507,750.0001653268989
14,597.6292953503657,0.5019834240624402,1097.9084527635596,-1082.8904954412837,-383.61822767086295,714.2902250926966
14,597.6292953503657,0.5019834240624402,1104.3230496580175,-1056.042910202975,-374.1073647445378,730.2156849134797
14,597.6292953503657,0.5019834240624402,1129.1213555796935,-1044.2279591042702,-369.9218717333944,759.199483846299
14,597.6292953503657,0.5019834240624402,1094.0548837202316,-1063.2899520214446,-376.67465788263576,717.3802258375958
14,597.6292953503657,0.5019834240624402,1042.996401293382,-976.0703066790944,-345.77675462725733,697.2196466661246
14,597.6292953503657,0.5019834240624402,1159.7744463050926,-1046.9248631142334,-370.877260612377,788.8971856927157
14,597.6292953503657,0.5019834240624402,1135.072842459656,-1077.739875739114,-381.79360033331506,753.2792421263409
14,597.6292953503657,0.5019834240624402,1121.3309278777879,-1061.9082798859752,-376.1851950809376,745.1457327968503
14,597.6292953503657,0.5019834240624402,1068.7624329819328,-1043.1322125868192,-369.5336992092374,699.2287337726954
14,597.6292953503657,0.5019834240624402,1055.4192613714806,-983.3549741289786,-348.35737679363564,707.0618845778449
14,597.6292953503657,0.5019834240624402,1084.9125349970404,-1074.2099367293274,-380.5431055211237,704.3694294759167
14,597.6292953503657,0.5019834240624402,1064.1239613533314,-1068.047007610422,-378.3598635813261,685.7640977720052
14,597.6292953503657,0.5019834240624402,1169.2959904534205,-1108.5541010813824,-392.7096611562836,776.5863292971369
14,597.6292953503657,0.5019834240624402,1099.0554133849687,-1111.5224299562212,-393.76120336383235,705.2942100211363
14,597.6292953503657,0.5019834240624402,1141.23458301053,-1090.3174171253202,-386.249243960575,754.9853390499551
14,597.6292953503657,0.5019834240624402,1136.7564676789796,-1130.8665227532933,-400.6139245078013,736.1425431711782
14,597.6292953503657,0.5019834240624402,1125.0638853574392,-1069.640454991628,-378.9243485988218,746.1395367586174
14,597.6292953503657,0.5019834240624402,1148.7826525891455,-1135.0526891860343,-402.09689047197196,746.6857621171736
14,597.6292953503657,0.5019834240624402,1106.4759272298172,-1071.2814928564535,-379.5056927327811,726.9702344970361
14,597.6292953503657,0.5019834240624402,1066.754623512307,-1024.7193405773187,-363.0108667009175,703.7437568113895
14,597.6292953503657,0.5019834240624402,1140.020717860044,-1084.2644466095096,-384.10495528947257,755.9157625705714
14,597.6292953503657,0.5019834240624402,1140.429299446476,-990.1916679696835,-350.7793025426753,789.6499969038008
14,597.6292953503657,0.5019834240624402,1105.2840362529791,-1072.924913810334,-380.0878810854343,725.1961551675449
14,597.6292953503657,0.5019834240624402,1132.0630356951733,-1027.1011631241545,-363.85463672927233,768.208398965901
14,597.6292953503657,0.5019834240624402,1093.3626336955674,-1103.804394870247,-391.0270590036712,702.3355746918962
14,597.6292953503657,0.5019834240624402,1123.438576796536,-1126.0630068538017,-398.9122600609258,724.5263167356102
14,597.6292953503657,0.5019834240624402,1124.779565011604,-1076.9823262894854,-381.52523545389005,743.2543295577141
14,597.6292953503657,0.5019834240624402,1181.1921828348738,-1103.1723801533333,-390.80316529827337,790.3890175366005
14,597.6292953503657,0.5019834240624402,1175.1610111819343,-1066.2143669319682,-377.7106433951803,797.450367786754
14,597.6292953503657,0.5019834240624402,1116.913847135502,-1099.672296535392,-389.5632468763583,727.3506002591437
14,597.6292953503657,0.5019834240624402,1144.38675957651,-1094.6895524713325,-387.79809014551716,756.5886694309929
14,597.6292953503657,0.5019834240624402,1094.3882778096395,-1069.55662342341,-378.8946509352463,715.4936268743932
14,597.6292953503657,0.5019834240624402,1103.9041691321245,-1042.2530573962815,-369.22225501662376,734.6819141155007
14,597.6292953503657,0.5019834240624402,1127.5355633864701,-1115.0015186964085,-394.99368426752375,732.5418791189463
14,597.6292953503657,0.5019834240624402,1081.8317234116323,-1059.0309295664745,-375.165882385331,706.6658410263013
14,597.6292953503657,0.5019834240624402,1188.3621510443877,-1127.5132563554937,-399.42601666499775,788.93613437939
14,597.6292953503657,0.5019834240624402,1118.6581358103308,-1130.2861543215902,-400.4083267025723,718.2498091077584
14,597.6292953503657,0.5019834240624402,1130.8714541925692,-1120.7005087803398,-397.0125739749458,733.8588802176234
14,597.6292953503657,0.5019834240624402,1081.7384964625253,-1038.7516377629547,-367.9818633059906,713.7566331565347
14,597.6292953503657,0.5019834240624402,1096.7509921900014,-1048.9968747923172,-371.6112789189426,725.1397132710588
14,597.6292953503657,0.5019834240624402,1138.3649140759787,-1087.0395158929066,-385.088034524762,753.2768795512168
14,597.6292953503657,0.5019834240624402,1071.9905654763793,-1065.68054804688,-377.52153595037686,694.4690295260025
14,597.6292953503657,0.5019834240624402,1139.3148421872734,-1055.9833353321696,-374.086260111661,765.2285820756124
14,597.6292953503657,0.5019834240624402,1222.1524653879897,-1138.2028074123677,-403.21283227405354,818.9396331139361
15,629.7664136708916,0.4763670997494262,1099.3223722929229,-1123.6631459033624,-387.7725128953758,711.549859397547
15,629.7664136708916,0.4763670997494262,1128.1783535324423,-1060.0032328699676,-365.80368305730656,762.3746704751358
15,629.7664136708916,0.4763670997494262,1139.6694623904318,-1107.6321646567235,-382.24027318025173,757.4291892101801
15,629.7664136708916,0.4763670997494262,1170.3141755861236,-1086.9227371095067,-375.0935167970006,795.220658789123
15,629.7664136708916,0.4763670997494262,1123.7624655184707,-1084.3621013979548,-374.209849705045,749.5526158134257
15,629.7664136708916,0.4763670997494262,1132.0147214948393,-1084.9799948141142,-374.42308272203866,757.5916387728006
15,629.7664136708916,0.4763670997494262,1163.3314444654866,-1099.9172611795923,-379.5778849734486,783.753559492038
15,629.7664136708916,0.4763670997494262,1112.1555792262618,-1035.7792534644434,-357.4440662089189,754.7115130173429
15,629.7664136708916,0.4763670997494262,1079.6014008188408,-1040.7285353644884,-359.15204736537584,720.4493534534649
15,629.7664136708916,0.4763670997494262,1175.4248118492328,-1106.8702933861846,-381.97735387195485,793.447457977278
15,629.7664136708916,0.4763670997494262,1142.690764016602,-1072.1647019250584,-370.00056664576005,772.690197370842
15,629.7664136708916,0.4763670997494262,1098.1304886987787,-1047.5491494707376,-361.5058192062629,736.6246694925157
15,629.7664136708916,0.4763670997494262,1144.801817382905,-1113.7249350202105,-384.3428685024864,760.4589488804186
15,629.7664136708916,0.4763670997494262,1126.7972053525452,-1031.967629164222,-356.12868700608703,770.6685183464582
15,629.7664136708916,0.4763670997494262,1202.9606455399946,-1127.9571575879775,-389.25436242244797,813.7062831175467
15,629.7664136708916,0.4763670997494262,1153.1319053740267,-1078.120745387722,-372.05597795728295,781.0759274167438
15,629.7664136708916,0.4763670997494262,1137.8769819693287,-1049.3135854970415,-362.1147203651711,775.7622616041576
15,629.7664136708916,0.4763670997494262,1116.9436297153056,-1041.247353709556,-359.33108989617034,757.6125398191352
15,629.7664136708916,0.4763670997494262,1128.3523739313557,-1148.4587960783035,-396.32941147504897,732.0229624563067
15,629.7664136708916,0.4763670997494262,1096.8191919908586,-1079.0530615533226,-372.3777172469143,724.4414747439444
15,629.7664136708916,0.4763670997494262,1164.1235266729186,-994.2230702013278,-343.1031619361139,821.0203647368047
15,629.7664136708916,0.4763670997494262,1136.525401400872,-1077.9228951914513,-371.9877004952478,764.5377009056242
15,629.7664136708916,0.4763670997494262,1184.4942689631475,-1101.0065013456656,-379.9537782274765,804.540490735671
15,629.7664136708916,0.4763670997494262,1134.4490329176094,-1084.6022948249083,-374.29273967886877,760.1562932387407
15,629.7664136708916,0.4763670997494262,1216.2399956675047,-1159.254516170773,-400.0549795192038,816.1850161483009
15,629.7664136708916,0.4763670997494262,1195.4290707309597,-1077.7907710398094,-371.9421048783735,823.4869658525861
15,629.7664136708916,0.4763670997494262,1142.483946824657,-1078.7846725508216,-372.2850970712748,770.1988497533823
15,629.7664136708916,0.4763670997494262,1119.5253172812015,-1091.8242140974517,-376.7850006330983,742.7403166481032
15,629.7664136708916,0.4763670997494262,1086.96562264053,-1019.7841159924078,-351.92419606433765,735.0414265761924
15,629.7664136708916,0.4763670997494262,1085.7199763203546,-1011.3639481775443,-349.01842341843906,736.7015529019155
15,629.7664136708916,0.4763670997494262,1087.202475526306,-1014.7040154447469,-350.1710698162182,737.0314057100877
15,629.7664136708916,0.4763670997494262,1137.9494971022975,-1064.4290328962816,-367.3310123143291,770.6184847879684
15,629.7664136708916,0.4763670997494262,1167.5245364112516,-991.4064671292412,-342.13116133693626,825.3933750743154
15,629.7664136708916,0.4763670997494262,1146.1255233464633,-1058.876709770793,-365.4149235837986,780.7105997626647
15,629.7664136708916,0.4763670997494262,1099.6543454046289,-1060.5614704423301,-365.99632903578936,733.6580163688395
15,629.7664136708916,0.4763670997494262,1098.561321218962,-1040.7282881421536,-359.1519620497487,739.4093591692132
15,629.7664136708916,0.4763670997494262,1267.523634613213,-1116.0509340704716,-385.14556324245393,882.3780713707591
15,629.7664136708916,0.4763670997494262,1220.7922986584624,-1172.965534797384,-404.786607646886,816.0056910115763
15,629.7664136708916,0.4763670997494262,1074.6953362112058,-1058.0479482702144,-365.1289206737255,709.5664155374803
15,629.7664136708916,0.4763670997494262,1209.9988381221258,-1075.8425946214334,-371.26979550516734,838.7290426169584
15,629.7664136708916,0.4763670997494262,1072.763933120366,-987.5664786184775,-340.805993736898,731.9579393834679
15,629.7664136708916,0.4763670997494262,1181.7260881782474,-1112.9793587819809,-384.0855725570712,797.6405156211763
15,629.7664136708916,0.4763670997494262,1150.006082804881,-1001.9162777444931,-345.7580629463633,804.2480198585179
15,629.7664136708916,0.4763670997494262,1198.5601646562698,-1082.15981921,-373.4498492536273,825.1103154026425
15,629.7664136708916,0.4763670997494262,1090.7041446324963,-1001.5935756261358,-345.6466994903238,745.0574451421726
15,629.7664136708916,0.4763670997494262,1169.8983355525231,-1055.538096313975,-364.26277889127533,805.6355566612478
15,629.7664136708916,0.4763670997494262,1089.210033255512,-1001.258619967005,-345.53110737704384,743.6789258784681
15,629.7664136708916,0.4763670997494262,1178.923249438388,-1110.671299704249,-383.28906884352847,795.6341805948596
15,629.7664136708916,0.4763670997494262,1117.1235561560397,-1064.2279942218656,-367.2616345188112,749.8619216372285
15,629.7664136708916,0.4763670997494262,1222.7947617059276,-1137.185295039755,-392.4389627735993,830.3557989323283
15,629.7664136708916,0.4763670997494262,1200.3284677036231,-1081.74682724505,-373.30732706391404,827.0211406397091
15,629.7664136708916,0.4763670997494262,1158.791117866841,-1079.8520313304414,-372.653439129696,786.137678737145
15,629.7664136708916,0.4763670997494262,1121.3646630121414,-1026.0494837637602,-354.08635419310485,767.2783088190365
15,629.7664136708916,0.4763670997494262,1106.968796286151,-1033.8129700766215,-356.76550817919275,750.2032881069583
15,629.7664136708916,0.4763670997494262,1107.2521485167886,-1028.265633540495,-354.8511403045031,752.4010082122854
15,629.7664136708916,0.4763670997494262,1152.1138529607374,-1072.1463541936605,-369.9942349030701,782.1196180576674
15,629.7664136708916,0.4763670997494262,1052.0659196184463,-1033.6066460772433,-356.6943064351459,695.3716131833004
15,629.7664136708916,0.4763670997494262,1130.121121658589,-1045.0683841682694,-360.6497151338379,769.471406524751
15,629.7664136708916,0.4763670997494262,1069.4044571566417,-994.0217115794887,-343.03367372777643,726.3707834288653
15,629.7664136708916,0.4763670997494262,1112.545906605784,-1006.163565677259,-347.22378825797773,765.3221183478063
15,629.7664136708916,0.4763670997494262,1148.1603955278624,-1029.672602092208,-355.33668059551616,792.8237149323463
15,629.7664136708916,0.4763670997494262,1221.0704491126626,-1102.5673266092251,-380.4924139715139,840.5780351411487
15,629.7664136708916,0.4763670997494262,1050.2373511895864,-959.2431742615678,-331.0317131226222,719.2056380669642
15,629.7664136708916,0.4763670997494262,1211.9102897578935,-1133.6817526250654,-391.2299016318036,820.6803881260898
15,629.7664136708916,0.4763670997494262,1189.8121354636767,-1086.9158109615987,-375.0911266057864,814.7210088578902
15,629.7664136708916,0.4763670997494262,1144.0653033647945,-1011.6928123604423,-349.13191338299697,794.9333899817975
15,629.7664136708916,0.4763670997494262,1173.7553167854858,-1041.6501813303596,-359.4701044036339,814.2852123818518
15,629.7664136708916,0.4763670997494262,1221.1122160022614,-1125.256107351211,-388.32223873254486,832.7899772697166
15,629.7664136708916,0.4763670997494262,1184.8990050835164,-1032.4176409556467,-356.2839846180355,828.6150204654809
15,629.7664136708916,0.4763670997494262,1162.725200790586,-1113.5545768253485,-384.28407844111007,778.441122349476
15,629.7664136708916,0.4763670997494262,1138.942103212028,-1038.508104559771,-358.38578388508404,780.556319326944
15,629.7664136708916,0.4763670997494262,1111.536917782975,-1008.0668230866006,-347.88059622662723,763.6563215563478
15,629.7664136708916,0.4763670997494262,1161.905695171065,-1080.5398607113204,-372.890806821641,789.0148883494239
15,629.7664136708916,0.4763670997494262,1180.2697419051522,-1154.4177316055445,-398.38582082869215,781.88392107646
15,629.7664136708916,0.4763670997494262,1141.1703223358904,-1023.0008766139301,-353.03428973799623,788.1360325978942
15,629.7664136708916,0.4763670997494262,1182.0599390777043,-1109.9646727223228,-383.0452141603344,799.0147249173699
15,629.7664136708916,0.4763670997494262,1175.0121866288334,-1095.1596095727703,-377.93603481062695,797.0761518182064
15,629.7664136708916,0.4763670997494262,1212.5522997098997,-1145.6801904542713,-395.3705236721479,817.1817760377518
15,629.7664136708916,0.4763670997494262,1081.5751714392784,-982.2767729451863,-338.98053343868736,742.594638000591
15,629.7664136708916,0.4763670997494262,1127.307437447089,-1055.1335408853033,-364.12316812291164,763.1842693241772
15,629.7664136708916,0.4763670997494262,1181.800994081515,-1091.070425324804,-376.52487056865016,805.2761235128648
15,629.7664136708916,0.4763670997494262,1147.454472821778,-1042.8115876918403,-359.87090197800126,787.5835708437767
15,629.7664136708916,0.4763670997494262,1127.059800982972,-1032.1501249674898,-356.191665716819,770.8681352661531
15,629.7664136708916,0.4763670997494262,1236.3128580883454,-1115.9801502639255,-385.1211359800339,851.1917221083115
15,629.7664136708916,0.4763670997494262,1118.7609754465886,-1032.6650529127505,-356.36936568323847,762.3916097633502
15,629.7664136708916,0.4763670997494262,1069.000770937582,-1051.5902942553976,-362.9004051850189,706.1003657525632
15,629.7664136708916,0.4763670997494262,1167.2725664588243,-1135.2251227450936,-391.7625136623333,775.510052796491
15,629.7664136708916,0.4763670997494262,1206.1020572132436,-1124.9584359003247,-388.21951327879276,817.8825439344508
15,629.7664136708916,0.4763670997494262,1182.6547862996251,-1126.2321047896585,-388.6590522879827,793.9957340116424
15,629.7664136708916,0.4763670997494262,1127.5742644737913,-1025.8109005239644,-354.00401988965484,773.5702445841365
15,629.7664136708916,0.4763670997494262,1175.0876558390944,-1095.3601113353814,-378.0052273196197,797.0824285194747
15,629.7664136708916,0.4763670997494262,1142.9150350670054,-1062.5045040580505,-366.66686364445303,776.2481714225523
15,629.7664136708916,0.4763670997494262,1174.4789512803986,-1062.8403391137228,-366.7827592346316,807.696192045767
15,629.7664136708916,0.4763670997494262,1141.3313543325005,-1012.8877183273477,-349.5442715627147,791.7870827697858
15,629.7664136708916,0.4763670997494262,1132.277681328846,-1077.1610122392442,-371.724777155645,760.5529041732011
15,629.7664136708916,0.4763670997494262,1156.8069347840278,-1115.0377584878765,-384.7959196298646,772.0110151541633
15,629.7664136708916,0.4763670997494262,1225.7793593895783,-1106.1213017475222,-381.7188792829104,844.0604801066679
15,629.7664136708916,0.4763670997494262,1146.1747885745192,-1114.6611517287895,-384.6659538568685,761.5088347176506
15,629.7664136708916,0.4763670997494262,1179.4502646109345,-1114.0871047514815,-384.46785210393455,794.9824125069999
15,629.7664136708916,0.4763670997494262,1166.5066297106116,-1125.4214710929311,-388.37930522431543,778.1273244862962
15,629.7664136708916,0.4763670997494262,1084.35216284394,-1034.5836805136755,-357.03147785523015,727.3206849887099
15,629.7664136708916,0.4763670997494262,1155.8961218987135,-1067.1382922910457,-368.2659689580735,787.6301529406401
15,629.7664136708916,0.4763670997494262,1140.781245741384,-1042.1088228886183,-359.6283801201711,781.152865621213
15,629.7664136708916,0.4763670997494262,1089.7910725757072,-1032.9928795275932,-356.4824975864205,733.3085749892866
15,629.7664136708916,0.4763670997494262,1203.396730799337,-1128.6731631128673,-389.5014536104483,813.8952771888887
15,629.7664136708916,0.4763670997494262,1086.442058664299,-1029.5623923490577,-355.2986475700469,731.1434110942522
15,629.7664136708916,0.4763670997494262,1143.0344202673355,-1033.936898429146,-356.808275452332,786.2261448150034
15,629.7664136708916,0.4763670997494262,1133.681790480012,-1064.70832473379,-367.4273950230231,766.254395456989
15,629.7664136708916,0.4763670997494262,1226.5873535874975,-1070.9456087524238,-369.5798615396706,857.0074920478269
15,629.7664136708916,0.4763670997494262,1212.231309824124,-1146.7526183354646,-395.7406150611069,816.4906947630172
15,629.7664136708916,0.4763670997494262,1090.2513837183374,-1111.1691686546726,-383.46088180607177,706.7905019122657
15,629.7664136708916,0.4763670997494262,1165.7184363676333,-1155.0154843430155,-398.592103362692,767.1263330049413
15,629.7664136708916,0.4763670997494262,1128.583605608894,-1012.7927910069753,-349.51151245185713,779.0720931570369
15,629.7664136708916,0.4763670997494262,1140.967487718572,-1025.4418819854045,-353.8766727869898,787.0908149315824
15,629.7664136708916,0.4763670997494262,1084.6169228904473,-1073.2208990510874,-370.3650568536719,714.2518660367755
15,629.7664136708916,0.4763670997494262,1122.150932470339,-1037.9106752954185,-358.1796129806099,763.9713194897292
15,629.7664136708916,0.4763670997494262,1176.5032987629888,-1021.2222471458774,-352.4204904683031,824.0828082946857
15,629.7664136708916,0.4763670997494262,1219.866385404038,-1135.9732429792073,-392.02068753248983,827.8456978715483
15,629.7664136708916,0.4763670997494262,1150.2413269331712,-1082.114941399872,-373.4343620666798,776.8069648664914
15,629.7664136708916,0.4763670997494262,1095.7912316465704,-1051.6079070502328,-362.906483303481,732.8847483430893
15,629.7664136708916,0.4763670997494262,1138.6102100630433,-1121.2774102132869,-386.94920323445336,751.66100682859
15,629.7664136708916,0.4763670997494262,1126.736271554348,-1026.7119881581307,-354.31498231421557,772.4212892401324
15,629.7664136708916,0.4763670997494262,1139.5115496194808,-1027.236136560205,-354.4958642304228,785.015685389058
15,629.7664136708916,0.4763670997494262,1148.3881068785058,-1091.0561881130786,-376.519957352988,771.8681495255178
15,629.7664136708916,0.4763670997494262,1151.5939470739245,-1067.9306871231067,-368.53942184860733,783.0545252253171
15,629.7664136708916,0.4763670997494262,1152.486117376466,-1069.0758768045894,-368.93462309922177,783.5514942772442
15,629.7664136708916,0.4763670997494262,1147.4965837687814,-1081.5880622534014,-373.2525377794244,774.244045989357
15,629.7664136708916,0.4763670997494262,1158.7201127797255,-1099.4114611216544,-379.4033350113854,779.31677776834
15,629.7664136708916,0.4763670997494262,1148.0675351089176,-1053.333258463354,-363.5018964889475,784.5656386199701
15,629.7664136708916,0.4763670997494262,1154.6435225767343,-1101.8608251328656,-380.24860259988435,774.3949199768499
15,629.7664136708916,0.4763670997494262,1210.4991397363744,-1117.8558035000474,-385.7684178378958,824.7307218984786
15,629.7664136708916,0.4763670997494262,1150.1677768676764,-1036.666837562216,-357.75036860679865,792.4174082608777
15,629.7664136708916,0.4763670997494262,1173.316803332362,-1133.4535972848423,-391.15116596272753,782.1656373696345
15,629.7664136708916,0.4763670997494262,1157.4507703836964,-1083.6773621418445,-373.9735484051509,783.4772219785455
15,629.7664136708916,0.4763670997494262,1137.4238494553304,-1044.794384522349,-360.55515874332326,776.868690712007
15,629.7664136708916,0.4763670997494262,1125.2169190679135,-1083.502223551818,-373.9131086448836,751.30381042303
15,629.7664136708916,0.4763670997494262,1183.5845009917662,-1094.3634376238203,-377.6612784492862,805.92322254248
15,629.7664136708916,0.4763670997494262,1225.3434282273668,-1137.9455832401989,-392.70133576953293,832.6420924578338
15,629.7664136708916,0.4763670997494262,1122.014325136509,-1044.0684534776763,-360.3046422905876,761.7096828459213
15,629.7664136708916,0.4763670997494262,1205.3721037417681,-1104.6232097601978,-381.2018925893527,824.1702111524154
15,629.7664136708916,0.4763670997494262,1104.0040537696193,-996.1009887129331,-343.75122553320955,760.2528282364098
15,629.7664136708916,0.4763670997494262,1250.1375294990762,-1156.8950134694742,-399.2407227777579,850.8968067213183
15,629.7664136708916,0.4763670997494262,1153.858327216446,-1039.499988644535,-358.7280798707201,795.1302473457259
15,629.7664136708916,0.4763670997494262,1149.75339024404,-1015.1215985840539,-350.3151764053345,799.4382138387055
15,629.7664136708916,0.4763670997494262,1199.3281149844875,-1104.2598180056214,-381.0764872716191,818.2516277128684
15,629.7664136708916,0.4763670997494262,1149.3117413006587,-1031.6746628046621,-356.02758526411526,793.2841560365434
15,629.7664136708916,0.4763670997494262,1130.22341890291,-1083.053697816528,-373.758323866095,756.465095036815
15,629.7664136708916,0.4763670997494262,1231.295863438645,-1074.4161753817086,-370.7775428447086,860.5183205939364
15,629.7664136708916,0.4763670997494262,1172.76212197243,-1092.9895874586296,-377.18716720621484,795.5749547662151
15,629.7664136708916,0.4763670997494262,1117.114448749775,-1056.93117060859,-364.74352431915753,752.3709244306174
15,629.7664136708916,0.4763670997494262,1173.7047701224858,-1067.9998656072446,-368.56329511946274,805.1414750030231
15,629.7664136708916,0.4763670997494262,1176.7307281636554,-1119.9591958981969,-386.49429174308625,790.2364364205691
15,629.7664136708916,0.4763670997494262,1095.0975103498654,-1079.83202783231,-372.64653598726807,722.4509743625973
15,629.7664136708916,0.4763670997494262,1110.8927779534135,-1071.237675870915,-369.6806529564616,741.212124996952
15,629.7664136708916,0.4763670997494262,1140.3354824054595,-1050.4266785899686,-362.49884518701333,777.8366372184462
15,629.7664136708916,0.4763670997494262,1080.7275009809575,-972.7187850560838,-335.6821027697691,745.0453982111885
15,629.7664136708916,0.4763670997494262,1200.239233756942,-1064.9184974210364,-367.4999249367901,832.7393088201519
15,629.7664136708916,0.4763670997494262,1255.9309124868516,-1136.8433802461952,-392.3209690855638,863.6099434012879
15,629.7664136708916,0.4763670997494262,1223.5375085682078,-1124.1096254642334,-387.92659154599863,835.6109170222092
15,629.7664136708916,0.4763670997494262,1124.2296536736974,-1045.8933537078508,-360.93440945045046,763.295244223247
15,629.7664136708916,0.4763670997494262,1157.1889786701747,-1031.3682626066784,-355.92184754800616,801.2671311221686
15,629.7664136708916,0.4763670997494262,1201.983345576637,-1115.0406851876814,-384.79692962448974,817.1864159521473
15,629.7664136708916,0.4763670997494262,1115.018115038902,-1023.109208148171,-353.07167459965297,761.9464404392489
15,629.7664136708916,0.4763670997494262,1262.4707443559519,-1137.957938468184,-392.7055995187007,869.7651448372512
15,629.7664136708916,0.4763670997494262,1110.7628406605877,-1072.4441898138289,-370.09701701110976,740.6658236494779
15,629.7664136708916,0.4763670997494262,1205.135957629624,-1046.0594010225054,-360.9917118410271,844.1442457885969
15,629.7664136708916,0.4763670997494262,1210.859226904559,-1079.2613135011136,-372.4495843197152,838.4096425848437
15,629.7664136708916,0.4763670997494262,1163.8404390082235,-1042.5417472649679,-359.77778092051125,804.0626580877122
15,629.7664136708916,0.4763670997494262,1148.8112767545701,-998.9919808891503,-344.74889757132854,804.0623791832415
15,629.7664136708916,0.4763670997494262,1207.0040214619628,-1087.9025760985394,-375.4316560591053,831.5723654028575
15,629.7664136708916,0.4763670997494262,1137.459503979822,-1022.1473168172629,-352.73972901624717,784.719774963575
15,629.7664136708916,0.4763670997494262,1189.1929824180586,-1124.1301617074803,-387.93367853704063,801.259303881018
15,629.7664136708916,0.4763670997494262,1171.9433184217096,-1015.3815778755361,-350.40489441693467,821.5384240047749
15,629.7664136708916,0.4763670997494262,1150.3012175690524,-1099.9297550304716,-379.58219656092825,770.7190210081242
15,629.7664136708916,0.4763670997494262,1161.5860435729867,-1015.302636438197,-350.3776519825449,811.2083915904418
15,629.7664136708916,0.4763670997494262,1225.1605939028036,-1125.1097917095997,-388.2717456784384,836.8888482243652
15,629.7664136708916,0.4763670997494262,1143.1805330666452,-1056.6987627462784,-364.66332111847964,778.5172119481656
15,629.7664136708916,0.4763670997494262,1184.2785253452334,-1071.322566447126,-369.7099484194111,814.5685769258223
15,629.7664136708916,0.4763670997494262,1134.0966577377303,-1036.476086772072,-357.6845411268278,776.4121166109026
15,629.7664136708916,0.4763670997494262,1137.655046247397,-1063.6809047558454,-367.0728357157262,770.5822105316707
15,629.7664136708916,0.4763670997494262,1214.9124574733942,-1138.1431938353458,-392.76953054599613,822.1429269273981
15,629.7664136708916,0.4763670997494262,1144.4807415420426,-1063.8465456933397,-367.12999786686083,777.3507436751818
15,629.7664136708916,0.4763670997494262,1044.6528038745378,-1010.2397625552533,-348.6304706006342,696.0223332739035
15,629.7664136708916,0.4763670997494262,1149.5146032304226,-1025.7390714706817,-353.97923191597084,795.5353713144518
15,629.7664136708916,0.4763670997494262,1162.7890148789313,-1006.3286308400834,-347.2807517111383,815.5082631677931
15,629.7664136708916,0.4763670997494262,1111.1673360829204,-1038.280322995062,-358.3071772047275,752.8601588781929
15,629.7664136708916,0.4763670997494262,1090.715271064715,-1025.9408879971504,-354.0488781457132,736.6663929190017
15,629.7664136708916,0.4763670997494262,1220.3217349145118,-1141.6301575973646,-393.9728704484418,826.3488644660699
15,629.7664136708916,0.4763670997494262,1249.5712189293656,-1147.1116749207533,-395.86452432595786,853.7066946034078
15,629.7664136708916,0.4763670997494262,1174.0453703942364,-1121.052543791547,-386.8716025604953,787.1737678337411
15,629.7664136708916,0.4763670997494262,1133.0602286370106,-1018.2610000121284,-351.39857367184635,781.6616549651642
15,629.7664136708916,0.4763670997494262,1199.33887438694,-1131.500705760097,-390.4772294215822,808.8616449653578
15,629.7664136708916,0.4763670997494262,1111.7339214960077,-1047.4600413101116,-361.47506826858967,750.2588532274181
15,629.7664136708916,0.4763670997494262,1112.887327385618,-994.7668454555916,-343.29081701545414,769.5965103701637
15,629.7664136708916,0.4763670997494262,1160.3879896773567,-1036.9731210154841,-357.85606603468443,802.5319236426723
15,629.7664136708916,0.4763670997494262,1088.629629147176,-1052.7133560256796,-363.28797016513477,725.3416589820413
15,629.7664136708916,0.4763670997494262,1083.88618931877,-1044.2326848877663,-360.3613180183794,723.5248713003906
15,629.7664136708916,0.4763670997494262,1157.8392642676215,-1092.548478954425,-377.03494208985455,780.804322177767
15,629.7664136708916,0.4763670997494262,1134.612734289656,-1028.352447648919,-354.8810995721903,779.7316347174656
15,629.7664136708916,0.4763670997494262,1070.5979242266537,-954.3323505133359,-329.33700374981703,741.2609204768366
15,629.7664136708916,0.4763670997494262,1121.7633619853025,-1041.8464562059173,-359.5378382275924,762.2255237577101
15,629.7664136708916,0.4763670997494262,1164.3681266402452,-1097.0366401013694,-378.5837919676627,785.7843346725825
15,629.7664136708916,0.4763670997494262,1122.0534305728784,-1022.1909274730734,-352.7547789123431,769.2986516605353
15,629.7664136708916,0.4763670997494262,1115.360347439282,-1106.6802386481888,-381.91176659732633,733.4485808419556
15,629.7664136708916,0.4763670997494262,1147.6442703383982,-1038.457999433651,-358.3684927683153,789.2757775700829
15,629.7664136708916,0.4763670997494262,1181.7424276657057,-1052.739096414068,-363.29685308981254,818.4455745758931
15,629.7664136708916,0.4763670997494262,1240.9495004980902,-1141.2730790700089,-393.849643804978,847.0998566931122
15,629.7664136708916,0.4763670997494262,1235.6939637858327,-1183.8083728888257,-408.52843595990396,827.1655278259287
15,629.7664136708916,0.4763670997494262,1218.897102880632,-1079.910634449306,-372.6736628762418,846.2234400043902
15,629.7664136708916,0.4763670997494262,1079.7617017383166,-1029.4106187082618,-355.2462709780965,724.51543076022
15,629.7664136708916,0.4763670997494262,1103.8059539296019,-1025.7789811825496,-353.99300462829694,749.8129493013049
15,629.7664136708916,0.4763670997494262,1200.1647680154376,-1099.178198572357,-379.32283686099646,820.8419311544412
15,629.7664136708916,0.4763670997494262,1083.148720427691,-1047.5251650830364,-361.4975422717358,721.6511781559551
15,629.7664136708916,0.4763670997494262,1220.9912990867815,-1122.475143369201,-387.3625370679427,833.6287620188389
15,629.7664136708916,0.4763670997494262,1190.4478305194093,-1156.9527313082049,-399.2606410169963,791.187189502413
15,629.7664136708916,0.4763670997494262,1058.4718075080932,-1081.8581160261813,-373.3457324618962,685.126075046197
15,629.7664136708916,0.4763670997494262,1160.3212928016337,-1117.2210894507439,-385.5493800748743,774.7719127267594
15,629.7664136708916,0.4763670997494262,1105.3816729640776,-1056.1661510686286,-364.4795185532779,740.9021544107997
15,629.7664136708916,0.4763670997494262,1161.9672007166455,-1076.240188002789,-371.4070036935474,790.5601970230981
15,629.7664136708916,0.4763670997494262,1179.0146265894525,-1095.9953103132782,-378.2244324299284,800.7901941595242
15,629.7664136708916,0.4763670997494262,1102.6431935091186,-1040.1492673679247,-358.952143855604,743.6910496535147
15,629.7664136708916,0.4763670997494262,1086.649147308584,-986.2535711182868,-340.35291361016766,746.2962336984162
15,629.7664136708916,0.4763670997494262,1205.9275650217412,-1101.868489914316,-380.25124769114205,825.6763173305992
15,629.7664136708916,0.4763670997494262,1165.8214008559157,-1095.0635469008143,-377.90288389361456,787.9185169623012
15,629.7664136708916,0.4763670997494262,1179.3563842892377,-1089.9278691172767,-376.1305781213697,803.225806167868
15,629.7664136708916,0.4763670997494262,1153.640169521552,-1033.951172628682,-356.81320143236775,796.8269680891842
15,629.7664136708916,0.4763670997494262,1209.132257886711,-1108.816080390389,-382.64883866606806,826.4834192206429
15,629.7664136708916,0.4763670997494262,1159.598884063294,-1034.9023073567096,-357.14143494695264,802.4574491163414
15,629.7664136708916,0.4763670997494262,1189.1478801415053,-1119.4857961928246,-386.3309230377715,802.8169571037338
15,629.7664136708916,0.4763670997494262,1090.8439748177811,-1022.4405024631392,-352.8409064332167,738.0030683845645
15,629.7664136708916,0.4763670997494262,1162.488425601463,-1058.2567197639914,-365.2009670401637,797.2874585612992
15,629.7664136708916,0.4763670997494262,1145.9343154403848,-1093.9242850038108,-377.50972830222787,768.424587138157
15,629.7664136708916,0.4763670997494262,1132.838756327777,-1037.174479551862,-357.92555421352955,774.9132021142475
15,629.7664136708916,0.4763670997494262,1169.762132904838,-1131.885194139947,-390.6099151163806,779.1522177884574
15,629.7664136708916,0.4763670997494262,1124.2927217010001,-1027.200990120071,-354.4837353077472,769.8089863932529
15,629.7664136708916,0.4763670997494262,1136.1621217304773,-1132.59859828687,-390.8561085772686,745.3060131532087
15,629.7664136708916,0.4763670997494262,1117.9302579424836,-974.2707584454665,-336.2176837606931,781.7125741817906
15,629.7664136708916,0.4763670997494262,1215.4779095790018,-1145.663433087262,-395.36474075905835,820.1131688199434
15,629.7664136708916,0.4763670997494262,1113.6688188722312,-1056.163448701761,-364.478585975223,749.1902328970082
15,629.7664136708916,0.4763670997494262,1148.2210573137334,-1058.0984634629756,-365.1463533031641,783.0747040105692
15,629.7664136708916,0.4763670997494262,1180.4000123681503,-1091.5079083311261,-376.67584453743166,803.7241678307187
15,629.7664136708916,0.4763670997494262,1118.9214726762136,-1019.4165764440683,-351.7973593564082,767.1241133198055
15,629.7664136708916,0.4763670997494262,1122.273293355678,-1025.757161637145,-353.98547477383596,768.2878185818422
15,629.7664136708916,0.4763670997494262,1098.9835914463729,-1056.4901247503944,-364.59132082173204,734.3922706246408
15,629.7664136708916,0.4763670997494262,1147.6975326410736,-1056.91798314497,-364.73897336816725,782.9585592729063
15,629.7664136708916,0.4763670997494262,1214.7193465807652,-1118.4822166624092,-385.9845909917145,828.7347555890507
15,629.7664136708916,0.4763670997494262,1158.9729797981054,-1044.6484438315345,-360.50479508352254,798.4681847145828
15,629.7664136708916,0.4763670997494262,1163.408922515745,-1034.571471319933,-357.02726450200663,806.3816580137384
15,629.7664136708916,0.4763670997494262,1138.747654106616,-1042.7962334271056,-359.865603270963,778.882050835653
15,629.7664136708916,0.4763670997494262,1128.5306823173178,-1016.8553135871371,-350.91347583861307,777.6172064787047
15,629.7664136708916,0.4763670997494262,1128.9616755531952,-1075.9655412532595,-371.3122239896727,757.6494515635225
15,629.7664136708916,0.4763670997494262,1137.3441681397633,-1109.4959009668773,-382.88344254555267,754.4607255942105
15,629.7664136708916,0.4763670997494262,1154.7874049164686,-1105.065858540403,-381.35464924997297,773.4327556664957
15,629.7664136708916,0.4763670997494262,1182.973963064089,-1116.9167426070605,-385.4443509646849,797.5296120994042
15,629.7664136708916,0.4763670997494262,1123.0340411624902,-1018.0893378373797,-351.3393336112338,771.6947075512564
15,629.7664136708916,0.4763670997494262,1082.5296307358687,-1018.9255937672878,-351.62792282459935,730.9017079112693
15,629.7664136708916,0.4763670997494262,1140.3619815872698,-1096.699454300309,-378.46743023962483,761.894551347645
15,629.7664136708916,0.4763670997494262,1198.8811991527048,-1104.834654003758,-381.2748613130859,817.6063378396188
15,629.7664136708916,0.4763670997494262,1183.2492661824886,-1130.0399905293198,-389.97314132567186,793.2761248568168
15,629.7664136708916,0.4763670997494262,1224.02703123377,-1093.600558929449,-377.3980114822871,846.6290197514829
15,629.7664136708916,0.4763670997494262,1140.4030224338455,-1083.367914428296,-373.86675900128915,766.5362634325563
15,629.7664136708916,0.4763670997494262,1127.7128222001922,-1092.495981465395,-377.0168253763928,750.6959968237995
15,629.7664136708916,0.4763670997494262,1200.722189854322,-1066.3374435432124,-367.98959864858296,832.7325912057391
15,629.7664136708916,0.4763670997494262,1161.4879166653527,-1086.9438176511162,-375.1007916236449,786.3871250417078
15,629.7664136708916,0.4763670997494262,1114.2861186492614,-1037.287926451331,-357.9647043711615,756.3214142781
15,629.7664136708916,0.4763670997494262,1158.808415639647,-1107.117928931713,-382.06281209679906,776.7456035428479
15,629.7664136708916,0.4763670997494262,1158.0907611754114,-1078.0653975885818,-372.0368776110323,786.0538835643791
15,629.7664136708916,0.4763670997494262,1177.9800507499253,-1148.1572265773375,-396.22534081683744,781.754709933088
15,629.7664136708916,0.4763670997494262,1199.2235784848701,-1103.1117656485874,-380.6802981209421,818.543280363928
15,629.7664136708916,0.4763670997494262,1189.962122034169,-1110.0233115550793,-383.06545023162863,806.8966718025404
15,629.7664136708916,0.4763670997494262,1239.4409862684472,-1142.8454322406687,-394.3922577924249,845.0487284760222
15,629.7664136708916,0.4763670997494262,1207.3060093016372,-1062.9410355339037,-366.817509243151,840.4885000584862
15,629.7664136708916,0.4763670997494262,1122.7701594801765,-1050.6779295191027,-362.5855510690322,760.1846084111444
15,629.7664136708916,0.4763670997494262,1194.566157068319,-1105.2362603846113,-381.41345437459734,813.1527026937216
15,629.7664136708916,0.4763670997494262,1089.463383565051,-1044.3764562414956,-360.41093304697694,729.052450518074
15,629.7664136708916,0.4763670997494262,1205.6187514490853,-1071.5721640312383,-369.79608373741695,835.8226677116684
15,629.7664136708916,0.4763670997494262,1215.6530889151468,-1136.362894725211,-392.1551550882273,823.4979338269195
15,629.7664136708916,0.4763670997494262,1187.3093884672157,-1109.7046787932554,-382.955491097351,804.3538973698647
15,629.7664136708916,0.4763670997494262,1168.0334880943753,-1091.4145037070393,-376.64361090413126,791.3898771902441
15,629.7664136708916,0.4763670997494262,1185.7618995616074,-1102.780161589688,-380.56586263404864,805.1960369275587
15,629.7664136708916,0.4763670997494262,1155.1591011243968,-1063.2634262734118,-366.92876524335804,788.2303358810387
15,629.7664136708916,0.4763670997494262,1211.3342733693937,-1082.156141707245,-373.4485801593354,837.8856932100583
15,629.7664136708916,0.4763670997494262,1150.9669914370113,-1064.65107659499,-367.4076388757097,783.5593525613016
15,629.7664136708916,0.4763670997494262,1216.6262917475237,-1114.6590759587245,-384.665237515341,831.9610542321827
15,629.7664136708916,0.4763670997494262,1149.4135888515755,-1042.3093783578968,-359.6975911631607,789.7159976884147
15,629.7664136708916,0.4763670997494262,1139.1718135890692,-1048.5715849211567,-361.8586583692521,777.3131552198171
15,629.7664136708916,0.4763670997494262,1246.784273347968,-1114.3933369765268,-384.57353185312655,862.2107414948416
15,629.7664136708916,0.4763670997494262,1186.90535901826,-1129.207284124249,-389.6857770418333,797.2195819764268
15,629.7664136708916,0.4763670997494262,1190.2130996757091,-1077.5840444384776,-371.8707641976962,818.342335478013
15,629.7664136708916,0.4763670997494262,1035.0986661921556,-1009.4876842929625,-348.3709308277711,686.7277353643846
15,629.7664136708916,0.4763670997494262,1129.5297415788743,-1098.4203334203605,-379.06130005123555,750.4684415276388
15,629.7664136708916,0.4763670997494262,1125.4493769953658,-1039.4041637785033,-358.695011019762,766.7543659756038
15,629.7664136708916,0.4763670997494262,1123.3574475890734,-1030.4305622354204,-355.59825018643807,767.7591974026354
15,629.7664136708916,0.4763670997494262,1178.6532744980314,-1116.7426802771156,-385.38428261828653,793.2689918797448
15,629.7664136708916,0.4763670997494262,1152.4686146070046,-1145.9129266196016,-395.4508401691344,757.0177744378702
15,629.7664136708916,0.4763670997494262,1203.4199599449353,-1176.677826297181,-406.06770742196056,797.3522525229747
15,629.7664136708916,0.4763670997494262,1172.3349722594037,-1122.7870114101975,-387.470161718969,784.8648105404347
15,629.7664136708916,0.4763670997494262,1232.4647381453415,-1083.9336741234788,-374.0620008399984,858.4027373053431
15,629.7664136708916,0.4763670997494262,1086.5865725577355,-1014.8979779229231,-350.2380056393286,736.348566918407
15,629.7664136708916,0.4763670997494262,1166.8917037211024,-1043.029531128196,-359.94611355212186,806.9455901689805
15,629.7664136708916,0.4763670997494262,1216.887268920183,-1083.6690790335313,-373.97068993129517,842.9165789888879
15,629.7664136708916,0.4763670997494262,1118.1320502279973,-1069.5286822219348,-369.0908847824289,749.0411654455684
15,629.7664136708916,0.4763670997494262,1198.6134726250586,-1111.4889330148962,-383.57123145129276,815.0422411737659
15,629.7664136708916,0.4763670997494262,1187.0139424467086,-1112.579323376689,-383.94752163413875,803.0664208125698
15,629.7664136708916,0.4763670997494262,1158.8630939436737,-1080.0641881943257,-372.7266537763953,786.1364401672784
15,629.7664136708916,0.4763670997494262,1133.171487782812,-1082.711638712126,-373.64028037685506,759.5312074059568
15,629.7664136708916,0.4763670997494262,1166.7801485128437,-1126.7988111214008,-388.85462080790313,777.9255277049406
15,629.7664136708916,0.4763670997494262,1173.6235966417855,-1125.7737704428087,-388.50088258910796,785.1227140526776
15,629.7664136708916,0.4763670997494262,1160.4328209090088,-1081.806872172322,-373.32804837387226,787.1047725351366
15,629.7664136708916,0.4763670997494262,1187.8355737861211,-1137.4346559717737,-392.52501642373403,795.310557362387
15,629.7664136708916,0.4763670997494262,1175.8526664987733,-1127.977317405982,-389.2613195103578,786.5913469884155
15,629.7664136708916,0.4763670997494262,1124.0215325741983,-1087.456593133726,-375.2777487821739,748.7437837920245
15,629.7664136708916,0.4763670997494262,1122.2780340972163,-1077.4708303445968,-371.8316943805189,750.4463397166974
15,629.7664136708916,0.4763670997494262,1197.5648030075033,-1097.71964503539,-378.81949475861984,818.7453082488835
15,629.7664136708916,0.4763670997494262,1097.0825687517129,-1069.8307235453663,-369.1951182650453,727.8874504866676
15,629.7664136708916,0.4763670997494262,1158.9453857783167,-1048.365064474874,-361.7873888320147,797.157996946302
15,629.7664136708916,0.4763670997494262,1109.4931439237373,-1016.3387724986346,-350.7352191816847,758.7579247420526
15,629.7664136708916,0.4763670997494262,1214.8711098595977,-1154.6609796993137,-398.46976495814215,816.4013449014556
15,629.7664136708916,0.4763670997494262,1204.0653947261428,-1080.2329466478147,-372.7848917722043,831.2805029539386
15,629.7664136708916,0.4763670997494262,1159.170142974263,-1129.9430598430774,-389.9396908597401,769.2304521145229
15,629.7664136708916,0.4763670997494262,1175.4121769732442,-1014.1770007559227,-349.9891987537355,825.4229782195086
15,629.7664136708916,0.4763670997494262,1161.8700921963066,-1072.8598090985956,-370.2404458803838,791.6296463159229
15,629.7664136708916,0.4763670997494262,1210.7566565200607,-1117.0142079398224,-385.47798593539926,825.2786705846614
15,629.7664136708916,0.4763670997494262,1211.4505188875207,-1154.0300848775541,-398.2520451981782,813.1984736893426
15,629.7664136708916,0.4763670997494262,1162.7646765567558,-1094.814164186846,-377.8168227265996,784.9478538301562
15,629.7664136708916,0.4763670997494262,1125.7357086076427,-1050.9589845800426,-362.6825422604226,763.05316634722
15,629.7664136708916,0.4763670997494262,1158.7693578107094,-1090.6136390753313,-376.367235113167,782.4021226975424
15,629.7664136708916,0.4763670997494262,1160.0075965933117,-1068.4793630608783,-368.7287681379562,791.2788284553556
15,629.7664136708916,0.4763670997494262,1258.2432041771274,-1095.8784929307008,-378.1841191294904,880.0590850476369
15,629.7664136708916,0.4763670997494262,1142.4504583821104,-1126.6955110866122,-388.81897230041386,753.6314860816965
15,629.7664136708916,0.4763670997494262,1099.0521816938553,-1027.1756121747187,-354.4749774609875,744.5772042328679
15,629.7664136708916,0.4763670997494262,1146.265002942654,-1094.2722701686937,-377.62981685574937,768.6351860869047
15,629.7664136708916,0.4763670997494262,1108.6896704810144,-1001.3586090805783,-345.5656132963435,763.124057184671
15,629.7664136708916,0.4763670997494262,1119.1227100816832,-1079.5060145008786,-372.5340298423194,746.5886802393638
15,629.7664136708916,0.4763670997494262,1139.524079971568,-1072.3565530362216,-370.0667738429515,769.4573061286164
15,629.7664136708916,0.4763670997494262,1184.103772625876,-1104.8129419577751,-381.2673685563273,802.8364040695487
15,629.7664136708916,0.4763670997494262,1140.5023139671866,-1054.1489455196822,-363.7833874506488,776.7189265165379
15,629.7664136708916,0.4763670997494262,1143.1077555080037,-1068.0042586720922,-368.5648111519156,774.5429443560881
15,629.7664136708916,0.4763670997494262,1130.5698940326965,-1067.9166290028174,-368.5345704368199,762.0353235958767
15,629.7664136708916,0.4763670997494262,1129.8490563011148,-1060.3353157321615,-365.91828377766643,763.9307725234485
15,629.7664136708916,0.4763670997494262,1184.23464323405,-1090.4216533120966,-376.30098144798177,807.9336617860683
15,629.7664136708916,0.4763670997494262,1054.2779666179274,-1015.2087279815215,-350.3452444782497,703.9327221396777
15,629.7664136708916,0.4763670997494262,1110.2877601962657,-1048.7577869717054,-361.9229160939188,748.364844102347
15,629.7664136708916,0.4763670997494262,1145.2759300830705,-1092.2658987894558,-376.93742459000237,768.3385054930682
15,629.7664136708916,0.4763670997494262,1120.10350405183,-1000.7580933387844,-345.3583772584992,774.7451267933308
15,629.7664136708916,0.4763670997494262,1092.2434237376103,-1069.8264113401415,-369.1936301369865,723.0497936006238
15,629.7664136708916,0.4763670997494262,1146.5139951185265,-1021.4592677223995,-352.50228550171767,794.0117096168088
15,629.7664136708916,0.4763670997494262,1111.7662508532349,-1046.2094531443372,-361.0434943423578,750.722756510877
15,629.7664136708916,0.4763670997494262,1151.3245953039952,-1087.9102965241345,-375.4343203529772,775.890274951018
15,629.7664136708916,0.4763670997494262,1150.7070653457238,-1032.6742347917273,-356.3725343199397,794.3345310257841
15,629.7664136708916,0.4763670997494262,1162.131946645891,-1099.4045498891674,-379.4009499674348,782.7309966784562
15,629.7664136708916,0.4763670997494262,1112.2491282068886,-1059.600479441617,-365.6646941534182,746.5844340534704
15,629.7664136708916,0.4763670997494262,1131.5895501904233,-1032.342489299898,-356.2580500250001,775.3315001654232
15,629.7664136708916,0.4763670997494262,1177.7106720613629,-1090.6060967797862,-376.36463229139855,801.3460397699644
15,629.7664136708916,0.4763670997494262,1156.929639214092,-1055.660109571963,-364.3048852714917,792.6247539426004
15,629.7664136708916,0.4763670997494262,1135.283790245023,-1067.6240068729996,-368.4335874874173,766.8502027576058
15,629.7664136708916,0.4763670997494262,1238.8142636699572,-1055.515156795718,-364.2548625378098,874.5594011321474
15,629.7664136708916,0.4763670997494262,1190.4153011287613,-1127.9296476797133,-389.24486884219124,801.1704322865701
15,629.7664136708916,0.4763670997494262,1163.5257505466918,-1054.1915897654821,-363.7981038417796,799.7276467049122
15,629.7664136708916,0.4763670997494262,1193.9867558536557,-1092.4056881353993,-376.98566544060793,817.0010904130478
15,629.7664136708916,0.4763670997494262,1196.224434767484,-1106.2065990997357,-381.74831512294105,814.4761196445429
15,629.7664136708916,0.4763670997494262,1089.9166206830082,-1024.039623895857,-353.39275806121617,736.523862621792
15,629.7664136708916,0.4763670997494262,1133.4457545508133,-1072.6501220381424,-370.1680835548505,763.2776709959628
15,629.7664136708916,0.4763670997494262,1134.7056164984385,-1032.325870687209,-356.2523149955772,778.4533015028613
15,629.7664136708916,0.4763670997494262,1051.1406469129608,-1026.2104603029675,-354.1419066754953,696.9987402374655
15,629.7664136708916,0.4763670997494262,1199.6909525190426,-1065.0976080679263,-367.5617354410182,832.1292170780245
15,629.7664136708916,0.4763670997494262,1180.2280855339488,-1132.87779806049,-390.9524595150129,789.275626018936
15,629.7664136708916,0.4763670997494262,1139.2576096309197,-1003.7166696885666,-346.37937237605786,792.8782372548618
15,629.7664136708916,0.4763670997494262,1195.2059186852898,-1051.6202620577412,-362.910746976563,832.2951717087268
15,629.7664136708916,0.4763670997494262,1118.2160151144813,-1052.1916675690318,-363.10793716812816,755.1080779463531
15,629.7664136708916,0.4763670997494262,1118.899354128845,-1068.8173504902209,-368.84540650531835,750.0539476235267
15,629.7664136708916,0.4763670997494262,1115.6530283711406,-1007.2590824235858,-347.60184753952564,768.051180831615
15,629.7664136708916,0.4763670997494262,1153.4099315981907,-1078.0921458852174,-372.0461083615823,781.3638232366084
15,629.7664136708916,0.4763670997494262,1108.7503391315238,-1073.5332110924696,-370.4728347277935,738.2775044037303
15,629.7664136708916,0.4763670997494262,1180.163315002057,-1092.8312518795726,-377.13252611062,803.030788891437
15,629.7664136708916,0.4763670997494262,1167.2801962884091,-1097.1547927013003,-378.6245660472856,788.6556302411235
15,629.7664136708916,0.4763670997494262,1144.9914650859448,-997.3989660974165,-344.1991533253575,800.7923117605874
15,629.7664136708916,0.4763670997494262,1142.9561187455242,-1048.6737761764928,-361.89392424054284,781.0621945049813
15,629.7664136708916,0.4763670997494262,1163.8063146238578,-1026.8989203049912,-354.37949199275516,809.4268226311026
15,629.7664136708916,0.4763670997494262,1163.5847730889805,-1090.799872904397,-376.43150380449697,787.1532692844835
15,629.7664136708916,0.4763670997494262,1206.7659743203856,-1044.7174383163176,-360.52860485679656,846.237369463589
15,629.7664136708916,0.4763670997494262,1130.832026773436,-1042.7777425248255,-359.8592221204652,770.9728046529708
15,629.7664136708916,0.4763670997494262,1118.037949148781,-1023.477578008969,-353.19879784572305,764.8391513030581
15,629.7664136708916,0.4763670997494262,1195.758321227839,-1107.3822020655027,-382.15401189947477,813.6043093283641
15,629.7664136708916,0.4763670997494262,1165.186245105069,-1104.0951017379862,-381.0196442210585,784.1666008840104
15,629.7664136708916,0.4763670997494262,1221.6095718217048,-1119.8112788376243,-386.4432460444822,835.1663257772226
15,629.7664136708916,0.4763670997494262,1171.6590555096543,-1050.4102857669386,-362.4931880768706,809.1658674327837
15,629.7664136708916,0.4763670997494262,1124.1185294293207,-1011.7996283570774,-349.16877523753374,774.949754191787
15,629.7664136708916,0.4763670997494262,1131.494271902385,-1052.1298028196416,-363.0865878434501,768.4076840589348
15,629.7664136708916,0.4763670997494262,1170.0309850550152,-1101.3261322934295,-380.06408183248965,789.9669032225256
15,629.7664136708916,0.4763670997494262,1126.7760243545806,-1064.1356489337327,-367.2297664589181,759.5462578956625
15,629.7664136708916,0.4763670997494262,1130.9313620401601,-1058.4213728084242,-365.25778827260183,765.6735737675583
15,629.7664136708916,0.4763670997494262,1128.147183427832,-1035.665506810754,-357.4048126070763,770.7423708207557
15,629.7664136708916,0.4763670997494262,1247.1828465416665,-1127.5508026302368,-389.11413064243004,858.0687158992365
15,629.7664136708916,0.4763670997494262,1204.967649942911,-1096.615291786731,-378.43838602873234,826.5292639141787
15,629.7664136708916,0.4763670997494262,1136.366592122129,-1053.844261704713,-363.67824205275986,772.6883500693692
15,629.7664136708916,0.4763670997494262,1068.7374046572347,-1033.9600941985334,-356.81628023723283,711.9211244200019
15,629.7664136708916,0.4763670997494262,1107.9678448127186,-1044.6663300259304,-360.51096755128776,747.4568772614308
15,629.7664136708916,0.4763670997494262,1173.8088889239687,-1127.2003333378022,-388.99318482453475,784.8157040994339
15,629.7664136708916,0.4763670997494262,1213.0453586103658,-1125.3819535836008,-388.36566785981495,824.6796907505509
16,663.850657696695,0.45190886914367756,1205.2183299401827,-1109.1262525054283,-372.8004446943332,832.4178852458494
16,663.850657696695,0.45190886914367756,1216.967320631161,-1022.113184696218,-343.5535394838436,873.4137811473174
16,663.850657696695,0.45190886914367756,1212.9037743731965,-1042.2079192006652,-350.3077984713576,862.5959759018389
16,663.850657696695,0.45190886914367756,1157.0800502712998,-1013.4285089613442,-340.6344390039177,816.4456112673821
16,663.850657696695,0.45190886914367756,1172.1516676040164,-1060.5925782685906,-356.4872654712542,815.6644021327622
16,663.850657696695,0.45190886914367756,1155.2331336200805,-1033.527889665058,-347.39025967581955,807.8428739442609
16,663.850657696695,0.45190886914367756,1227.1146070435736,-1031.989792604174,-346.8732732038238,880.2413338397498
16,663.850657696695,0.45190886914367756,1158.4231520022147,-1037.5882432289443,-348.7550291155598,809.6681228866548
16,663.850657696695,0.45190886914367756,1133.1647641374288,-1048.138758858729,-352.3012772632827,780.8634868741461
16,663.850657696695,0.45190886914367756,1169.4170817055394,-1061.501555255693,-356.7927915772707,812.6242901282687
16,663.850657696695,0.45190886914367756,1159.1845485585204,-1003.9723340683348,-337.4560215809616,821.7285269775589
16,663.850657696695,0.45190886914367756,1147.3813951663244,-1075.380829603098,-361.4579048924223,785.9234902739022
16,663.850657696695,0.45190886914367756,1170.5543047159993,-1061.1012978287697,-356.65825671578665,813.8960480002127
16,663.850657696695,0.45190886914367756,1180.317402797427,-1058.5177078469078,-355.78985828777155,824.5275445096554
16,663.850657696695,0.45190886914367756,1115.7133575982277,-985.708273046467,-331.3170900972859,784.3962675009418
16,663.850657696695,0.45190886914367756,1176.0327822360516,-1065.9374636753605,-358.28379282959867,817.7489894064529
16,663.850657696695,0.45190886914367756,1192.486338010061,-1059.4713860952806,-356.1104094191559,836.375928590905
16,663.850657696695,0.45190886914367756,1238.5571873962351,-1104.6048151602113,-371.2806953879338,867.2764920083014
16,663.850657696695,0.45190886914367756,1075.1163158240536,-1039.4760937065387,-349.38957499883844,725.7267408252151
16,663.850657696695,0.45190886914367756,1177.74998494392,-1078.4182487946775,-362.47884477441147,815.2711401695085
16,663.850657696695,0.45190886914367756,1183.5024092764347,-1029.3135325432916,-345.97372643125317,837.5286828451815
16,663.850657696695,0.45190886914367756,1169.4359998536142,-1053.141595824618,-353.98283501327165,815.4531648403427
16,663.850657696695,0.45190886914367756,1200.0220944074442,-1050.5125657774245,-353.0991632324491,846.9229311749951
16,663.850657696695,0.45190886914367756,1155.6477757003163,-1022.5917467990954,-343.71439417857613,811.9333815217401
16,663.850657696695,0.45190886914367756,1161.275259949318,-1043.02876946654,-350.5837033500442,810.6915565992739
16,663.850657696695,0.45190886914367756,1167.9933704406567,-1056.6601662457344,-355.165499849414,812.8278705912427
16,663.850657696695,0.45190886914367756,1162.322907169211,-1043.6795631223927,-350.80244865857696,811.5204585106341
16,663.850657696695,0.45190886914367756,1232.9673921905076,-1060.1313973301874,-356.3322529480785,876.635139242429
16,663.850657696695,0.45190886914367756,1181.0408664783004,-1059.5489519388072,-356.1364809154301,824.9043855628702
16,663.850657696695,0.45190886914367756,1195.4385386929757,-1000.2266625141224,-336.1970233218049,859.2415153711709
16,663.850657696695,0.45190886914367756,1145.023064016874,-1057.7360393722954,-355.52712322557215,789.4959407913019
16,663.850657696695,0.45190886914367756,1154.6519074650664,-990.6395786262342,-332.9746046578764,821.67730280719
16,663.850657696695,0.45190886914367756,1217.7371201878198,-1123.4379402305967,-377.61090115609034,840.1262190317294
16,663.850657696695,0.45190886914367756,1192.311373233112,-1081.2268888913209,-363.42288723544755,828.8884859976644
16,663.850657696695,0.45190886914367756,1245.3647609782274,-1094.9874709029307,-368.04810558330723,877.3166553949202
16,663.850657696695,0.45190886914367756,1207.7977660267181,-1105.0195693226826,-371.42010290430886,836.3776631224093
16,663.850657696695,0.45190886914367756,1201.5174511017979,-1084.416257673672,-364.4949005411184,837.0225505606795
16,663.850657696695,0.45190886914367756,1161.7607483246104,-1037.1981845642708,-348.6239222705828,813.1368260540276
16,663.850657696695,0.45190886914367756,1231.8742270257394,-1005.8908749688653,-338.1008831548955,893.773343870844
16,663.850657696695,0.45190886914367756,1241.4884806056984,-1081.1947179683407,-363.4120739178778,878.0764066878206
16,663.850657696695,0.45190886914367756,1252.6487500820579,-1079.151510263253,-362.7253092332092,889.9234408488487
16,663.850657696695,0.45190886914367756,1195.436219495125,-1034.3827215306392,-347.67758647825315,847.7586330168718
16,663.850657696695,0.45190886914367756,1233.912651613353,-1099.2136004547378,-369.4685957869163,864.4440558264369
16,663.850657696695,0.45190886914367756,1189.90782622554,-1071.060068360867,-360.0056070057903,829.9022192197497
16,663.850657696695,0.45190886914367756,1222.556944561487,-1096.7327001727804,-368.63471350681806,853.9222310546688
16,663.850657696695,0.45190886914367756,1158.9143456664845,-1001.8764604030355,-336.75155476964795,822.1627908968364
16,663.850657696695,0.45190886914367756,1221.0062716089412,-1051.2730682781785,-353.3547839697924,867.6514876391489
16,663.850657696695,0.45190886914367756,1210.9132708120953,-991.8315888103392,-333.375264119061,877.5380066930343
16,663.850657696695,0.45190886914367756,1166.793627717693,-989.1837645526534,-332.48527521247087,834.308352505222
16,663.850657696695,0.45190886914367756,1219.4633436326833,-1098.3415471489388,-369.1754804995767,850.2878631331066
16,663.850657696695,0.45190886914367756,1184.884345756943,-1034.1636325783263,-347.6039461161525,837.2803996407906
16,663.850657696695,0.45190886914367756,1201.2731403529874,-1058.0232813566904,-355.6236712418827,845.6494691111047
16,663.850657696695,0.45190886914367756,1206.8878317034373,-1062.8351515436304,-357.2410410782295,849.6467906252078
16,663.850657696695,0.45190886914367756,1237.742998301035,-1065.5614185340585,-358.1573962218312,879.5856020792037
16,663.850657696695,0.45190886914367756,1188.4163554078934,-1068.5965200110065,-359.17755707163775,829.2387983362557
16,663.850657696695,0.45190886914367756,1147.5519505773495,-994.8418573027017,-334.38707808529523,813.1648724920543
16,663.850657696695,0.45190886914367756,1295.0621923040128,-1103.9064207134618,-371.0459504617073,924.0162418423055
16,663.850657696695,0.45190886914367756,1102.4694458384834,-1011.6353826868059,-340.03173189908546,762.4377139393979
16,663.850657696695,0.45190886914367756,1225.436276649724,-1114.2617793397235,-374.5266022739957,850.9096743757284
16,663.850657696695,0.45190886914367756,1188.0512091671203,-1109.6513476582656,-372.97694011678163,815.0742690503387
16,663.850657696695,0.45190886914367756,1118.245185671213,-1005.3351770904596,-337.91410151870446,780.3310841525085
16,663.850657696695,0.45190886914367756,1181.7070640491734,-975.9809658982153,-328.04753947367124,853.6595245755021
16,663.850657696695,0.45190886914367756,1209.4281518889486,-1115.1895606092053,-374.83844889115096,834.5897029977976
16,663.850657696695,0.45190886914367756,1147.2450312936837,-1035.1173501737285,-347.9245104728933,799.3205208207904
16,663.850657696695,0.45190886914367756,1128.7395993307439,-997.6669421696377,-335.3366479762918,793.4029513544522
16,663.850657696695,0.45190886914367756,1148.3255564497454,-964.8947492209722,-324.3212310413192,824.0043254084262
16,663.850657696695,0.45190886914367756,1304.7303044281052,-1156.0359538909279,-388.56777280282284,916.1625316252823
16,663.850657696695,0.45190886914367756,1178.1638920943992,-1051.2293701673188,-353.3400961241806,824.8237959702186
16,663.850657696695,0.45190886914367756,1226.2206665317115,-1075.932315268234,-361.6432707159621,864.5773958157494
16,663.850657696695,0.45190886914367756,1172.2471523383238,-1014.754476339471,-341.080124269323,831.1670280690007
16,663.850657696695,0.45190886914367756,1212.6785803530495,-1053.0953492874005,-353.9672905884586,858.7112897645909
16,663.850657696695,0.45190886914367756,1121.6366300086424,-1009.4161737059796,-339.28580951824483,782.3508204903976
16,663.850657696695,0.45190886914367756,1259.662423001314,-1152.9553561773653,-387.53231971987015,872.1301032814438
16,663.850657696695,0.45190886914367756,1189.2671060798934,-1005.0388847662734,-337.8145114946052,851.4525945852882
16,663.850657696695,0.45190886914367756,1126.2599415774143,-1056.248849080338,-355.0272475793737,771.2326939980406
16,663.850657696695,0.45190886914367756,1271.7811786787581,-1138.6670960976865,-382.7297377779316,889.0514409008265
16,663.850657696695,0.45190886914367756,1252.8322956766428,-1115.8127713967324,-375.04792302288627,877.7843726537566
16,663.850657696695,0.45190886914367756,1199.0267422680438,-1091.9720257955357,-367.03455164889374,831.99219061915
16,663.850657696695,0.45190886914367756,1286.6860761606854,-1129.9545880995627,-379.80128229437736,906.884793866308
16,663.850657696695,0.45190886914367756,1210.6810563007318,-1079.4174969733876,-362.81471290893774,847.8663433917941
16,663.850657696695,0.45190886914367756,1174.4872780191984,-1039.1830774438845,-349.2910861272845,825.1961918919139
16,663.850657696695,0.45190886914367756,1225.2569923199546,-1026.8944977228218,-345.16063842187185,880.0963538980827
16,663.850657696695,0.45190886914367756,1108.8942387603738,-1046.5289187188778,-351.7601764475121,757.1340623128617
16,663.850657696695,0.45190886914367756,1268.0907916220442,-1057.8538365560958,-355.566717313626,912.5240743084182
16,663.850657696695,0.45190886914367756,1136.7923597950514,-1041.9846573531477,-350.2327555122267,786.5596042828247
16,663.850657696695,0.45190886914367756,1235.4982309461818,-1092.6762431629086,-367.2712537800759,868.2269771661059
16,663.850657696695,0.45190886914367756,1192.77401871138,-1083.1218838061527,-364.0598345129527,828.7141841984273
16,663.850657696695,0.45190886914367756,1277.2834703035057,-1068.962451466287,-359.3005542587911,917.9829160447146
16,663.850657696695,0.45190886914367756,1231.1852257233513,-1084.088682783187,-364.3847957946411,866.8004299287102
16,663.850657696695,0.45190886914367756,1213.9966411971116,-1089.1368365023682,-366.08158544969154,847.91505574742
16,663.850657696695,0.45190886914367756,1183.4330822458946,-1037.9357276521014,-348.8718258708297,834.5612563750649
16,663.850657696695,0.45190886914367756,1173.66712414914,-1022.8562359213284,-343.8032944838052,829.8638296653347
16,663.850657696695,0.45190886914367756,1127.2697014087648,-969.6871194222551,-325.93204652615907,801.3376548826058
16,663.850657696695,0.45190886914367756,1216.3253718860342,-1079.9173013083505,-362.9827075605055,853.3426643255286
16,663.850657696695,0.45190886914367756,1198.1364788713738,-1097.7465938994453,-368.9755043151861,829.1609745561877
16,663.850657696695,0.45190886914367756,1193.871810538782,-1070.4493499105138,-359.800331808886,834.071478729896
16,663.850657696695,0.45190886914367756,1122.5370775393283,-977.5734768995833,-328.5828156049047,793.9542619344236
16,663.850657696695,0.45190886914367756,1203.7272455729435,-1077.0642558654972,-362.0237395373195,841.7035060356241
16,663.850657696695,0.45190886914367756,1159.8670566318933,-1085.465785119783,-364.84766858510375,795.0193880467896
16,663.850657696695,0.45190886914367756,1103.1027917259796,-1053.2789799293314,-354.02901267358345,749.0737790523962
16,663.850657696695,0.45190886914367756,1215.04301351678,-1026.6024567595898,-345.0624773687763,869.9805361480038
16,663.850657696695,0.45190886914367756,1266.1621763413993,-1101.297226505218,-370.1689459196817,895.9932304217177
16,663.850657696695,0.45190886914367756,1258.4972046171715,-1050.090863798979,-352.95742041035123,905.5397842068203
16,663.850657696695,0.45190886914367756,1246.1033760480052,-1119.68509154532,-376.34949051363066,869.7538855343746
16,663.850657696695,0.45190886914367756,1251.215927433174,-1036.9104819044,-348.5272194116456,902.6887080215286
16,663.850657696695,0.45190886914367756,1216.484717197476,-1064.6050422638727,-357.835938229096,858.6487789683799
16,663.850657696695,0.45190886914367756,1206.7189640642566,-1009.682736497112,-339.3754068268007,867.3435572374559
16,663.850657696695,0.45190886914367756,1278.2408282702934,-1161.6627081525855,-390.4590421566888,887.7817861136045
16,663.850657696695,0.45190886914367756,1161.5397368554443,-1040.2681675223341,-349.655807513029,811.8839293424153
16,663.850657696695,0.45190886914367756,1209.6819123625053,-1079.141580234783,-362.7219715437252,846.9599408187801
16,663.850657696695,0.45190886914367756,1273.7548715118792,-1096.8085653179337,-368.66021336293096,905.0946581489482
16,663.850657696695,0.45190886914367756,1235.8993356058845,-1034.1764594437757,-347.6082574929076,888.291078112977
16,663.850657696695,0.45190886914367756,1193.8875304268036,-1068.7950686600739,-359.24429340981254,834.643237016991
16,663.850657696695,0.45190886914367756,1240.6557247574353,-1108.0423209565217,-372.43611271450874,868.2196120429267
16,663.850657696695,0.45190886914367756,1245.5944999356682,-1099.7472275050025,-369.647958957872,875.9465409777962
16,663.850657696695,0.45190886914367756,1226.693883127567,-1111.304646279973,-373.53264823386274,853.1612348937042
16,663.850657696695,0.45190886914367756,1190.1215276608077,-1089.284179127033,-366.13111037606797,823.9904172847398
16,663.850657696695,0.45190886914367756,1287.5745298537297,-1059.0313467134154,-355.96250301366615,931.6120268400635
16,663.850657696695,0.45190886914367756,1223.82900170892,-1102.3647685289538,-370.52776903858233,853.3012326703376
16,663.850657696695,0.45190886914367756,1304.493300103255,-1087.9378568199074,-365.67858339488384,938.8147167083712
16,663.850657696695,0.45190886914367756,1171.80446411555,-1096.1735107499323,-368.4467582897856,803.3577058257645
16,663.850657696695,0.45190886914367756,1295.8664109842478,-1095.8942031565673,-368.3528771876317,927.513533796616
16,663.850657696695,0.45190886914367756,1217.1832330783848,-1053.9533473077377,-354.25568160147986,862.9275514769049
16,663.850657696695,0.45190886914367756,1201.3182264051525,-1050.7265235161656,-353.1710788867475,848.147147518405
16,663.850657696695,0.45190886914367756,1204.4698826827184,-1023.3460057842183,-343.9679163402176,860.5019663425009
16,663.850657696695,0.45190886914367756,1195.3506915741443,-1068.781075849907,-359.2395901347427,836.1111014394016
16,663.850657696695,0.45190886914367756,1264.2095233443638,-1075.8798996286077,-361.6256527272818,902.583870617082
16,663.850657696695,0.45190886914367756,1211.253547016267,-1101.729712493783,-370.3143134722906,840.9392335439763
16,663.850657696695,0.45190886914367756,1231.8309517377818,-1085.0707919485963,-364.7149031496657,867.1160485881161
16,663.850657696695,0.45190886914367756,1215.7548995624484,-1093.8829717340793,-367.67686039784513,848.0780391646033
16,663.850657696695,0.45190886914367756,1170.1665050336974,-1093.0542484406114,-367.39830923053165,802.7681958031658
16,663.850657696695,0.45190886914367756,1219.061213207385,-1036.4992931084455,-348.3890102892496,870.6722029181353
16,663.850657696695,0.45190886914367756,1265.9898514391425,-1083.3151237171724,-364.12478647364975,901.8650649654928
16,663.850657696695,0.45190886914367756,1255.3294312038636,-1127.4884032983916,-378.97234619400274,876.3570850098608
16,663.850657696695,0.45190886914367756,1232.1746020490605,-1112.240107474023,-373.84707623369445,858.327525815366
16,663.850657696695,0.45190886914367756,1219.2185873193105,-1089.6110276929064,-366.2409709897087,852.9776163296017
16,663.850657696695,0.45190886914367756,1237.66537965558,-1084.6190819802168,-364.56307401686473,873.1023056387153
16,663.850657696695,0.45190886914367756,1202.3497890663195,-1026.472191093253,-345.01869236393213,857.3310967023874
16,663.850657696695,0.45190886914367756,1209.2585892906736,-1124.9277417160943,-378.1116544788479,831.1469348118258
16,663.850657696695,0.45190886914367756,1160.2266069391953,-1046.400815459019,-351.7171182725439,808.5094886666514
16,663.850657696695,0.45190886914367756,1222.8100879061408,-1061.8415149913033,-356.9070591282618,865.903028777879
16,663.850657696695,0.45190886914367756,1223.635906058703,-1125.8553270767304,-378.4234352469579,845.2124708117451
16,663.850657696695,0.45190886914367756,1281.615476017964,-1074.8936324196004,-361.29414776716135,920.3213282508027
16,663.850657696695,0.45190886914367756,1290.2457775847495,-1148.3299143965999,-385.9776123555084,904.268165229241
16,663.850657696695,0.45190886914367756,1237.522972349752,-1117.947033223974,-375.76529289533534,861.7576794544168
16,663.850657696695,0.45190886914367756,1296.004184770408,-1115.962748984197,-375.0983336151653,920.9058511552428
16,663.850657696695,0.45190886914367756,1165.6872555443474,-1076.5477909351944,-361.8501449124957,803.8371106318517
16,663.850657696695,0.45190886914367756,1163.0935746381099,-1020.0020759468566,-342.8439518433183,820.2496227947915
16,663.850657696695,0.45190886914367756,1186.3400903965075,-999.557579891039,-335.9721307102927,850.3679596862148
16,663.850657696695,0.45190886914367756,1139.4643387191825,-986.6109932837367,-331.62051317930974,807.8438255398728
16,663.850657696695,0.45190886914367756,1212.633642010142,-1085.6991523193597,-364.9261081636303,847.7075338465118
16,663.850657696695,0.45190886914367756,1224.477056335426,-1087.4289711104816,-365.5075363041275,858.9695200312984
16,663.850657696695,0.45190886914367756,1286.4793387238733,-1070.5325600746676,-359.8283004789356,926.6510382449377
16,663.850657696695,0.45190886914367756,1251.2763388848555,-1126.1875529387726,-378.53510328188946,872.7412356029661
16,663.850657696695,0.45190886914367756,1216.4679306926894,-1117.4192207745468,-375.5878841328819,840.8800465598074
16,663.850657696695,0.45190886914367756,1237.0217364835248,-1088.675337069257,-365.92646587380796,871.0952706097169
16,663.850657696695,0.45190886914367756,1173.1885495835477,-1032.0776637833362,-346.90280853814085,826.2857410454069
16,663.850657696695,0.45190886914367756,1218.8067645324256,-1098.1392212336932,-369.1074745435312,849.6992899888944
16,663.850657696695,0.45190886914367756,1196.5954381681993,-1056.4544544903379,-355.09635584194194,841.4990823262574
16,663.850657696695,0.45190886914367756,1174.230958496495,-1019.0594253698365,-342.5271073420628,831.7038511544323
16,663.850657696695,0.45190886914367756,1236.6714090451856,-1111.6604287408456,-373.6522341325178,863.0191749126677
16,663.850657696695,0.45190886914367756,1213.3068109994376,-1052.906047186508,-353.9036622077987,859.403148791639
16,663.850657696695,0.45190886914367756,1276.2949086967633,-1097.6251065271674,-368.9346698778913,907.360238818872
16,663.850657696695,0.45190886914367756,1168.8072805792403,-1069.2870505763753,-359.4096587834699,809.3976217957704
16,663.850657696695,0.45190886914367756,1265.3629650429552,-1156.0859820179255,-388.58458829875923,876.7783767441961
16,663.850657696695,0.45190886914367756,1198.4956498101828,-1059.0713861905267,-355.97596111623903,842.5196886939439
16,663.850657696695,0.45190886914367756,1125.4477630577426,-1003.2158561773367,-337.2017535988194,788.2460094589233
16,663.850657696695,0.45190886914367756,1165.3749493836913,-1028.5243114877537,-345.7084527892291,819.6664965944622
16,663.850657696695,0.45190886914367756,1183.8115153385786,-1080.0368556326455,-363.02289226009367,820.788623078485
16,663.850657696695,0.45190886914367756,1219.7029896687336,-1174.6285161860224,-394.8171204095187,824.8858692592149
16,663.850657696695,0.45190886914367756,1215.243365093299,-1072.1447786451388,-360.3702007347977,854.8731643585013
16,663.850657696695,0.45190886914367756,1204.9030194179902,-1096.3478475336035,-368.5053565154901,836.3976629025001
16,663.850657696695,0.45190886914367756,1186.9137066860533,-1071.6976070492415,-360.21989704355553,826.6938096424977
16,663.850657696695,0.45190886914367756,1249.8181249082545,-1081.6412296394176,-363.56215579463685,886.2559691136177
16,663.850657696695,0.45190886914367756,1195.97849598533,-1080.3001733397955,-363.1113988283042,832.8670971570259
16,663.850657696695,0.45190886914367756,1154.2282542638775,-997.9438457755887,-335.4297210481831,818.7985332156943
16,663.850657696695,0.45190886914367756,1234.6044304150569,-1070.4334250995453,-359.794979148089,874.8094512669679
16,663.850657696695,0.45190886914367756,1198.7929312822293,-1036.9798646883712,-348.55054041109014,850.2423908711392
16,663.850657696695,0.45190886914367756,1207.3683977732396,-1019.9433379484739,-342.82420877811893,864.5441889951207
16,663.850657696695,0.45190886914367756,1153.4149069827804,-1050.1002417575983,-352.96057253765474,800.4543344451256
16,663.850657696695,0.45190886914367756,1222.6008734770285,-1084.9628029769992,-364.67860580611034,857.9222676709181
16,663.850657696695,0.45190886914367756,1236.4587057410292,-1097.7362070350075,-368.972013073614,867.4866926674152
16,663.850657696695,0.45190886914367756,1264.9918562283895,-1126.556179217742,-378.6590062554377,886.3328499729517
16,663.850657696695,0.45190886914367756,1229.4420247025182,-1059.7412005378026,-356.2010996754995,873.2409250270186
16,663.850657696695,0.45190886914367756,1262.3748273380465,-1104.8501760847546,-371.3631663073388,891.0116610307077
16,663.850657696695,0.45190886914367756,1242.4626313988615,-1093.5437219972505,-367.56283149223896,874.8997999066225
16,663.850657696695,0.45190886914367756,1245.173747449574,-1073.5573352568674,-360.84499044590484,884.3287570036691
16,663.850657696695,0.45190886914367756,1163.151794450573,-1054.9141815751557,-354.57863801997763,808.5731564305954
16,663.850657696695,0.45190886914367756,1229.4551237513945,-1093.592310908878,-367.5791632379001,861.8759605134944
16,663.850657696695,0.45190886914367756,1130.0697493878442,-1066.2186496056809,-358.37830527994277,771.6914441079015
16,663.850657696695,0.45190886914367756,1250.075599397161,-1124.3987610001536,-377.9338530376757,872.1417463594854
16,663.850657696695,0.45190886914367756,1191.5964634234347,-1067.862494751104,-358.9308358866595,832.6656275367752
16,663.850657696695,0.45190886914367756,1180.486881317319,-1030.979232236289,-346.53360280680005,833.9532785105191
16,663.850657696695,0.45190886914367756,1126.523119223942,-995.9453567688889,-334.75798724986083,791.7651319740812
16,663.850657696695,0.45190886914367756,1200.8124906654857,-1020.7635447862389,-343.0998973872105,857.7125932782752
16,663.850657696695,0.45190886914367756,1228.0554179975732,-1078.3069635038078,-362.44143946926204,865.6139785283111
16,663.850657696695,0.45190886914367756,1208.6644471976838,-1078.1307558481333,-362.38221240449315,846.2822347931906
16,663.850657696695,0.45190886914367756,1247.4041274706763,-1140.7754620787214,-383.43840351687044,863.9657239538058
16,663.850657696695,0.45190886914367756,1291.1142433140812,-1129.6888273142138,-379.71195455667703,911.4022887574042
16,663.850657696695,0.45190886914367756,1230.4859126765161,-1075.7247702851364,-361.57351052246014,868.912402154056
16,663.850657696695,0.45190886914367756,1122.6773892591796,-1045.3033453005285,-351.3482356839299,771.3291535752496
16,663.850657696695,0.45190886914367756,1223.5410213730029,-1121.542376863588,-376.97376280996355,846.5672585630393
16,663.850657696695,0.45190886914367756,1230.3646659243445,-1086.989395174813,-365.35978567256143,865.0048802517831
16,663.850657696695,0.45190886914367756,1098.7318245079173,-1000.9654228958857,-336.44533607990775,762.2864884280095
16,663.850657696695,0.45190886914367756,1175.8507812885123,-1102.4307169657177,-370.54993568236785,805.3008456061444
16,663.850657696695,0.45190886914367756,1122.6028298145952,-1033.6694495567313,-347.4378409051408,775.1649889094545
16,663.850657696695,0.45190886914367756,1177.4042734568147,-1097.2043149441815,-368.7932330586776,808.6110403981372
16,663.850657696695,0.45190886914367756,1180.8343037270515,-1076.0156296831296,-361.6712744268583,819.1630293001932
16,663.850657696695,0.45190886914367756,1208.052058439936,-1074.2277612674811,-361.0703345979586,846.9817238419773
16,663.850657696695,0.45190886914367756,1271.1857170064102,-1096.267352892473,-368.47830058931294,902.7074164170972
16,663.850657696695,0.45190886914367756,1180.6152856093508,-1101.2075060010009,-370.1387889886787,810.4764966206722
16,663.850657696695,0.45190886914367756,1319.3702141064446,-1121.501148670043,-376.9599051550276,942.4103089514169
16,663.850657696695,0.45190886914367756,1219.0263675630047,-1104.4892083757657,-371.2418375387452,847.7845300242595
16,663.850657696695,0.45190886914367756,1237.997631381923,-1051.0590506781307,-353.28284819486146,884.7147831870615
16,663.850657696695,0.45190886914367756,1098.646386151872,-1030.1611959245674,-346.25864375673973,752.3877423951324
16,663.850657696695,0.45190886914367756,1195.7588621485606,-1086.7258299031632,-365.271195892764,830.4876662557966
16,663.850657696695,0.45190886914367756,1269.0513738106722,-1110.2412367922893,-373.1752141464402,895.876159664232
16,663.850657696695,0.45190886914367756,1247.8507089084158,-1146.378575626832,-385.3217267343039,862.5289821741119
16,663.850657696695,0.45190886914367756,1261.2868527838984,-1094.8636606731156,-368.0064903851921,893.2803623987063
16,663.850657696695,0.45190886914367756,1248.759328836101,-1110.2405274628961,-373.1749757260506,875.5843531100504
16,663.850657696695,0.45190886914367756,1260.536459282738,-1134.0635963052289,-381.18240557305256,879.3540537096853
16,663.850657696695,0.45190886914367756,1283.925357414821,-1072.5742203097245,-360.51454502668173,923.4108123881393
16,663.850657696695,0.45190886914367756,1246.8840216603444,-1100.3945965436203,-369.8655531811923,877.018468479152
16,663.850657696695,0.45190886914367756,1191.7298884017307,-1013.9971325429481,-340.8255652382907,850.90432316344
16,663.850657696695,0.45190886914367756,1159.6166226163725,-1036.361192137796,-348.3425916753591,811.2740309410135
16,663.850657696695,0.45190886914367756,1191.971020689204,-1039.4302708695072,-349.3741729884867,842.5968477007173
16,663.850657696695,0.45190886914367756,1181.399564361564,-985.3718562934117,-331.2040134165579,850.1955509450061
16,663.850657696695,0.45190886914367756,1157.6658624846257,-967.4625707398689,-325.18432936035896,832.4815331242667
16,663.850657696695,0.45190886914367756,1210.262894344798,-1021.7973526330188,-343.4473817463062,866.8155125984919
16,663.850657696695,0.45190886914367756,1250.583888420425,-1149.1201569937207,-386.24322935894475,864.3406590614802
16,663.850657696695,0.45190886914367756,1239.628252720958,-1074.5137903814336,-361.1664749432405,878.4617777777175
16,663.850657696695,0.45190886914367756,1256.2655000017205,-1085.057633781599,-364.7104804155569,891.5550195861636
16,663.850657696695,0.45190886914367756,1128.0153830724971,-1078.1395659957227,-362.3851736786779,765.6302093938192
16,663.850657696695,0.45190886914367756,1103.3958697131197,-1020.6317970385821,-343.05561422395203,760.3402554891677
16,663.850657696695,0.45190886914367756,1137.9773724921213,-989.4477035355716,-332.57399060441276,805.4033818877085
16,663.850657696695,0.45190886914367756,1251.7446061361366,-1144.6436904409877,-384.7385956729704,867.0060104631661
16,663.850657696695,0.45190886914367756,1214.717918328784,-1127.4646249771206,-378.96435380474685,835.7535645240371
16,663.850657696695,0.45190886914367756,1247.9232798888718,-1092.5393608396314,-367.2252447789606,880.6980351099112
16,663.850657696695,0.45190886914367756,1068.710068394193,-963.5612766509557,-323.87302312453164,744.8370452696614
16,663.850657696695,0.45190886914367756,1147.800692265789,-1020.2822597311821,-342.93812745151143,804.8625648142774
16,663.850657696695,0.45190886914367756,1130.1059515943457,-991.2391101721406,-333.1761197030908,796.9298318912549
16,663.850657696695,0.45190886914367756,1206.7440394357652,-1104.2930236050272,-371.1758957493336,835.5681436864315
16,663.850657696695,0.45190886914367756,1143.9137436214564,-985.8085225173984,-331.35078603339707,812.5629575880594
16,663.850657696695,0.45190886914367756,1155.2913682334404,-1016.0674801880315,-341.5214522223157,813.7699160111247
16,663.850657696695,0.45190886914367756,1194.7205420799055,-1078.4671459721296,-362.49528013463964,832.2252619452659
16,663.850657696695,0.45190886914367756,1236.6538072522835,-1084.405650796254,-364.49133534859925,872.1624719036843
16,663.850657696695,0.45190886914367756,1186.5343529278518,-1024.6585616472132,-344.40909371592693,842.1252592119249
16,663.850657696695,0.45190886914367756,1218.8228403428955,-1054.9775956318883,-354.59995280582496,864.2228875370705
16,663.850657696695,0.45190886914367756,1147.5897683271917,-1094.4827630170928,-367.8784627461135,779.7113055810782
16,663.850657696695,0.45190886914367756,1268.3491671443946,-1126.9090791445958,-378.7776232743447,889.5715438700499
16,663.850657696695,0.45190886914367756,1232.8609976165014,-1092.2548769021416,-367.1296237996852,865.7313738168162
16,663.850657696695,0.45190886914367756,1170.8796556763696,-1040.7166197850315,-349.8065416630684,821.0731140133012
16,663.850657696695,0.45190886914367756,1188.4029436074031,-1026.5219840500738,-345.03542881427177,843.3675147931314
16,663.850657696695,0.45190886914367756,1165.2768065440232,-1011.6866288912723,-340.0489568162406,825.2278497277825
16,663.850657696695,0.45190886914367756,1192.1057560798206,-1085.2842184312053,-364.7866402377082,827.3191158421124
16,663.850657696695,0.45190886914367756,1215.7430150718433,-1084.1046695210412,-364.39016927035476,851.3528458014885
16,663.850657696695,0.45190886914367756,1240.5229366029932,-1117.088594707508,-375.47675382238646,865.0461827806068
16,663.850657696695,0.45190886914367756,1201.7808971809184,-1089.4225598433113,-366.17762301829345,835.603274162625
16,663.850657696695,0.45190886914367756,1169.4463037169944,-1037.8469856811846,-348.8419978452591,820.6043058717353
16,663.850657696695,0.45190886914367756,1139.1367982884894,-1032.09344515296,-346.9081129853129,792.2286853031765
16,663.850657696695,0.45190886914367756,1233.5787042925685,-1046.4183604508191,-351.72301550987873,881.8556887826899
16,663.850657696695,0.45190886914367756,1284.587471668012,-1105.8100329869071,-371.6857942130052,912.9016774550068
16,663.850657696695,0.45190886914367756,1163.6942273937145,-1049.0480161614057,-352.60689758920483,811.0873298045096
16,663.850657696695,0.45190886914367756,1187.8780938215905,-1045.3993872517117,-351.3805173849802,836.4975764366103
16,663.850657696695,0.45190886914367756,1241.8200433696522,-1096.1646313246395,-368.44377372992113,873.3762696397312
16,663.850657696695,0.45190886914367756,1154.2374506408676,-973.3642746109415,-327.16801500716446,827.069435633703
16,663.850657696695,0.45190886914367756,1196.1770518749704,-1094.3717291943367,-367.841141964637,828.3359099103334
16,663.850657696695,0.45190886914367756,1248.2059312589472,-1117.6282302740376,-375.65813658086023,872.547794678087
16,663.850657696695,0.45190886914367756,1124.0040202511996,-1009.5860933278889,-339.3429230438394,784.6610972073602
16,663.850657696695,0.45190886914367756,1260.69319994409,-1090.5359075809681,-366.5518423921116,894.1413575519784
16,663.850657696695,0.45190886914367756,1209.4424742573947,-1043.3753826419638,-350.70020726079645,858.7422669965982
16,663.850657696695,0.45190886914367756,1119.893844568093,-1041.9075903139387,-350.2068516744774,769.6869928936158
16,663.850657696695,0.45190886914367756,1213.4093878557376,-1102.8093841629384,-370.6772136177662,842.7321742379713
16,663.850657696695,0.45190886914367756,1203.927608791575,-1051.186858849578,-353.32580718446565,850.6018016071093
16,663.850657696695,0.45190886914367756,1283.6276664904187,-1079.398400024183,-362.8082940263807,920.819372464038
16,663.850657696695,0.45190886914367756,1190.754759610585,-1090.136501301048,-366.41759361887085,824.3371659917143
16,663.850657696695,0.45190886914367756,1212.664034304734,-1084.9553652033258,-364.6761058153954,847.9879284893386
16,663.850657696695,0.45190886914367756,1251.6945605199257,-1114.3963914868189,-374.5718482215919,877.1227122983339
16,663.850657696695,0.45190886914367756,1210.8948763987644,-1061.1363281649597,-356.67003114171865,854.2248452570457
16,663.850657696695,0.45190886914367756,1282.8148449427354,-1132.3147235016083,-380.59457298191984,902.2202719608156
16,663.850657696695,0.45190886914367756,1198.6421975420067,-1084.3802888634202,-364.4828106744989,834.1593868675077
16,663.850657696695,0.45190886914367756,1193.1109162368248,-1014.3319219889207,-340.93809494719955,852.1728212896253
16,663.850657696695,0.45190886914367756,1172.732295290489,-1070.8238425886973,-359.9262066014502,812.8060886890388
16,663.850657696695,0.45190886914367756,1238.7298906899168,-1095.8053157211862,-368.32300026842347,870.4068904214934
16,663.850657696695,0.45190886914367756,1192.3372936578457,-1033.865330548727,-347.50368058818697,844.8336130696588
16,663.850657696695,0.45190886914367756,1223.8166643887866,-1086.6367843533628,-365.24126582800477,858.5753985607819
16,663.850657696695,0.45190886914367756,1146.5814046575365,-1073.0670827692334,-360.6802063692593,785.9011982882772
16,663.850657696695,0.45190886914367756,1245.226198299724,-1096.7280137291766,-368.63313829546985,876.5930600042542
16,663.850657696695,0.45190886914367756,1221.3179894304,-1078.3191413994552,-362.44553271374394,858.8724567166562
16,663.850657696695,0.45190886914367756,1231.5269287633112,-1096.3111433452927,-368.4930194729817,863.0339092903295
16,663.850657696695,0.45190886914367756,1200.373571488318,-1012.4601612040361,-340.30895714490686,860.0646143434112
16,663.850657696695,0.45190886914367756,1249.7316109966193,-1094.7643119961206,-367.9730972246931,881.7585137719262
16,663.850657696695,0.45190886914367756,1209.0801071687436,-1124.7902079872108,-378.06542652673477,831.0146806420088
16,663.850657696695,0.45190886914367756,1130.3652110251423,-1025.4134592885862,-344.66283054324197,785.7023804819004
16,663.850657696695,0.45190886914367756,1241.6196626937353,-1077.0675748926578,-362.0248551315078,879.5948075622275
16,663.850657696695,0.45190886914367756,1211.0639847409298,-1113.635787285039,-374.3161933004146,836.7477914405151
16,663.850657696695,0.45190886914367756,1246.9286078162268,-1116.5438420739692,-375.2936511110649,871.6349567051618
16,663.850657696695,0.45190886914367756,1266.7962337238646,-1124.0637923058873,-377.8212630796803,888.9749706441843
16,663.850657696695,0.45190886914367756,1239.117052013681,-1104.1489401462443,-371.1274662965224,867.9895857171584
16,663.850657696695,0.45190886914367756,1205.3014341810506,-1101.5082499547043,-370.23987529821875,835.0615588828318
16,663.850657696695,0.45190886914367756,1163.3692210370587,-1090.212784618927,-366.4432340315505,796.9259870055082
16,663.850657696695,0.45190886914367756,1197.5894542976941,-1064.2751560552829,-357.72505660044186,839.8643976972523
16,663.850657696695,0.45190886914367756,1249.95666820809,-1082.653875094475,-363.9025270329069,886.0541411751831
16,663.850657696695,0.45190886914367756,1241.8068163948603,-1081.329133878449,-363.45725390613364,878.3495624887266
16,663.850657696695,0.45190886914367756,1300.8193529140317,-1173.904949728535,-394.5739146459657,906.245438268066
16,663.850657696695,0.45190886914367756,1101.0825552583428,-1007.2562090920535,-338.5598004036136,762.5227548547292
16,663.850657696695,0.45190886914367756,1239.669866118483,-1091.967009474844,-367.0328655589825,872.6370005595005
16,663.850657696695,0.45190886914367756,1186.2616937812895,-1082.4099261259614,-363.82053070134486,822.4411630799447
16,663.850657696695,0.45190886914367756,1205.0965284330764,-1080.0669306774848,-363.03300110934777,842.0635273237286
16,663.850657696695,0.45190886914367756,1164.4330565036078,-1067.9969613622552,-358.9760329165923,805.4570235870154
16,663.850657696695,0.45190886914367756,1262.5187157451371,-1097.1172643264008,-368.7639735321392,893.7547422129979
16,663.850657696695,0.45190886914367756,1201.4003289249035,-1087.6066309953765,-365.5672514933979,835.8330774315057
16,663.850657696695,0.45190886914367756,1227.1484068479956,-1074.9287223036742,-361.305942208378,865.8424646396177
16,663.850657696695,0.45190886914367756,1241.0573628606437,-1091.341955053118,-366.82277174337656,874.2345911172672
16,663.850657696695,0.45190886914367756,1264.421567916937,-1102.7924569138656,-370.67152401663424,893.7500439003027
16,663.850657696695,0.45190886914367756,1273.2521069363777,-1140.9656732500982,-383.50233745506273,889.749769481315
16,663.850657696695,0.45190886914367756,1273.661017748376,-1070.343886628978,-359.7648834023889,913.8961343459871
16,663.850657696695,0.45190886914367756,1258.9190361799112,-1131.8627438594729,-380.44265320615017,878.476382973761
16,663.850657696695,0.45190886914367756,1156.4033424004633,-1063.4997960567741,-357.4644419485126,798.9389004519508
16,663.850657696695,0.45190886914367756,1235.165030954448,-1115.020602154875,-374.7816584340078,860.3833725204402
16,663.850657696695,0.45190886914367756,1210.543497701672,-1018.634377966597,-342.3842400529819,868.1592576486902
16,663.850657696695,0.45190886914367756,1113.7798854800117,-918.8795921575653,-308.85457791939814,804.9253075606135
16,663.850657696695,0.45190886914367756,1155.19742439332,-1038.9934888871912,-349.227361462861,805.9700629304591
16,663.850657696695,0.45190886914367756,1120.478767240362,-1023.0468280907827,-343.86735648339027,776.6114107569717
16,663.850657696695,0.45190886914367756,1207.0077554082593,-1102.2585767287233,-370.49207576177145,836.5156796464878
16,663.850657696695,0.45190886914367756,1112.1576866429205,-970.9708268649593,-326.3635273466847,785.7941592962358
16,663.850657696695,0.45190886914367756,1124.2510184845041,-1036.42541799485,-348.36417932421017,775.8868391602939
16,663.850657696695,0.45190886914367756,1189.9185372804773,-1124.7754813520055,-378.0604765977786,811.8580606826987
16,663.850657696695,0.45190886914367756,1210.0188906614824,-1045.315382482564,-351.3522816316347,858.6666090298477
16,663.850657696695,0.45190886914367756,1197.4313520176358,-1006.1209392960358,-338.17821256918324,859.2531394484527
16,663.850657696695,0.45190886914367756,1199.3746070719558,-1056.580237043755,-355.13863397911774,844.2359730928381
16,663.850657696695,0.45190886914367756,1203.5945971730903,-1063.5713632142163,-357.4884971613973,846.106100011693
16,663.850657696695,0.45190886914367756,1226.0572755744683,-1109.3424004017345,-372.87309650622626,853.1841790682421
16,663.850657696695,0.45190886914367756,1228.4510584996503,-1100.7616633720754,-369.9889319909279,858.4621265087225
16,663.850657696695,0.45190886914367756,1204.2904243495796,-1055.3234580936353,-354.7162043860676,849.574219963512
16,663.850657696695,0.45190886914367756,1157.9356506576012,-1041.7084650428235,-350.139921521617,807.7957291359842
16,663.850657696695,0.45190886914367756,1230.5491968311442,-1117.0228366026308,-375.454651153114,855.0945456780302
16,663.850657696695,0.45190886914367756,1171.1515765339414,-1072.6599816563496,-360.5433712023197,810.6082053316217
16,663.850657696695,0.45190886914367756,1155.5417726047274,-1027.5481716905213,-345.38035186323435,810.161420741493
16,663.850657696695,0.45190886914367756,1221.8775445408514,-1069.4818709220633,-359.475141961191,862.4024025796605
16,663.850657696695,0.45190886914367756,1189.192856818741,-996.786669848003,-335.0407701064675,854.1520867122733
16,663.850657696695,0.45190886914367756,1175.1353310823272,-1059.9370136625453,-356.2669165469478,818.8684145353793
16,663.850657696695,0.45190886914367756,1210.621818634784,-1053.3789820922304,-354.06262548431164,856.5591931504723
16,663.850657696695,0.45190886914367756,1247.3948663707579,-1075.4233505939117,-361.4721970834586,885.9226692872993
16,663.850657696695,0.45190886914367756,1235.9572476160615,-1078.4301024972067,-362.48282905083096,873.4744185652305
16,663.850657696695,0.45190886914367756,1174.230043165599,-1031.4653746709555,-346.6970054090007,827.5330377565983
16,663.850657696695,0.45190886914367756,1213.9625044085087,-1097.6159412873596,-368.93158924981276,845.030915158696
16,663.850657696695,0.45190886914367756,1202.5672460841015,-1037.0697531652486,-348.58075380120425,853.9864922828972
16,663.850657696695,0.45190886914367756,1174.3744104272744,-1009.3658478260814,-339.26889394135424,835.1055164859201
16,663.850657696695,0.45190886914367756,1184.3657099314507,-1051.8364828067363,-353.54415933289386,830.8215505985569
16,663.850657696695,0.45190886914367756,1217.6160230394278,-1063.3630670405255,-357.4184844770841,860.1975385623437
16,663.850657696695,0.45190886914367756,1174.023263790912,-1090.5975052418073,-366.5725466494503,807.4507171414618
16,663.850657696695,0.45190886914367756,1198.70962197105,-1079.36253845658,-362.7962402062501,835.9133817647999
16,663.850657696695,0.45190886914367756,1159.4718541196664,-1067.3748033292234,-358.7669126375795,800.704941482087
16,663.850657696695,0.45190886914367756,1176.7309467459181,-1084.6204119300273,-364.5635210407086,812.1674257052096
16,663.850657696695,0.45190886914367756,1155.2565754899197,-1025.0161437722538,-344.52928451920906,810.7272909707106
16,663.850657696695,0.45190886914367756,1232.4185339030496,-1077.0390801115364,-362.01527744181783,870.4032564612318
16,663.850657696695,0.45190886914367756,1209.0854469149472,-1051.8462194764238,-353.547432030462,855.5380148844852
16,663.850657696695,0.45190886914367756,1214.2520593177085,-984.6232890568076,-330.9524043701944,883.299654947514
16,663.850657696695,0.45190886914367756,1152.6870509542482,-1011.4449513029238,-339.9677239428815,812.7193270113667
16,663.850657696695,0.45190886914367756,1178.239602048636,-1018.6336336278554,-342.3839898652208,835.8556121834151
16,663.850657696695,0.45190886914367756,1255.2378942804992,-1053.2112520861683,-354.00624793422907,901.23164634627
16,663.850657696695,0.45190886914367756,1163.654121712505,-971.8989084939847,-326.67547492094116,836.9786467915638
16,663.850657696695,0.45190886914367756,1173.3437560356524,-979.6356712907169,-329.27596211038514,844.0677939252673
16,663.850657696695,0.45190886914367756,1218.477724014132,-1091.0952006707837,-366.73983245377207,851.7378915603599
16,663.850657696695,0.45190886914367756,1164.3069738514787,-1040.2905481547962,-349.6633301099521,814.6436437415266
16,663.850657696695,0.45190886914367756,1190.3811039041025,-1028.4776408799862,-345.6927658254677,844.6883380786348
16,663.850657696695,0.45190886914367756,1204.4377766187072,-1073.8981676827843,-360.9595513262925,843.4782252924147
16,663.850657696695,0.45190886914367756,1151.3255678769683,-1020.8869078814554,-343.14136229407,808.1842055828984
16,663.850657696695,0.45190886914367756,1190.8645161611066,-1104.8512128693853,-371.36351479225704,819.5010013688495
16,663.850657696695,0.45190886914367756,1217.0381816078757,-1048.2096182110145,-352.32509456810544,864.7130870397702
16,663.850657696695,0.45190886914367756,1232.7089378513213,-1095.5356389508145,-368.2323562865583,864.4765815647629
16,663.850657696695,0.45190886914367756,1193.0064839270547,-1084.6853947117688,-364.5853631077195,828.4211208193351
16,663.850657696695,0.45190886914367756,1113.1388492850506,-1021.8433681167487,-343.4628485092275,769.676000775823
16,663.850657696695,0.45190886914367756,1198.98967268126,-1048.4764127607762,-352.4147697755658,846.5749029056941
16,663.850657696695,0.45190886914367756,1248.9293282789279,-1073.3174799585918,-360.7643700822109,888.164958196717
16,663.850657696695,0.45190886914367756,1191.899453967731,-1066.906354548987,-358.6094572413213,833.2899967264098
16,663.850657696695,0.45190886914367756,1183.762608830321,-1047.0413270714687,-351.9324075720387,831.8302012582822
16,663.850657696695,0.45190886914367756,1216.2679093183388,-1112.4751419508425,-373.92607621884395,842.3418330994948
16,663.850657696695,0.45190886914367756,1161.0320109620982,-1017.5274176417414,-342.0121676217029,819.0198433403953
16,663.850657696695,0.45190886914367756,1165.2940969210902,-1108.90116697532,-372.72478875748277,792.5693081636074
16,663.850657696695,0.45190886914367756,1175.922613031416,-1071.1078058974467,-360.0216525865574,815.9009604448586
16,663.850657696695,0.45190886914367756,1168.920357244619,-1017.4244797363299,-341.97756804674316,826.9427891978759
16,663.850657696695,0.45190886914367756,1152.623248241082,-1036.2140011316367,-348.2931177111217,804.3301305299602
16,663.850657696695,0.45190886914367756,1122.9836860505507,-1045.0465159733635,-351.26190999543286,771.7217760551177
16,663.850657696695,0.45190886914367756,1151.12266780184,-1006.7273459541551,-338.38203848287145,812.7406293189686
16,663.850657696695,0.45190886914367756,1205.2037824669303,-1043.5499939073798,-350.7588977455349,854.4448847213954
16,663.850657696695,0.45190886914367756,1215.2497830959203,-1068.4736047343424,-359.136242685925,856.1135404099953
16,663.850657696695,0.45190886914367756,1198.5211170003413,-1091.0810487842687,-366.73507570982684,831.7860412905145
16,663.850657696695,0.45190886914367756,1227.854137746783,-1089.5346904116705,-366.2153124388204,861.6388253079626
16,663.850657696695,0.45190886914367756,1205.1883756562938,-1087.2939480989494,-365.4621522564328,839.726223399861
16,663.850657696695,0.45190886914367756,1268.072375269726,-1123.9688012140837,-377.7893345943646,890.2830406753615
16,663.850657696695,0.45190886914367756,1234.529462902863,-981.487836065807,-329.8985132854574,904.6309496174057
16,663.850657696695,0.45190886914367756,1173.6711702752975,-1076.3844695072673,-361.7952491773873,811.8759210979102
16,663.850657696695,0.45190886914367756,1200.383975420721,-1066.1233481036206,-358.3462724592717,842.0377029614494
16,663.850657696695,0.45190886914367756,1225.6130699462137,-1009.6676359723423,-339.370331225771,886.2427387204427
16,663.850657696695,0.45190886914367756,1178.7282515953898,-1002.9068004956122,-337.0978735442972,841.6303780510925
16,663.850657696695,0.45190886914367756,1225.9886527632852,-1099.195582785318,-369.4625396727842,856.526113090501
16,663.850657696695,0.45190886914367756,1195.6797893604091,-1103.3527435236874,-370.85984802107106,824.8199413393381
16,663.850657696695,0.45190886914367756,1146.3380819018964,-1032.110156762376,-346.91373010546295,799.4243517964335
17,700.0,0.42857142857142855,1193.3933203374227,-1085.0976201927863,-355.18157006784895,838.2117502695737
17,700.0,0.42857142857142855,1251.6077123746015,-1060.485705872697,-347.1254300414506,904.4822823331509
17,700.0,0.42857142857142855,1213.1744531520462,-1093.8628070721932,-358.0506509503715,855.1238022016747
17,700.0,0.42857142857142855,1130.7856045448873,-1036.5776141102435,-339.299670025494,791.4859345193934
17,700.0,0.42857142857142855,1212.0383275021918,-1028.4343888493095,-336.63417387125776,875.404153630934
17,700.0,0.42857142857142855,1226.0755922838687,-1050.5161827707561,-343.86213759450385,882.2134546893649
17,700.0,0.42857142857142855,1225.2672066438095,-1033.437423775182,-338.27180146070907,886.9954051831004
17,700.0,0.42857142857142855,1127.773223811917,-1004.693759256752,-328.86322871741464,798.9099950945024
17,700.0,0.42857142857142855,1169.2031317368762,-995.8243041088406,-325.96001803253466,843.2431137043416
17,700.0,0.42857142857142855,1203.3798983843133,-1002.9272564420587,-328.2850049414372,875.0948934428761
17,700.0,0.42857142857142855,1261.839727396302,-1047.5221385231894,-342.882106566038,918.957620830264
17,700.0,0.42857142857142855,1193.0233699992682,-1011.3721943036256,-331.04925972642496,861.9741102728433
17,700.0,0.42857142857142855,1141.620833440922,-982.1793132680136,-321.4936463621726,820.1271870787494
17,700.0,0.42857142857142855,1204.7534601334164,-1025.5910714996262,-335.70347980127883,869.0499803321376
17,700.0,0.42857142857142855,1166.8425893060273,-1028.5522312065398,-336.6727468371206,830.1698424689067
17,700.0,0.42857142857142855,1265.689759960456,-996.8393806116,-326.2922798118251,939.397480148631
17,700.0,0.42857142857142855,1157.393702102866,-988.9067678500178,-323.69572278048776,833.6979793223782
17,700.0,0.42857142857142855,1170.0302087871348,-1011.9707768833863,-331.24519186795607,838.7850169191788
17,700.0,0.42857142857142855,1177.9096911422578,-1036.5952701624553,-339.3054493251893,838.6042418170684
17,700.0,0.42857142857142855,1214.722142300602,-1018.6924174126152,-333.44536519077565,881.2767771098263
17,700.0,0.42857142857142855,1224.4939071682272,-1071.1607806081615,-350.6196684717775,873.8742386964498
17,700.0,0.42857142857142855,1141.9487850335076,-1043.4255790839256,-341.5411927289443,800.4075923045634
17,700.0,0.42857142857142855,1174.234472650332,-1020.3495618942782,-333.98779304968275,840.2466796006493
17,700.0,0.42857142857142855,1225.7728295316886,-1008.7816475736821,-330.20130426347595,895.5715252682126
17,700.0,0.42857142857142855,1193.68391882666,-969.7791242238688,-317.4347317245615,876.2491871020984
17,700.0,0.42857142857142855,1201.1581540870377,-1050.8141300500238,-343.9596637345288,857.1984903525089
17,700.0,0.42857142857142855,1198.0186378167994,-1016.8540450511666,-332.8436165835005,865.1750212332988
17,700.0,0.42857142857142855,1190.3833545981654,-990.8141091890097,-324.32004678491984,866.0633078132455
17,700.0,0.42857142857142855,1154.7712359875143,-1082.3877761055462,-354.29456537846994,800.4766706090443
17,700.0,0.42857142857142855,1174.1793068359857,-1017.2059999651127,-332.95882087166973,841.2204859643159
17,700.0,0.42857142857142855,1298.4003766528713,-1066.2510750309043,-349.01259008265407,949.3877865702173
17,700.0,0.42857142857142855,1204.1878553142228,-1070.8524313640894,-350.5187374895316,853.6691178246913
17,700.0,0.42857142857142855,1260.5550871168232,-1069.596364891724,-350.107593226138,910.4474938906851
17,700.0,0.42857142857142855,1171.0333538919683,-1006.23070473954,-329.36631221840724,841.667041673561
17,700.0,0.42857142857142855,1222.6820163188352,-1042.000321849871,-341.07466778895576,881.6073485298793
17,700.0,0.42857142857142855,1220.0343212130686,-1020.6846955125644,-334.0974912763771,885.9368299366914
17,700.0,0.42857142857142855,1236.1272724157095,-952.7359193812073,-311.8560334191233,924.2712389965861
17,700.0,0.42857142857142855,1285.9466513357565,-1054.2641568463712,-345.0889500876637,940.8577012480928
17,700.0,0.42857142857142855,1255.8171243012912,-1043.1580646055925,-341.4536280613401,914.363496239951
17,700.0,0.42857142857142855,1174.849068873626,-1015.2155357251559,-332.30728851111934,842.5417803625066
17,700.0,0.42857142857142855,1237.1659778629376,-1045.6915416120507,-342.28290307230617,894.8830747906313
17,700.0,0.42857142857142855,1287.0109414138828,-1052.1048485959416,-344.3821505514968,942.628790862386
17,700.0,0.42857142857142855,1258.3646297018388,-1063.832031022041,-348.2207720626509,910.1438576391879
17,700.0,0.42857142857142855,1219.4430126836105,-1069.8813156798628,-350.2008652658511,869.2421474177594
17,700.0,0.42857142857142855,1277.6740609898081,-1071.7010049413832,-350.7964983931522,926.8775625966559
17,700.0,0.42857142857142855,1283.0373101598814,-1094.5497223396121,-358.2754967510121,924.7618134088693
17,700.0,0.42857142857142855,1247.980313749328,-1076.2259929799454,-352.2776484078294,895.7026653414985
17,700.0,0.42857142857142855,1148.2034135860833,-1035.753119114113,-339.02979068764535,809.173622898438
17,700.0,0.42857142857142855,1304.493121346589,-1060.4040818844567,-347.09871231969095,957.3944090268981
17,700.0,0.42857142857142855,1210.540933927082,-998.2602381993486,-326.7573646295116,883.7835692975705
17,700.0,0.42857142857142855,1271.300041039151,-1098.3816528264827,-359.5297904305759,911.7702506085751
17,700.0,0.42857142857142855,1202.0214941175293,-1081.1906682712222,-353.90271985948317,848.1187742580462
17,700.0,0.42857142857142855,1306.8967664526306,-1103.1300038723296,-361.0840531515628,945.8127133010678
17,700.0,0.42857142857142855,1329.1728736080502,-1067.1301347244007,-349.3003299102135,979.8725436978366
17,700.0,0.42857142857142855,1324.6282604479463,-1115.138806428003,-365.01485648850223,959.6134039594441
17,700.0,0.42857142857142855,1204.3954624444202,-1068.472924010425,-349.7398608777551,854.6556015666652
17,700.0,0.42857142857142855,1271.2462871770554,-1087.3068263774837,-355.9047025369304,915.3415846401249
17,700.0,0.42857142857142855,1298.4048846583391,-1110.9638449848599,-363.64827957159326,934.7566050867458
17,700.0,0.42857142857142855,1283.1341929299595,-1057.193111414968,-346.0476755174981,937.0865174124614
17,700.0,0.42857142857142855,1233.342899404017,-1068.741826604633,-349.82787991293566,883.5150194910814
17,700.0,0.42857142857142855,1332.8111270818167,-1106.5385576812141,-362.1997642829587,970.611362798858
17,700.0,0.42857142857142855,1231.64388463781,-1076.2028526304557,-352.27007395046195,879.3738106873482
17,700.0,0.42857142857142855,1238.6916029930305,-1095.8516713819915,-358.7016596108463,879.9899433821843
17,700.0,0.42857142857142855,1279.7879573746552,-1108.9008273115958,-362.9729985253244,916.8149588493309
17,700.0,0.42857142857142855,1260.6637804891984,-1077.6409728180972,-352.74080928034135,907.922971208857
17,700.0,0.42857142857142855,1249.69180537053,-1103.7619617480711,-361.2909099231063,888.4008954474236
17,700.0,0.42857142857142855,1219.7622648694426,-1012.763085093224,-331.5045356069072,888.2577292625353
17,700.0,0.42857142857142855,1247.3864066790945,-1021.2126272212113,-334.2702974918515,913.116109187243
17,700.0,0.42857142857142855,1278.3953749173513,-1142.8568124255596,-374.0877036740053,904.307671243346
17,700.0,0.42857142857142855,1226.009079069545,-1082.1652878650123,-354.22173900679246,871.7873400627525
17,700.0,0.42857142857142855,1299.9148958819023,-1080.606310231641,-353.7114437916734,946.2034520902289
17,700.0,0.42857142857142855,1290.2401479545265,-1073.4215643559683,-351.35968366136683,938.8804642931597
17,700.0,0.42857142857142855,1193.1654443879443,-1000.0514126071752,-327.3436640799925,865.8217803079517
17,700.0,0.42857142857142855,1247.25909096005,-1006.6984442900342,-329.5194159252404,917.7396750348095
17,700.0,0.42857142857142855,1234.8116208387185,-1091.0822753594298,-357.1405083042313,877.6711125344872
17,700.0,0.42857142857142855,1260.031370053153,-1093.716034972532,-358.00260850347115,902.0287615496819
17,700.0,0.42857142857142855,1250.2822346883154,-1058.5818725889926,-346.50225431765404,903.7799803706614
17,700.0,0.42857142857142855,1223.3805662174725,-1008.0849500785635,-329.9732564771997,893.4073097402728
17,700.0,0.42857142857142855,1242.4477336910934,-1082.8353421977997,-354.441065771059,888.0066679200344
17,700.0,0.42857142857142855,1341.4354367383833,-1095.852083571515,-358.7017945315386,982.7336422068447
17,700.0,0.42857142857142855,1245.1432896889578,-1083.0305193308232,-354.50495248434504,890.6383372046128
17,700.0,0.42857142857142855,1320.2808456381215,-1048.2870414821236,-343.13247983093885,977.1483658071827
17,700.0,0.42857142857142855,1248.1118446647206,-1060.4779138473384,-347.122879502449,900.9889651622716
17,700.0,0.42857142857142855,1255.545531252271,-1154.4722595414755,-377.8897512196797,877.6557800325913
17,700.0,0.42857142857142855,1264.4387654736302,-1080.7339081056539,-353.75320999997194,910.6855554736583
17,700.0,0.42857142857142855,1188.1667619271784,-980.9180734999828,-321.08080874028053,867.0859531868979
17,700.0,0.42857142857142855,1214.274290949826,-1064.7425513119565,-348.5188097876745,865.7554811621516
17,700.0,0.42857142857142855,1195.6952002049122,-967.1546164333569,-316.57565989513137,879.1195403097809
17,700.0,0.42857142857142855,1139.2530301726592,-967.6627227595513,-316.74197673090794,822.5110534417513
17,700.0,0.42857142857142855,1223.0794547076814,-987.6665582432245,-323.28976889472045,899.7896858129609
17,700.0,0.42857142857142855,1274.713139633842,-1089.4974405572425,-356.6217493438724,918.0913902899697
17,700.0,0.42857142857142855,1266.307948962558,-1103.9551606025036,-361.3541490927217,904.9537998698363
17,700.0,0.42857142857142855,1233.0686175397389,-1098.2227568584426,-359.47777951620685,873.590838023532
17,700.0,0.42857142857142855,1296.283362641565,-1120.6506623586556,-366.8190348472099,929.4643277943551
17,700.0,0.42857142857142855,1242.301673105602,-1055.762493206846,-345.57939578683374,896.7222773187683
17,700.0,0.42857142857142855,1153.9863093679623,-1056.690074229676,-345.8830179475711,808.1032914203913
17,700.0,0.42857142857142855,1253.7255279187345,-1053.281130725218,-344.7671792583563,908.9583486603783
17,700.0,0.42857142857142855,1228.986329900623,-1070.64479167479,-350.45077144713935,878.5355584534838
17,700.0,0.42857142857142855,1339.1287642001737,-1182.235639261417,-386.97745044213923,952.1513137580345
17,700.0,0.42857142857142855,1254.0264085662716,-1053.0357690172223,-344.68686578696105,909.3395427793105
17,700.0,0.42857142857142855,1194.856272386515,-1036.3229098723807,-339.21629849336307,855.6399738931519
17,700.0,0.42857142857142855,1296.3901525292097,-1120.610320257272,-366.80582979483245,929.5843227343772
17,700.0,0.42857142857142855,1230.2018138949813,-1065.9516770967916,-348.9145891043695,881.2872247906118
17,700.0,0.42857142857142855,1276.4568439057782,-1055.4817193663423,-345.48749097417146,930.9693529316067
17,700.0,0.42857142857142855,1187.4000443468117,-980.698309935446,-321.00887422817453,866.3911701186371
17,700.0,0.42857142857142855,1236.900043872944,-983.0138007179931,-321.76679649831704,915.133247374627
17,700.0,0.42857142857142855,1191.0602323020119,-989.259977324976,-323.8113377201429,867.248894581869
17,700.0,0.42857142857142855,1161.7416153241966,-1013.4069537622752,-331.71529110073135,830.0263242234653
17,700.0,0.42857142857142855,1284.835779970731,-1049.034665875224,-343.3771973575658,941.4585826131652
17,700.0,0.42857142857142855,1162.4543999281639,-955.5574416456138,-312.77959337281237,849.6748065553516
17,700.0,0.42857142857142855,1252.873858276972,-1032.0594370916947,-337.82074944044325,915.0531088365287
17,700.0,0.42857142857142855,1272.923062372695,-1085.663612458779,-355.3668345251112,917.5562278475838
17,700.0,0.42857142857142855,1181.0400023718137,-1010.5838330705227,-330.7912079388776,850.248794432936
17,700.0,0.42857142857142855,1195.2620314015624,-1071.6512187229757,-350.78020202783665,844.4818293737258
17,700.0,0.42857142857142855,1300.0732421492855,-1090.3299042985118,-356.89423706584904,943.1790050834366
17,700.0,0.42857142857142855,1237.1941896261578,-1083.0382433320576,-354.5074807572254,882.6867088689324
17,700.0,0.42857142857142855,1281.972726832179,-1048.918337695079,-343.33912002249645,938.6336068096825
17,700.0,0.42857142857142855,1170.385570947111,-1004.5416538445592,-328.8134405342014,841.5721304129097
17,700.0,0.42857142857142855,1300.764813243295,-1089.1149934086257,-356.4965641290255,944.2682491142696
17,700.0,0.42857142857142855,1293.000088700041,-1072.3579047112764,-351.0115193159761,941.9885693840649
17,700.0,0.42857142857142855,1252.5068319198115,-1068.614980483799,-349.78635977362615,902.7204721461853
17,700.0,0.42857142857142855,1218.2664894596737,-1097.079484340818,-359.1035557410656,859.1629337186082
17,700.0,0.42857142857142855,1255.3683812993693,-1010.8862828794031,-330.89020787767186,924.4781734216974
17,700.0,0.42857142857142855,1328.6278971535685,-1138.6132036973434,-372.69865665851773,955.9292404950507
17,700.0,0.42857142857142855,1248.2141714944444,-1111.9084553851503,-363.95747590456284,884.2566955898815
17,700.0,0.42857142857142855,1259.345596509033,-1086.0978474462922,-355.50897128937385,903.836625219659
17,700.0,0.42857142857142855,1290.4823931248268,-1082.139940647796,-354.2134421823961,936.2689509424307
17,700.0,0.42857142857142855,1258.8832022370593,-1093.1554829695965,-357.81912479029893,901.0640774467604
17,700.0,0.42857142857142855,1332.7642280176763,-1141.3250494695405,-373.58631655309915,959.1779114645772
17,700.0,0.42857142857142855,1217.7011661252625,-1073.6330642011026,-351.4289132363525,866.27225288891
17,700.0,0.42857142857142855,1186.0818853347857,-1065.2931951110118,-348.69905027982657,837.3828350549592
17,700.0,0.42857142857142855,1316.3696283494157,-1069.903260588779,-350.20804842343875,966.161579925977
17,700.0,0.42857142857142855,1237.3758780465685,-1009.6211240776119,-330.4760874508613,906.8997905957071
17,700.0,0.42857142857142855,1245.7966059403113,-1021.0847681067504,-334.22844577254386,911.5681601677675
17,700.0,0.42857142857142855,1247.2124497265568,-1043.64752018398,-341.6138400068601,905.5986097196967
17,700.0,0.42857142857142855,1240.5766653251542,-1098.73995311379,-359.64707172972663,880.9295935954276
17,700.0,0.42857142857142855,1261.9139436408896,-1017.685520699835,-333.115780876253,928.7981627646366
17,700.0,0.42857142857142855,1267.7810454287696,-1054.6865657396079,-345.22721585391224,922.5538295748574
17,700.0,0.42857142857142855,1252.4134820587337,-1100.1241402970713,-360.1001533399677,892.3133287187661
17,700.0,0.42857142857142855,1255.3560470076582,-1084.5300966901616,-354.9958043957458,900.3602426119123
17,700.0,0.42857142857142855,1286.566149751763,-1054.456553637689,-345.151926720498,941.414223031265
17,700.0,0.42857142857142855,1275.0370028602622,-1060.1532281865482,-347.0166011726177,928.0204016876445
17,700.0,0.42857142857142855,1305.4836356823816,-1097.664029998576,-359.29489322133946,946.1887424610422
17,700.0,0.42857142857142855,1293.0294609209056,-1084.2450729771588,-354.9025084857677,938.1269524351379
17,700.0,0.42857142857142855,1360.5925768620466,-1122.1252701019012,-367.3017135331949,993.2908633288516
17,700.0,0.42857142857142855,1269.8751668949974,-1065.5630874641263,-348.78739328965776,921.0877736053396
17,700.0,0.42857142857142855,1271.7493169812963,-1054.04911107331,-345.01855983531135,926.7307571459849
17,700.0,0.42857142857142855,1240.5650359679144,-1099.4436479431583,-359.87740993127875,880.6876260366356
17,700.0,0.42857142857142855,1262.2779845909924,-1041.1188263508502,-340.78613065688256,921.4918539341099
17,700.0,0.42857142857142855,1243.736450823813,-1128.3339996065702,-369.33399731352716,874.4024535102858
17,700.0,0.42857142857142855,1285.4936002275977,-1127.8459955522471,-369.1742604907857,916.319339736812
17,700.0,0.42857142857142855,1275.1758645329423,-1069.029592992947,-349.9220735741438,925.2537909587986
17,700.0,0.42857142857142855,1248.4413860216732,-1087.0480867458248,-355.82001011211884,892.6213759095544
17,700.0,0.42857142857142855,1262.5238273718205,-1086.789162544963,-355.73525727285414,906.7885700989664
17,700.0,0.42857142857142855,1331.0927672687997,-1074.6882921248227,-351.77431765320097,979.3184496155986
17,700.0,0.42857142857142855,1246.3827922840217,-1102.7187809998936,-360.94944887010314,885.4333434139185
17,700.0,0.42857142857142855,1290.7332467956735,-1131.441765883815,-370.35125261407757,920.3819941815959
17,700.0,0.42857142857142855,1189.7317198511785,-1013.5487232675124,-331.7616960642303,857.9700237869481
17,700.0,0.42857142857142855,1205.8287173810131,-974.0999815793018,-318.84906428873137,886.9796530922818
17,700.0,0.42857142857142855,1250.0571802743834,-1035.1418717298127,-338.82971301572394,911.2274672586595
17,700.0,0.42857142857142855,1247.1463228999419,-1032.5610948335107,-337.9849554815027,909.1613674184391
17,700.0,0.42857142857142855,1235.0732330206038,-1041.145021281346,-340.79470496058406,894.2785280600197
17,700.0,0.42857142857142855,1266.8734503513122,-1035.199868046208,-338.8486967664318,928.0247535848804
17,700.0,0.42857142857142855,1233.7394574352902,-1077.3129559893973,-352.63344056986017,881.1060168654301
17,700.0,0.42857142857142855,1231.7092507352638,-1074.6403756034003,-351.75863328988265,879.9506174453811
17,700.0,0.42857142857142855,1227.840274922308,-1052.0900272612957,-344.3772991309315,883.4629757913765
17,700.0,0.42857142857142855,1336.7683060245527,-997.6962359580551,-326.57275156073644,1010.1955544638163
17,700.0,0.42857142857142855,1307.2968191016644,-1097.1006372088268,-359.1104796424096,948.1863394592548
17,700.0,0.42857142857142855,1172.2463411593317,-1054.464499560959,-345.15452763441596,827.0918135249158
17,700.0,0.42857142857142855,1182.4468516069267,-1045.4711154583993,-342.2107516770022,840.2360999299244
17,700.0,0.42857142857142855,1304.6600344043845,-1053.2412248174514,-344.75411698385517,959.9059174205294
17,700.0,0.42857142857142855,1149.431816975049,-984.6026764199567,-322.2868781536116,827.1449388214374
17,700.0,0.42857142857142855,1234.4009814315054,-1104.2950726143706,-361.46541141586493,872.9355700156405
17,700.0,0.42857142857142855,1245.5056720435514,-1045.5383227440097,-342.2327504251138,903.2729216184375
17,700.0,0.42857142857142855,1241.8957367470384,-1066.6155957692936,-349.131907502372,892.7638292446665
17,700.0,0.42857142857142855,1270.2395100878457,-1055.0286920129658,-345.339202964262,924.9003071235837
17,700.0,0.42857142857142855,1242.9826045029704,-1133.556594937218,-371.04349291544264,871.9391115875278
17,700.0,0.42857142857142855,1275.6952038617712,-1086.0736292984473,-355.50104403968163,920.1941598220897
17,700.0,0.42857142857142855,1247.0832362844853,-1109.8203385790596,-363.27397923857563,883.8092570459097
17,700.0,0.42857142857142855,1317.2794482210254,-1149.1829096585466,-376.1584050614206,941.1210431596048
17,700.0,0.42857142857142855,1170.291241557832,-1041.6837853291095,-340.97105689134094,829.3201846664912
17,700.0,0.42857142857142855,1186.117742476602,-1007.6832056270099,-329.8417547372517,856.2759877393503
17,700.0,0.42857142857142855,1149.2622347430702,-1060.318267023052,-347.070622812681,802.1916119303892
17,700.0,0.42857142857142855,1216.291533658803,-1077.9577661310814,-352.84450423294174,863.4470294258613
17,700.0,0.42857142857142855,1267.272419496757,-1061.9548543343253,-347.6063217580606,919.6660977386964
17,700.0,0.42857142857142855,1280.9605558981393,-1042.4843455985372,-341.2331017508429,939.7274541472964
17,700.0,0.42857142857142855,1290.6929140998732,-1067.9412338972334,-349.56582443561507,941.1270896642582
17,700.0,0.42857142857142855,1264.272819339232,-1098.3003342980094,-359.5031726939951,904.7696466452369
17,700.0,0.42857142857142855,1184.4132531521238,-1084.44716555965,-354.96865881124313,829.4445943408807
17,700.0,0.42857142857142855,1269.8678870978679,-1084.7107809765735,-355.0549472114152,914.8129398864527
17,700.0,0.42857142857142855,1246.9916970195725,-1123.3699873172454,-367.7091428802042,879.2825541393684
17,700.0,0.42857142857142855,1211.0037693778354,-1047.2193947368237,-342.78301040052384,868.2207589773116
17,700.0,0.42857142857142855,1229.4724143629924,-1074.715233381468,-351.7831362494791,877.6892781135132
17,700.0,0.42857142857142855,1232.4596616832314,-1056.1611572138402,-345.70988921461264,886.7497724686187
17,700.0,0.42857142857142855,1261.5963896529074,-1078.2424947268194,-352.9377035431195,908.6586861097879
17,700.0,0.42857142857142855,1208.19843837458,-1055.0328794954778,-345.3405736396607,862.8578647349193
17,700.0,0.42857142857142855,1261.884083347211,-1099.0123434625705,-359.7362324005739,902.1478509466369
17,700.0,0.42857142857142855,1258.716134148635,-1035.3625214005483,-338.90193757416773,919.8141965744674
17,700.0,0.42857142857142855,1249.4120045126426,-1068.7360950280508,-349.82600381411146,899.5860006985312
17,700.0,0.42857142857142855,1318.3881149301399,-1121.4032767889478,-367.06538574691916,951.3227291832206
17,700.0,0.42857142857142855,1322.0667804155346,-1075.6875907198396,-352.10141489988155,969.965365515653
17,700.0,0.42857142857142855,1175.1965035838637,-962.8212091624941,-315.1572194068599,860.0392841770038
17,700.0,0.42857142857142855,1269.0446174015754,-1042.6870016760106,-341.2994365233475,927.7451808782279
17,700.0,0.42857142857142855,1255.017746625711,-1033.4675754344498,-338.2816709079179,916.736075717793
17,700.0,0.42857142857142855,1269.282611296937,-1102.7409145809434,-360.9566937851432,908.3259175117937
17,700.0,0.42857142857142855,1262.6637600788579,-1119.4928089130397,-366.44003834305266,896.2237217358052
17,700.0,0.42857142857142855,1247.4364919171628,-1124.4946786991966,-368.0772845510082,879.3592073661546
17,700.0,0.42857142857142855,1155.2933105530926,-1032.2337823142523,-337.8778173104021,817.4154932426904
17,700.0,0.42857142857142855,1246.2858714977513,-1079.7856588090901,-353.4428225586011,892.8430489391501
17,700.0,0.42857142857142855,1200.4653105871994,-1073.2581776110046,-351.3062027951991,849.1591077920002
17,700.0,0.42857142857142855,1307.9096703526122,-1097.6219543760703,-359.2811207409791,948.6285496116332
17,700.0,0.42857142857142855,1228.991891839475,-1073.2934743446406,-351.3177563633185,877.6741354761566
17,700.0,0.42857142857142855,1308.1579891668107,-1125.1273468374904,-368.2843738105452,939.8736153562654
17,700.0,0.42857142857142855,1236.6402049270496,-1080.5483286737954,-353.6924648718349,882.9477400552147
17,700.0,0.42857142857142855,1261.8169997911718,-1124.9722436208976,-368.2336043655047,893.5833954256672
17,700.0,0.42857142857142855,1307.3913582874227,-1102.9573757434096,-361.0275473324303,946.3638109549925
17,700.0,0.42857142857142855,1211.9315881175512,-1070.599452327493,-350.4359306620716,861.4956574554797
17,700.0,0.42857142857142855,1253.5204752524178,-1077.373424758952,-352.65323362083626,900.8672416315815
17,700.0,0.42857142857142855,1265.0285116793862,-1046.0833100210048,-342.41113938580077,922.6173722935854
17,700.0,0.42857142857142855,1173.0552342473022,-1010.758260023161,-330.84830256128515,842.206931686017
17,700.0,0.42857142857142855,1166.5171248557617,-1074.4150053841852,-351.6848635692439,814.8322612865179
17,700.0,0.42857142857142855,1336.2916387110397,-1087.178165349893,-355.8625883299358,980.4290503811039
17,700.0,0.42857142857142855,1182.449811149014,-1001.6768572545645,-327.87571573246555,854.5740954165485
17,700.0,0.42857142857142855,1230.8832062598858,-1009.4901513753107,-330.4332165706993,900.4499896891865
17,700.0,0.42857142857142855,1263.75566983485,-1073.9782406538743,-351.541898752277,912.2137710825731
17,700.0,0.42857142857142855,1236.253051696828,-1079.5045298409343,-353.3508015031283,882.9022501936996
17,700.0,0.42857142857142855,1289.6303604586208,-1015.0954395245855,-332.26797780184864,957.3623826567721
17,700.0,0.42857142857142855,1277.521767378552,-1062.8861449410958,-347.9111581651697,929.6106092133824
17,700.0,0.42857142857142855,1206.1268823571902,-1073.5892619528145,-351.41457558503896,854.7123067721512
17,700.0,0.42857142857142855,1247.3657723923056,-1009.2408403465532,-330.3516103806373,917.0141620116683
17,700.0,0.42857142857142855,1213.433571506331,-979.0092909331855,-320.4560129833119,892.9775585230191
17,700.0,0.42857142857142855,1189.3646819398084,-1053.663422109981,-344.8923134875139,844.4723684522945
17,700.0,0.42857142857142855,1250.449389921999,-1044.9609188740944,-342.0437506436533,908.4056392783457
17,700.0,0.42857142857142855,1246.8313154303994,-1120.3382769585644,-366.71678272278723,880.1145327076122
17,700.0,0.42857142857142855,1277.9534953368457,-1122.835739752893,-367.5342693156691,910.4192260211765
17,700.0,0.42857142857142855,1201.011382548332,-982.1621004323877,-321.4880121391597,879.5233704091722
17,700.0,0.42857142857142855,1222.4350886415286,-1119.6122526749573,-366.47913549164394,855.9559531498846
17,700.0,0.42857142857142855,1163.4206500074156,-919.6443534628702,-301.02427587016615,862.3963741372495
17,700.0,0.42857142857142855,1245.1717493249832,-1094.7938974538893,-358.3554218184406,886.8163275065426
17,700.0,0.42857142857142855,1218.1822499123557,-1089.568556932967,-356.6450276420802,861.5372222702755
17,700.0,0.42857142857142855,1241.699950076718,-1040.8449806739868,-340.69649361809945,901.0034564586186
17,700.0,0.42857142857142855,1305.464890549531,-1040.3907466397677,-340.54781062916845,964.9170799203625
17,700.0,0.42857142857142855,1265.0568405196652,-1070.16874899366,-350.29494990283166,914.7618906168336
17,700.0,0.42857142857142855,1263.934188843297,-1066.7913232829114,-349.18942783328913,914.744761010008
17,700.0,0.42857142857142855,1172.6861488365382,-1032.313651464484,-337.9039606265899,834.7821882099483
17,700.0,0.42857142857142855,1188.214980957576,-993.3211333718541,-325.1406630768462,863.0743178807298
17,700.0,0.42857142857142855,1144.5775141325435,-934.6977395559247,-305.9516531013674,838.6258610311761
17,700.0,0.42857142857142855,1178.865070990966,-998.9373328177965,-326.9789958682033,851.8860751227626
17,700.0,0.42857142857142855,1255.4431437222295,-1135.5744358225745,-371.7039863866943,883.7391573355352
17,700.0,0.42857142857142855,1206.1695115133036,-1083.3243407548841,-354.60112812124214,851.5683833920615
17,700.0,0.42857142857142855,1198.4846039612166,-970.7607999127232,-317.7560605211382,880.7285434400785
17,700.0,0.42857142857142855,1302.0617963003883,-1152.8088481171005,-377.34527202224734,924.7165242781409
17,700.0,0.42857142857142855,1293.1199753851756,-1057.7187363032897,-346.21972664877575,946.9002487363998
17,700.0,0.42857142857142855,1320.7339767197698,-1102.791355239365,-360.9732043662375,959.7607723535323
17,700.0,0.42857142857142855,1169.7640027208922,-1091.9403658710582,-357.4213843558499,812.3426183650423
17,700.0,0.42857142857142855,1225.6828928475732,-1067.2921179894774,-349.3533513797514,876.3295414678217
17,700.0,0.42857142857142855,1266.7847931968672,-1086.8219478063709,-355.7459887687171,911.0388044281501
17,700.0,0.42857142857142855,1252.5877021982926,-1081.7079283478333,-354.07203296341527,898.5156692348774
17,700.0,0.42857142857142855,1339.687057508645,-1080.1079746011012,-353.5483251667847,986.1387323418603
17,700.0,0.42857142857142855,1249.720988393739,-1077.118985942792,-352.5699489683514,897.1510394253876
17,700.0,0.42857142857142855,1131.7021314522829,-985.9610019401897,-322.7314945475301,808.9706369047528
17,700.0,0.42857142857142855,1239.4263116316329,-1117.6775145252839,-365.8458437758727,873.5804678557602
17,700.0,0.42857142857142855,1252.1063100419092,-1136.1650418791837,-371.89730759814506,880.2090024437641
17,700.0,0.42857142857142855,1266.639328676166,-1068.5872160024796,-349.77727171382065,916.8620569623454
17,700.0,0.42857142857142855,1295.6929144705177,-1062.7818311075396,-347.8770134481481,947.8159010223696
17,700.0,0.42857142857142855,1255.8414242109739,-1073.60204247641,-351.41875899338163,904.4226652175922
17,700.0,0.42857142857142855,1258.5068740339693,-1091.7460112506947,-357.35776687302985,901.1491071609395
17,700.0,0.42857142857142855,1127.5858678295,-1016.8531542011133,-332.84332498437175,794.7425428451284
17,700.0,0.42857142857142855,1307.752895410699,-1074.5678769523915,-351.7349025358805,956.0179928748184
17,700.0,0.42857142857142855,1197.8626509790095,-970.0781088254511,-317.532597408017,880.3300535709925
17,700.0,0.42857142857142855,1296.8187577496333,-1117.9560414459731,-365.93701311138284,930.8817446382504
17,700.0,0.42857142857142855,1346.2189628893082,-1094.7444361404198,-358.33923180323023,987.879731086078
17,700.0,0.42857142857142855,1193.6039507682542,-1034.5390491854596,-338.6323930200008,854.9715577482534
17,700.0,0.42857142857142855,1196.1123316334906,-1036.7022594245295,-339.3404697817609,856.7718618517297
17,700.0,0.42857142857142855,1197.4998430235007,-1082.4258400249828,-354.3070247207603,843.1928183027404
17,700.0,0.42857142857142855,1257.2730391134646,-1043.989885046742,-341.72590521392436,915.5471338995403
17,700.0,0.42857142857142855,1245.872170740951,-1091.313889799014,-357.21632192576266,888.6558488151884
17,700.0,0.42857142857142855,1244.9718176823972,-1093.465105336901,-357.9204724999435,887.0513451824536
17,700.0,0.42857142857142855,1269.6437487513929,-1076.2803012733718,-352.2954249696502,917.3483237817427
17,700.0,0.42857142857142855,1286.480544209709,-1065.323943144382,-348.70911493628296,937.7714292734261
17,700.0,0.42857142857142855,1259.8393452783212,-1155.6239273458602,-378.26672299746804,881.5726222808531
17,700.0,0.42857142857142855,1284.643582466985,-1132.8509495087962,-370.81251623047535,913.8310662365096
17,700.0,0.42857142857142855,1261.3491043593312,-1081.0933275040093,-353.8708576142005,907.4782467451307
17,700.0,0.42857142857142855,1244.4587345676293,-1037.827403860217,-339.70875974921057,904.7499748184188
17,700.0,0.42857142857142855,1270.6119024169718,-1067.6485556884104,-349.47002300374396,921.1418794132278
17,700.0,0.42857142857142855,1324.3156516509227,-1097.0465121598781,-359.09276306142385,965.2228885894989
17,700.0,0.42857142857142855,1145.4266228367203,-1010.0994586599869,-330.6326591959505,814.7939636407698
17,700.0,0.42857142857142855,1204.2129133065612,-969.5424331217113,-317.3572563751358,886.8556569314253
17,700.0,0.42857142857142855,1291.3402185851637,-1023.1182451965543,-334.8940573931142,956.4461611920494
17,700.0,0.42857142857142855,1247.101861849238,-1064.9830525705283,-348.59753230354147,898.5043295456966
17,700.0,0.42857142857142855,1275.9869471489003,-1095.5913134499674,-358.61643747289753,917.3705096760027
17,700.0,0.42857142857142855,1249.0637907619885,-994.9024189552255,-325.658260282642,923.4055304793465
17,700.0,0.42857142857142855,1256.1644501478893,-973.2025583201012,-318.5553135733242,937.6091365745651
17,700.0,0.42857142857142855,1233.8470204235912,-1033.9366591166117,-338.43521458511617,895.411805838475
17,700.0,0.42857142857142855,1191.0837631640532,-1035.2100626344231,-338.85203372872996,852.2317294353231
17,700.0,0.42857142857142855,1295.8798155983727,-1097.2362427190292,-359.1548669649207,936.724948633452
17,700.0,0.42857142857142855,1219.3780666418222,-1075.6457303091554,-352.08771286412565,867.2903537776965
17,700.0,0.42857142857142855,1237.9001251959746,-1119.3167787605003,-366.38241895029506,871.5177062456796
17,700.0,0.42857142857142855,1259.1330687310842,-1064.176365972168,-348.3334821321777,910.7995865989064
17,700.0,0.42857142857142855,1275.9403325693925,-1103.5432258650796,-361.2193117987483,914.7210207706441
17,700.0,0.42857142857142855,1234.2475383173717,-1097.433619767748,-359.2194737696493,875.0280645477224
17,700.0,0.42857142857142855,1235.3648629552388,-1099.8977039182787,-360.02603463668845,875.3388283185503
17,700.0,0.42857142857142855,1259.342267324454,-1097.7689687763468,-359.32924249937304,900.013024825081
17,700.0,0.42857142857142855,1249.8202092615736,-1101.5511450769834,-360.56725029861127,889.2529589629623
17,700.0,0.42857142857142855,1196.4001791911899,-992.5588308506887,-324.89114100501075,871.5090381861792
17,700.0,0.42857142857142855,1265.2155695661465,-1123.527814475979,-367.7608039446054,897.4547656215411
17,700.0,0.42857142857142855,1287.0554819106728,-1061.3399795144146,-347.40505672912036,939.6504251815525
17,700.0,0.42857142857142855,1228.7437075355733,-1095.0037875032374,-358.42412446406604,870.3195830715073
17,700.0,0.42857142857142855,1298.2236038899468,-1117.8963228914208,-365.9174656259093,932.3061382640376
17,700.0,0.42857142857142855,1212.1496931845882,-1086.8987193722799,-355.77111816243126,856.3785750221568
17,700.0,0.42857142857142855,1268.6057898744227,-1113.528049004544,-364.48761235855847,904.1181775158643
17,700.0,0.42857142857142855,1230.049279472556,-1091.783869103701,-357.37015876424766,872.6791207083083
17,700.0,0.42857142857142855,1210.3320681628527,-1058.9355421623998,-346.6180198598784,863.7140483029743
17,700.0,0.42857142857142855,1235.0640053004827,-1080.0807676698057,-353.53941960806407,881.5245856924187
17,700.0,0.42857142857142855,1221.2871443840681,-1033.0053084492317,-338.13035851855784,883.1567858655103
17,700.0,0.42857142857142855,1236.6971000020667,-1120.621506655824,-366.80949140326953,869.8876085987972
17,700.0,0.42857142857142855,1210.4956217077884,-1097.2463848539758,-359.15818675785647,851.3374349499319
17,700.0,0.42857142857142855,1285.6272077811795,-1043.4845783227563,-341.560504763079,944.0667030181005
17,700.0,0.42857142857142855,1282.3662629221467,-1080.284685149806,-353.6061672714659,928.7600956506808
17,700.0,0.42857142857142855,1199.557379646316,-1074.627139297849,-351.75430069187473,847.8030789544412
17,700.0,0.42857142857142855,1294.0328671719578,-1109.529597250632,-363.17881179963484,930.854055372323
17,700.0,0.42857142857142855,1251.220298734198,-1070.1183152581798,-350.2784415878018,900.9418571463962
17,700.0,0.42857142857142855,1271.8306255517764,-1136.0677944439346,-371.8654759029187,899.9651496488577
17,700.0,0.42857142857142855,1161.8070467182383,-980.1116905163018,-320.8168579501489,840.9901887680894
17,700.0,0.42857142857142855,1294.1475793441164,-1112.6409644232149,-364.1972457698607,929.9503335742556
17,700.0,0.42857142857142855,1264.74788386747,-1075.5964601186624,-352.07158540859433,912.6762984588756
17,700.0,0.42857142857142855,1241.903994203535,-1086.7335294727336,-355.7170470753803,886.1869471281545
17,700.0,0.42857142857142855,1266.49665124935,-1084.8705362119606,-355.1072393870457,911.3894118623043
17,700.0,0.42857142857142855,1211.5081768038829,-1001.3232616456766,-327.7599744008132,883.7482024030696
17,700.0,0.42857142857142855,1271.5426269155762,-1059.5315361993441,-346.8131047018813,924.729522213695
17,700.0,0.42857142857142855,1254.1208294571397,-1062.9500016594936,-347.93206018271894,906.1887692744208
17,700.0,0.42857142857142855,1234.6434911177698,-1036.9730584763329,-339.42910957840456,895.2143815393653
17,700.0,0.42857142857142855,1238.7464365223418,-1066.3665558747562,-349.05039006181613,889.6960464605256
17,700.0,0.42857142857142855,1234.6816307898466,-1014.9952212091792,-332.2351736578222,902.4464571320244
17,700.0,0.42857142857142855,1308.6322182921538,-1066.4737533825141,-349.0854786827884,959.5467396093654
17,700.0,0.42857142857142855,1267.0962416762763,-1034.1608303764722,-338.5085918541836,928.5876498220928
17,700.0,0.42857142857142855,1206.6676664937806,-991.8068681256939,-324.645003425934,882.0226630678467
17,700.0,0.42857142857142855,1293.5306741786687,-1068.36761813103,-349.7053914375086,943.8252827411602
17,700.0,0.42857142857142855,1278.5290640596056,-1120.574894541358,-366.79423400735214,911.7348300522535
17,700.0,0.42857142857142855,1199.034021564587,-1041.315532590709,-340.8505178878699,858.183503676717
17,700.0,0.42857142857142855,1212.8493727415669,-1022.7655302522138,-334.77860432660117,878.0707684149656
17,700.0,0.42857142857142855,1155.591336945444,-1045.535303762984,-342.2317622316087,813.3595747138354
17,700.0,0.42857142857142855,1258.2432503742743,-1042.8254630237138,-341.34475863811,916.8984917361643
17,700.0,0.42857142857142855,1233.2816696261161,-1028.9654705648443,-336.80801116851814,896.473658457598
17,700.0,0.42857142857142855,1283.944741692077,-1076.3664781502146,-352.3236329740278,931.6211087180493
17,700.0,0.42857142857142855,1213.5194147896816,-1058.721014047819,-346.5477990510382,866.9716157386433
17,700.0,0.42857142857142855,1272.8930630494835,-1076.1154486014673,-352.241464266256,920.6515987832275
17,700.0,0.42857142857142855,1280.472660860417,-1051.0457739143042,-344.03548698755293,936.4371738728639
17,700.0,0.42857142857142855,1204.2356079601313,-1064.4227565869637,-348.4141323923797,855.8214755677516
17,700.0,0.42857142857142855,1289.1324775100534,-1009.8349538172614,-330.54607966284533,958.586397847208
17,700.0,0.42857142857142855,1185.2593036302098,-1046.416631033003,-342.5202442978151,842.7390593323947
17,700.0,0.42857142857142855,1242.3419922072308,-1034.5273573868158,-338.6285659805511,903.7134262266796
17,700.0,0.42857142857142855,1207.6714463089143,-1077.0268610485905,-352.5397940182751,855.1316522906392
17,700.0,0.42857142857142855,1251.5775526248588,-1008.5404945317109,-330.1223684014115,921.4551842234473
17,700.0,0.42857142857142855,1319.9462844659581,-1051.5576150329055,-344.2030263211087,975.7432581448494
17,700.0,0.42857142857142855,1279.8120182003188,-1098.8643611848772,-359.6877938299281,920.1242243703907
17,700.0,0.42857142857142855,1190.6378329309644,-1055.2108865163802,-345.3988401144835,845.2389928164808
17,700.0,0.42857142857142855,1307.4356447772682,-1069.9253910356438,-350.21529231257597,957.2203524646923
17,700.0,0.42857142857142855,1254.4024885294868,-1072.001332916069,-350.8948037986744,903.5076847308125
17,700.0,0.42857142857142855,1232.7029425525986,-1106.25733886408,-362.10771381750425,870.5952287350945
17,700.0,0.42857142857142855,1255.8514858525323,-1038.496711040512,-339.92784195041634,915.9236439021159
17,700.0,0.42857142857142855,1230.5839720551953,-1027.8731906614134,-336.4504786444073,894.133493410788
17,700.0,0.42857142857142855,1258.2565917147454,-1082.6408278314495,-354.37739599909077,903.8791957156545
17,700.0,0.42857142857142855,1241.008402076888,-1108.2117411187762,-362.7474421225426,878.2609599543453
17,700.0,0.42857142857142855,1255.324740931106,-1051.5690422220687,-344.2067667467745,911.1179741843314
17,700.0,0.42857142857142855,1250.199745252777,-1030.8665944868565,-337.4303000455261,912.7694452072508
17,700.0,0.42857142857142855,1188.7159891936694,-1013.3151842060189,-331.6852524623001,857.0307367313693
17,700.0,0.42857142857142855,1313.7178281887086,-1116.07619458721,-365.3216887881538,948.3961394005548
17,700.0,0.42857142857142855,1274.611596990433,-1041.1419093320014,-340.7936863360533,933.8179106543798
17,700.0,0.42857142857142855,1199.2746155102188,-997.6591058826951,-326.5605978906724,872.7140176195464
17,700.0,0.42857142857142855,1329.4751733989776,-1114.1980574443194,-364.7069241008106,964.768249298167
17,700.0,0.42857142857142855,1263.5513248578766,-1098.6554232922867,-359.61940285076093,903.9319220071156
17,700.0,0.42857142857142855,1246.6139298200997,-1085.155614343979,-355.2005531098279,891.4133767102717
17,700.0,0.42857142857142855,1241.108468747605,-1025.9206293130303,-335.81135291740657,905.2971158301984
17,700.0,0.42857142857142855,1260.5438491776497,-1090.331364526792,-356.89471503775087,903.6491341398988
17,700.0,0.42857142857142855,1236.1113644809705,-1078.3898478009976,-352.9859361585699,883.1254283224005
17,700.0,0.42857142857142855,1290.827776819635,-1081.9346114788616,-354.1462324353229,936.681544384312
17,700.0,0.42857142857142855,1184.2300616350708,-1069.5111489828514,-350.0796997723649,834.150361862706
17,700.0,0.42857142857142855,1189.7169084555858,-1046.148222456562,-342.4323869679069,847.2845214876788
17,700.0,0.42857142857142855,1208.465051183737,-1035.191569210488,-338.84598033479847,869.6190708489385
17,700.0,0.42857142857142855,1171.675720062191,-1041.8517128113808,-341.0260240626818,830.6496959995092
17,700.0,0.42857142857142855,1217.538468664365,-1051.872280239764,-344.3060246874657,873.2324439768993
17,700.0,0.42857142857142855,1236.3122866164097,-1057.4016721021746,-346.1159430272207,890.1963435891889
17,700.0,0.42857142857142855,1299.638387360559,-1060.607157929313,-347.16518455879,952.4732028017689
17,700.0,0.42857142857142855,1240.6383778683107,-1044.3688628176153,-341.8499548083338,898.7884230599769
17,700.0,0.42857142857142855,1223.6725854996332,-1070.2832466384446,-350.33242805455444,873.3401574450788
17,700.0,0.42857142857142855,1237.489800838645,-1057.3593915814263,-346.102103478167,891.3876973604779
17,700.0,0.42857142857142855,1297.2718555495396,-1096.2508236583706,-358.8323128622978,938.4395426872418
17,700.0,0.42857142857142855,1244.942190543692,-1054.0440007158745,-345.0168870781844,899.9253034655076
17,700.0,0.42857142857142855,1259.7771504734244,-1069.2005658179846,-349.97803756789483,909.7991129055296
17,700.0,0.42857142857142855,1219.3621471741635,-1020.4668023500154,-334.0261689970347,885.3359781771288
17,700.0,0.42857142857142855,1234.33423114316,-1033.0626822221727,-338.1491384940869,896.1850926490731
17,700.0,0.42857142857142855,1212.5527059170697,-1067.0461038213489,-349.2728243406456,863.279881576424
17,700.0,0.42857142857142855,1270.7601095952773,-1038.255424600536,-339.84886242360506,930.9112471716722
17,700.0,0.42857142857142855,1241.501674574147,-1033.559322026365,-338.311702029504,903.1899725446431
17,700.0,0.42857142857142855,1282.2204018689915,-1029.9906235290748,-337.1435712440535,945.0768306249381
17,700.0,0.42857142857142855,1279.1068599948412,-1041.3133691016849,-340.8498097198543,938.2570502749869
17,700.0,0.42857142857142855,1247.2091122652546,-987.6373000909449,-323.2801919163265,923.9289203489282
17,700.0,0.42857142857142855,1206.3948685133337,-1002.8076120130559,-328.24584210912394,878.1490264042097
17,700.0,0.42857142857142855,1213.5227863059986,-982.1144386551933,-321.47241116046337,892.0503751455352
